Rk,Player,Nation,Pos,Squad,Age,Born,90s,CrdY,CrdR,2CrdY,Fls,Fld,Off,Crs,Int,TklW,PKwon,PKcon,OG,Recov,Won,Lost,Won%,Matches
1,Patrick van Aanholt\Patrick-van-Aanholt,nl NED,DF,Crystal Palace,29,1990,19.7,2,0,0,11,4,3,34,34,19,0,0,0,180,10,11,47.6,Matches
2,Tammy Abraham\Tammy-Abraham,eng ENG,FW,Chelsea,22,1997,11.6,0,0,0,22,12,5,4,2,4,1,0,0,47,39,28,58.2,Matches
3,Che Adams\Che-Adams,sco SCO,FW,Southampton,24,1996,29.6,1,0,0,29,55,19,13,11,17,0,0,0,119,47,141,25.0,Matches
4,Tosin Adarabioyo\Tosin-Adarabioyo,eng ENG,DF,Fulham,22,1997,32.8,1,0,0,16,6,2,3,55,26,0,1,1,278,100,39,71.9,Matches
5,Adrián\Adrian,es ESP,GK,Liverpool,33,1987,3.0,0,0,0,0,0,0,0,0,0,0,0,0,20,0,0,,Matches
6,Sergio Agüero\Sergio-Aguero,ar ARG,FWMF,Manchester City,32,1988,6.2,0,0,0,2,7,1,2,4,0,0,0,0,18,2,6,25.0,Matches
7,Ola Aina\Ola-Aina,ng NGA,DF,Fulham,23,1996,29.6,3,0,0,31,26,2,42,52,25,0,0,0,251,33,43,43.4,Matches
8,Rayan Aït Nouri\Rayan-Ait-Nouri,fr FRA,DF,Wolves,19,2001,15.6,1,0,0,16,19,1,30,15,16,0,1,0,118,14,21,40.0,Matches
9,Semi Ajayi\Semi-Ajayi,ng NGA,DF,West Brom,26,1993,30.9,3,1,0,28,4,1,6,41,42,0,2,0,264,85,46,64.9,Matches
10,Nathan Aké\Nathan-Ake,nl NED,DF,Manchester City,25,1995,8.9,4,0,0,8,5,0,0,6,6,0,1,0,80,30,17,63.8,Matches
11,Marc Albrighton\Marc-Albrighton,eng ENG,DFFW,Leicester City,30,1989,19.4,2,0,0,9,20,4,73,28,31,0,0,0,188,15,32,31.9,Matches
12,Thiago Alcántara\Thiago-Alcantara,es ESP,MF,Liverpool,29,1991,20.6,4,0,0,49,25,0,4,42,43,0,1,0,236,34,23,59.6,Matches
13,Toby Alderweireld\Toby-Alderweireld,be BEL,DF,Tottenham,31,1989,24.9,2,0,0,17,3,0,1,15,18,0,1,1,201,54,39,58.1,Matches
14,Rúnar Alex Rúnarsson\Runar-Alex-Runarsson,is ISL,GK,Arsenal,25,1995,0.2,0,0,0,0,0,0,0,0,0,0,0,0,2,0,0,,Matches
15,Trent Alexander-Arnold\Trent-Alexander-Arnold,eng ENG,DF,Liverpool,21,1998,33.7,2,0,0,21,9,5,182,49,36,0,1,0,336,8,28,22.2,Matches
16,Ezgjan Alioski\Ezgjan-Alioski,mk MKD,DF,Leeds United,28,1992,27.3,7,0,0,39,42,6,59,36,42,0,2,0,248,43,43,50.0,Matches
17,Alisson\Alisson,br BRA,GK,Liverpool,27,1992,33.0,1,0,0,1,5,0,0,0,0,0,1,0,170,0,1,0.0,Matches
18,Allan\Allan,br BRA,MF,Everton,29,1991,22.8,6,0,0,37,30,0,3,23,54,0,0,0,221,6,13,31.6,Matches
19,Dele Alli\Dele-Alli,eng ENG,MF,Tottenham,24,1996,6.9,0,0,0,10,12,1,7,10,15,0,0,0,66,10,13,43.5,Matches
20,Miguel Almirón\Miguel-Almiron,py PAR,MFFW,Newcastle Utd,26,1994,27.0,3,0,0,18,39,6,29,27,29,0,0,0,189,8,20,28.6,Matches
21,Marcos Alonso\Marcos-Alonso,es ESP,DF,Chelsea,29,1990,10.7,2,0,0,13,12,2,13,11,8,0,0,0,86,27,19,58.7,Matches
22,Steven Alzate\Steven-Alzate,co COL,MFDF,Brighton,21,1998,10.0,2,0,0,20,7,1,2,7,15,0,0,0,68,6,14,30.0,Matches
23,Daniel Amartey\Daniel-Amartey,gh GHA,DF,Leicester City,25,1994,8.0,3,0,0,3,1,0,0,12,6,0,0,0,94,21,15,58.3,Matches
24,Ethan Ampadu\Ethan-Ampadu,wal WAL,DFMF,Sheffield Utd,19,2000,23.2,3,0,0,25,25,1,11,39,36,0,1,1,220,66,30,68.8,Matches
25,Joachim Andersen\Joachim-Andersen,dk DEN,DF,Fulham,24,1996,30.3,7,1,0,39,15,1,4,51,26,0,1,0,335,118,40,74.7,Matches
26,Elliot Anderson\Elliot-Anderson,sco SCO,MF,Newcastle Utd,17,2002,0.0,0,0,0,0,0,0,0,0,0,0,0,0,0,0,0,,Matches
27,Felipe Anderson\Felipe-Anderson,br BRA,FWMF,West Ham,27,1993,0.0,0,0,0,0,0,0,1,0,1,0,0,0,0,0,0,,Matches
28,Michail Antonio\Michail-Antonio,eng ENG,FW,West Ham,30,1990,21.9,3,0,0,28,40,16,30,9,8,1,0,0,81,63,116,35.2,Matches
29,Alphonse Areola\Alphonse-Areola,fr FRA,GK,Fulham,27,1993,36.0,2,0,0,0,5,0,0,0,1,0,0,0,150,0,0,,Matches
30,Stuart Armstrong\Stuart-Armstrong,sco SCO,MF,Southampton,28,1992,30.7,3,0,0,35,35,4,26,30,41,0,0,0,270,8,23,25.8,Matches
31,Kepa Arrizabalaga\Kepa-Arrizabalaga,es ESP,GK,Chelsea,25,1994,6.5,1,0,0,1,0,0,0,0,0,0,0,0,34,0,0,,Matches
32,Pierre-Emerick Aubameyang\Pierre-Emerick-Aubameyang,ga GAB,FW,Arsenal,31,1989,25.9,2,0,0,13,18,18,47,6,5,0,0,1,84,31,64,32.6,Matches
33,Serge Aurier\Serge-Aurier,ci CIV,DF,Tottenham,27,1992,17.8,0,0,0,23,15,1,21,24,38,0,1,0,156,39,37,51.3,Matches
34,Charlie Austin\Charlie-Austin,eng ENG,FW,West Brom,31,1989,1.5,0,0,0,0,2,1,1,2,3,0,0,0,6,7,13,35.0,Matches
35,Jordan Ayew\Jordan-Ayew,gh GHA,FWMF,Crystal Palace,28,1991,23.3,4,0,0,45,63,5,18,29,33,0,0,0,132,31,110,22.0,Matches
36,Luke Ayling\Luke-Ayling,eng ENG,DF,Leeds United,28,1991,37.8,7,0,0,29,53,2,70,58,67,0,1,0,404,70,66,51.5,Matches
37,César Azpilicueta\Cesar-Azpilicueta,es ESP,DF,Chelsea,30,1989,24.3,5,1,0,32,14,5,29,37,31,0,0,0,243,58,48,54.7,Matches
38,Eric Bailly\Eric-Bailly,ci CIV,DF,Manchester Utd,26,1994,10.2,3,0,0,11,4,0,0,22,6,0,0,0,98,27,17,61.4,Matches
39,Fabián Balbuena\Fabian-Balbuena,py PAR,DF,West Ham,28,1991,13.3,1,1,0,12,3,0,0,14,14,0,0,0,114,26,17,60.5,Matches
40,George Baldock\George-Baldock,eng ENG,DF,Sheffield Utd,27,1993,31.0,7,0,0,46,22,10,51,35,27,0,0,0,210,29,35,45.3,Matches
41,Gareth Bale\Gareth-Bale,wal WAL,FW,Tottenham,31,1989,10.2,1,0,0,9,10,5,29,9,9,0,0,0,70,22,11,66.7,Matches
42,Patrick Bamford\Patrick-Bamford,eng ENG,FW,Leeds United,26,1993,33.9,3,0,0,36,23,18,5,13,18,3,0,0,93,54,81,40.0,Matches
43,Phil Bardsley\Phil-Bardsley,sco SCO,DF,Burnley,35,1985,3.0,2,0,0,8,4,0,7,3,4,0,0,0,39,5,5,50.0,Matches
44,Ross Barkley\Ross-Barkley,eng ENG,MF,Aston Villa,26,1993,17.0,0,0,0,12,17,5,20,5,2,1,0,0,144,25,25,50.0,Matches
45,Ross Barkley\Ross-Barkley,eng ENG,MF,Chelsea,26,1993,0.5,0,0,0,2,2,1,0,0,0,0,0,0,8,3,1,75.0,Matches
46,Ashley Barnes\Ashley-Barnes,eng ENG,FW,Burnley,30,1989,14.8,4,0,0,45,49,17,6,5,6,1,0,0,75,55,98,35.9,Matches
47,Harvey Barnes\Harvey-Barnes,eng ENG,FWMF,Leicester City,22,1997,21.6,0,0,0,16,33,1,18,16,14,0,0,0,134,22,32,40.7,Matches
48,Kyle Bartley\Kyle-Bartley,eng ENG,DF,West Brom,29,1991,28.7,4,0,0,29,8,5,4,31,18,0,1,0,260,111,55,66.9,Matches
49,Chris Basham\Chris-Basham,eng ENG,DFMF,Sheffield Utd,32,1988,28.6,5,0,0,25,28,6,24,45,46,1,1,0,295,77,63,55.0,Matches
50,Michy Batshuayi\Michy-Batshuayi,be BEL,FW,Crystal Palace,26,1993,8.1,0,0,0,11,5,11,7,2,3,1,0,0,34,11,23,32.4,Matches
51,Jan Bednarek\Jan-Bednarek,pl POL,DF,Southampton,24,1996,34.4,5,1,0,30,13,0,0,78,28,0,0,1,410,110,51,68.3,Matches
52,Donny van de Beek\Donny-van-de-Beek,nl NED,MFFW,Manchester Utd,23,1997,5.8,1,0,0,5,6,0,4,7,9,1,0,0,44,3,4,42.9,Matches
53,Héctor Bellerín\Hector-Bellerin,es ESP,DF,Arsenal,25,1995,23.2,8,0,0,21,7,1,51,13,18,1,0,0,208,32,35,47.8,Matches
54,Saïd Benrahma\Said-Benrahma,dz ALG,FWMF,West Ham,24,1995,15.5,0,0,0,14,15,2,39,13,21,0,1,0,124,3,15,16.7,Matches
55,Josh Benson\Josh-Benson,eng ENG,MF,Burnley,20,1999,2.9,0,0,0,4,1,0,4,1,5,0,1,0,24,1,4,20.0,Matches
56,Christian Benteke\Christian-Benteke,be BEL,FW,Crystal Palace,29,1990,20.2,3,1,1,35,20,15,6,5,9,0,0,0,78,211,151,58.3,Matches
57,Gaetano Berardi\Gaetano-Berardi,ch SUI,DF,Leeds United,31,1988,1.3,0,0,0,1,0,0,1,2,2,0,0,0,6,3,4,42.9,Matches
58,Jóhann Berg Guðmundsson\Johann-Berg-Gudmundsson,is ISL,MF,Burnley,29,1990,15.1,2,0,0,11,16,2,24,17,14,0,0,0,108,19,31,38.0,Matches
59,Sander Berge\Sander-Berge,no NOR,MF,Sheffield Utd,22,1998,12.4,4,0,0,14,4,2,18,3,16,0,0,0,101,16,15,51.6,Matches
60,Steven Bergwijn\Steven-Bergwijn,nl NED,FWMF,Tottenham,22,1997,13.4,3,0,0,20,16,1,12,12,10,1,0,0,80,2,16,11.1,Matches
61,Bernard\Bernard,br BRA,MFFW,Everton,27,1992,5.1,2,0,0,6,7,0,9,7,4,0,0,0,59,0,0,,Matches
62,Bernardo\Bernardo,br BRA,DFMF,Brighton,25,1995,2.3,0,0,0,1,1,0,4,0,5,0,0,0,12,5,6,45.5,Matches
63,Ryan Bertrand\Ryan-Bertrand,eng ENG,DF,Southampton,30,1989,28.9,5,0,0,29,35,3,57,31,43,0,1,0,210,34,54,38.6,Matches
64,Yves Bissouma\Yves-Bissouma,ml MLI,MF,Brighton,23,1996,34.6,8,1,0,54,32,0,8,60,74,0,0,0,364,38,22,63.3,Matches
65,Jayden Bogle\Jayden-Bogle,eng ENG,DF,Sheffield Utd,20,2000,12.3,2,0,0,15,9,1,12,20,16,0,0,0,84,16,28,36.4,Matches
66,Willy Boly\Willy-Boly,ci CIV,DF,Wolves,29,1991,20.9,2,0,0,15,8,0,0,23,26,0,1,0,180,65,22,74.7,Matches
67,Jarrod Bowen\Jarrod-Bowen,eng ENG,FWMF,West Ham,23,1996,28.5,0,0,0,15,54,14,52,22,14,0,0,0,175,20,60,25.0,Matches
68,Robbie Brady\Robbie-Brady,ie IRL,MF,Burnley,28,1992,11.7,3,0,0,21,9,2,25,9,12,0,0,0,110,21,20,51.2,Matches
69,Rhian Brewster\Rhian-Brewster,eng ENG,FW,Sheffield Utd,20,2000,12.5,1,0,0,18,13,4,13,6,8,0,0,0,61,12,45,21.1,Matches
70,Nathan Broadhead\Nathan-Broadhead,wal WAL,MF,Everton,22,1998,0.0,0,0,0,0,0,0,0,0,0,0,0,0,0,1,0,100.0,Matches
71,Josh Brownhill\Josh-Brownhill,eng ENG,MF,Burnley,24,1995,31.3,2,0,0,37,32,2,17,53,28,0,0,0,398,71,43,62.3,Matches
72,Joe Bryan\Joe-Bryan,eng ENG,DFFW,Fulham,26,1993,7.4,2,0,0,10,7,0,24,13,12,1,1,0,66,6,3,66.7,Matches
73,Kean Bryan\Kean-Bryan,eng ENG,DF,Sheffield Utd,23,1996,11.2,1,0,0,13,2,0,15,28,15,0,0,1,92,31,19,62.0,Matches
74,Oliver Burke\Oliver-Burke,sco SCO,FW,Sheffield Utd,23,1997,14.1,2,0,0,23,6,3,20,2,10,0,0,0,54,27,49,35.5,Matches
75,Dan Burn\Dan-Burn,eng ENG,DF,Brighton,28,1992,22.9,5,0,0,35,6,4,32,37,22,0,1,1,195,99,41,70.7,Matches
76,Jack Butland\Jack-Butland,eng ENG,GK,Crystal Palace,27,1993,1.0,0,0,0,0,0,0,0,0,0,0,0,0,4,0,0,,Matches
77,David Button\David-Button,eng ENG,GK,West Brom,31,1989,1.0,0,0,0,0,0,0,0,0,0,0,0,0,2,0,0,,Matches
78,Oskar Buur\Oskar-Buur,dk DEN,DF,Wolves,22,1998,0.2,0,0,0,0,0,0,0,0,0,0,0,0,2,0,0,,Matches
79,Willy Caballero\Willy-Caballero,ar ARG,GK,Chelsea,38,1981,1.0,0,0,0,0,0,0,0,0,0,0,0,0,4,0,0,,Matches
80,Gary Cahill\Gary-Cahill,eng ENG,DF,Crystal Palace,34,1985,20.0,3,0,0,12,3,3,0,19,7,0,0,0,147,80,39,67.2,Matches
81,Tom Cairney\Tom-Cairney,sco SCO,MF,Fulham,29,1991,8.4,2,0,0,4,18,1,18,1,4,1,0,0,71,2,5,28.6,Matches
82,Dominic Calvert-Lewin\Dominic-Calvert-Lewin,eng ENG,FW,Everton,23,1997,31.9,3,0,0,37,40,19,15,5,12,2,0,0,115,143,147,49.3,Matches
83,João Cancelo\Joao-Cancelo,pt POR,DF,Manchester City,26,1994,25.5,5,1,0,36,19,2,69,53,44,0,0,0,259,35,30,53.8,Matches
84,Ian Carlo Poveda\Ian-Carlo-Poveda,eng ENG,MFDF,Leeds United,20,2000,3.9,0,0,0,5,6,2,9,2,7,0,0,0,26,0,4,0.0,Matches
85,Andy Carroll\Andy-Carroll,eng ENG,FW,Newcastle Utd,31,1989,4.4,1,0,0,12,10,4,3,1,1,0,0,0,37,47,35,57.3,Matches
86,Scott Carson\Scott-Carson,eng ENG,GK,Manchester City,34,1985,1.0,0,0,0,0,0,0,0,0,0,0,0,0,5,0,0,,Matches
87,Fabio Carvalho\Fabio-Carvalho,eng ENG,MFFW,Fulham,17,2002,2.8,0,0,0,4,2,0,2,4,5,0,0,0,16,1,5,16.7,Matches
88,Matty Cash\Matty-Cash,eng ENG,DF,Aston Villa,22,1997,26.4,8,1,1,35,22,2,62,49,44,0,2,0,228,40,42,48.8,Matches
89,Kiko Casilla\Kiko-Casilla,es ESP,GK,Leeds United,33,1986,3.0,0,0,0,0,0,0,0,0,0,0,0,0,14,0,0,,Matches
90,Timothy Castagne\Timothy-Castagne,be BEL,DF,Leicester City,24,1995,26.1,1,0,0,20,13,2,37,23,34,0,0,0,220,40,42,48.8,Matches
91,Jonny Castro\Jonny-Castro,es ESP,DF,Wolves,26,1994,5.5,0,0,0,7,11,0,6,7,6,0,0,0,37,8,4,66.7,Matches
92,Ivan Cavaleiro\Ivan-Cavaleiro,pt POR,FWMF,Fulham,26,1993,27.5,2,0,0,30,28,9,70,18,21,0,0,0,173,46,89,34.1,Matches
93,Edinson Cavani\Edinson-Cavani,uy URU,FW,Manchester Utd,33,1987,15.3,4,0,0,21,13,6,5,10,11,0,0,0,73,9,19,32.1,Matches
94,Dani Ceballos\Dani-Ceballos,es ESP,MF,Arsenal,23,1996,17.9,4,0,0,22,24,0,13,24,33,0,0,0,196,7,12,36.8,Matches
95,Calum Chambers\Calum-Chambers,eng ENG,DF,Arsenal,25,1995,8.4,0,0,0,8,2,0,27,14,3,0,0,0,94,23,17,57.5,Matches
96,Ben Chilwell\Ben-Chilwell,eng ENG,DF,Chelsea,23,1996,25.4,3,0,0,23,42,8,93,29,29,0,0,0,198,44,36,55.0,Matches
97,Hamza Choudhury\Hamza-Choudhury,eng ENG,MF,Leicester City,22,1997,3.5,1,0,0,6,2,0,0,5,7,0,0,0,54,2,3,40.0,Matches
98,Andreas Christensen\Andreas-Christensen,dk DEN,DF,Chelsea,24,1996,15.2,2,1,0,9,7,0,1,26,12,0,0,0,132,45,22,67.2,Matches
99,Carney Chukwuemeka\Carney-Chukwuemeka,eng ENG,FWMF,Aston Villa,16,2004,0.2,0,0,0,2,0,0,0,0,2,0,0,0,0,1,4,20.0,Matches
100,Ciaran Clark\Ciaran-Clark,ie IRL,DF,Newcastle Utd,30,1989,21.0,3,0,0,16,11,1,0,26,14,0,1,1,168,79,35,69.3,Matches
101,Nathaniel Clyne\Nathaniel-Clyne,eng ENG,DF,Crystal Palace,29,1991,12.7,2,0,0,4,2,0,13,13,9,0,0,0,99,7,15,31.8,Matches
102,Conor Coady\Conor-Coady,eng ENG,DF,Wolves,27,1993,36.7,5,0,0,22,10,0,1,25,23,0,1,0,270,40,29,58.0,Matches
103,Séamus Coleman\Seamus-Coleman,ie IRL,DFMF,Everton,31,1988,17.9,0,0,0,12,17,0,32,22,26,0,0,0,153,13,13,50.0,Matches
104,Aaron Connolly\Aaron-Connolly,ie IRL,FW,Brighton,20,2000,8.8,0,0,0,5,16,8,2,0,5,1,0,0,28,11,30,26.8,Matches
105,Liam Cooper\Liam-Cooper,sco SCO,DF,Leeds United,28,1991,24.3,4,1,0,23,28,1,0,53,47,0,0,0,305,103,53,66.0,Matches
106,Theo Corbeanu\Theo-Corbeanu,ca CAN,FW,Wolves,18,2002,0.1,0,0,0,0,0,0,1,1,0,0,0,0,0,0,0,,Matches
107,Jack Cork\Jack-Cork,eng ENG,MF,Burnley,31,1989,15.0,2,0,0,21,12,0,4,15,16,0,0,0,154,32,21,60.4,Matches
108,Hélder Costa\Helder-Costa,pt POR,MFFW,Leeds United,26,1994,12.8,0,0,0,20,18,3,16,6,15,0,0,1,68,4,25,13.8,Matches
109,Vladimír Coufal\Vladimir-Coufal,cz CZE,DF,West Ham,27,1992,33.9,3,0,0,29,34,0,102,39,41,0,0,0,322,50,42,54.3,Matches
110,Aaron Cresswell\Aaron-Cresswell,eng ENG,DF,West Ham,30,1989,35.2,3,0,0,13,18,0,91,36,13,0,0,0,307,38,30,55.9,Matches
111,Patrick Cutrone\Patrick-Cutrone,it ITA,FWMF,Wolves,22,1998,0.3,0,0,0,0,1,0,0,0,0,0,0,0,2,1,2,33.3,Matches
112,Stuart Dallas\Stuart-Dallas,nir NIR,DFMF,Leeds United,29,1991,37.9,7,0,0,41,51,0,56,59,52,0,0,0,367,41,37,52.6,Matches
113,Scott Dann\Scott-Dann,eng ENG,DF,Crystal Palace,33,1987,15.0,1,0,0,7,6,0,0,8,7,0,0,0,148,49,34,59.0,Matches
114,Karl Darlow\Karl-Darlow,eng ENG,GK,Newcastle Utd,29,1990,25.0,3,0,0,0,3,0,0,1,0,0,0,0,103,0,0,,Matches
115,Ben Davies\Ben-Davies,wal WAL,DF,Tottenham,27,1993,15.0,1,0,0,19,14,1,24,13,13,1,0,0,101,34,20,63.0,Matches
116,Tom Davies\Tom-Davies,eng ENG,MF,Everton,22,1998,15.8,3,0,0,28,26,0,5,34,28,0,1,0,130,9,16,36.0,Matches
117,Keinan Davis\Keinan-Davis,eng ENG,FWMF,Aston Villa,22,1998,3.1,0,0,0,4,5,0,6,0,3,0,0,0,12,17,17,50.0,Matches
118,Leif Davis\Leif-Davis,eng ENG,DF,Leeds United,20,2000,0.4,0,0,0,1,0,0,0,2,0,0,0,0,2,0,1,0.0,Matches
119,Craig Dawson\Craig-Dawson,eng ENG,DF,West Ham,30,1990,21.4,5,1,1,14,12,2,0,39,11,0,0,2,153,65,28,69.9,Matches
120,Kevin De Bruyne\Kevin-De-Bruyne,be BEL,MF,Manchester City,29,1991,22.2,1,0,0,27,32,1,65,16,31,2,0,0,157,8,14,36.4,Matches
121,Liam Delap\Liam-Delap,eng ENG,FW,Manchester City,17,2003,0.4,0,0,0,1,0,0,0,0,0,0,0,0,0,1,1,50.0,Matches
122,Fabian Delph\Fabian-Delph,eng ENG,MFDF,Everton,30,1989,3.0,1,0,0,3,7,0,3,4,2,0,0,0,29,0,0,,Matches
123,Leander Dendoncker\Leander-Dendoncker,be BEL,MFDF,Wolves,25,1995,27.8,4,0,0,30,12,4,8,27,29,0,0,1,232,83,51,61.9,Matches
124,Mbaye Diagne\Mbaye-Diagne,sn SEN,FW,West Brom,28,1991,13.2,2,0,0,17,23,17,5,2,4,0,0,0,47,48,100,32.4,Matches
125,Amad Diallo\Amad-Diallo,ci CIV,FW,Manchester Utd,18,2002,1.8,0,0,0,2,4,0,0,3,3,0,0,0,11,1,2,33.3,Matches
126,Ibrahima Diallo\Ibrahima-Diallo,fr FRA,MF,Southampton,21,1999,11.3,3,0,0,22,11,0,7,16,25,0,1,0,126,8,19,29.6,Matches
127,Grady Diangana\Grady-Diangana,eng ENG,MFFW,West Brom,22,1998,13.7,0,0,0,11,35,4,15,14,19,0,0,0,80,15,37,28.8,Matches
128,Raphael Dias Belloli\Raphael-Dias-Belloli,br BRA,MF,Leeds United,23,1996,26.2,3,0,0,13,31,15,75,31,19,0,0,0,159,12,38,24.0,Matches
129,Rúben Dias\Ruben-Dias,pt POR,DF,Manchester City,23,1997,31.6,4,0,0,21,20,1,2,22,21,0,2,1,272,60,28,68.2,Matches
130,Eric Dier\Eric-Dier,eng ENG,DF,Tottenham,26,1994,28.0,3,0,0,16,13,0,4,23,15,0,2,0,269,90,48,65.2,Matches
131,Lucas Digne\Lucas-Digne,fr FRA,DF,Everton,27,1993,29.8,2,1,0,35,22,4,132,26,40,0,0,0,284,94,39,70.7,Matches
132,Virgil van Dijk\Virgil-van-Dijk,nl NED,DF,Liverpool,29,1991,4.1,1,0,0,4,2,1,0,0,1,0,0,0,48,16,7,69.6,Matches
133,Issa Diop\Issa-Diop,fr FRA,DF,West Ham,23,1997,15.3,3,0,0,8,8,1,1,14,19,0,0,1,111,30,20,60.0,Matches
134,Moussa Djenepo\Moussa-Djenepo,ml MLI,MF,Southampton,22,1998,13.8,5,0,0,29,39,3,10,11,22,1,1,0,119,11,33,25.0,Matches
135,Matt Doherty\Matt-Doherty,ie IRL,DF,Tottenham,28,1992,13.8,4,1,1,20,12,0,24,18,8,0,1,0,114,54,23,70.1,Matches
136,Gabriel Dos Santos\Gabriel-Dos-Santos,br BRA,DF,Arsenal,22,1997,22.2,4,1,1,24,26,0,3,23,17,0,1,0,177,69,45,60.5,Matches
137,Abdoulaye Doucouré\Abdoulaye-Doucoure,fr FRA,MF,Everton,27,1993,27.1,6,0,0,23,12,0,10,35,42,0,0,0,304,37,26,58.7,Matches
138,Martin Dúbravka\Martin-Dubravka,sk SVK,GK,Newcastle Utd,31,1989,13.0,0,0,0,0,5,0,0,0,0,0,0,0,65,0,0,,Matches
139,Paul Dummett\Paul-Dummett,wal WAL,DF,Newcastle Utd,28,1991,13.9,2,0,0,9,4,0,9,17,11,0,0,0,72,39,31,55.7,Matches
140,Lewis Dunk\Lewis-Dunk,eng ENG,DF,Brighton,28,1991,32.6,5,2,0,21,20,2,1,29,19,0,0,1,408,69,40,63.3,Matches
141,Jimmy Dunne\Jimmy-Dunne,ie IRL,DF,Burnley,22,1997,3.0,1,0,0,2,3,0,0,3,2,0,0,0,59,23,7,76.7,Matches
142,Ederson\Ederson,br BRA,GK,Manchester City,26,1993,36.0,3,0,0,1,4,0,0,0,0,0,0,0,132,0,0,,Matches
143,Kyle Edwards\Kyle-Edwards,eng ENG,MFFW,West Brom,22,1998,1.3,0,0,0,1,1,0,1,1,0,0,0,0,9,0,0,,Matches
144,John Egan\John-Egan,ie IRL,DF,Sheffield Utd,27,1992,29.2,7,1,0,29,11,0,2,41,30,0,0,0,259,86,57,60.1,Matches
145,Anthony Elanga\Anthony-Elanga,se SWE,FW,Manchester Utd,18,2002,1.7,0,0,0,2,4,1,1,1,1,0,0,0,7,2,4,33.3,Matches
146,Ahmed Elmohamady\Ahmed-Elmohamady,eg EGY,DF,Aston Villa,32,1987,9.3,2,0,0,6,3,0,32,27,13,0,0,0,97,27,9,75.0,Matches
147,Mohamed Elneny\Mohamed-Elneny,eg EGY,MF,Arsenal,28,1992,17.2,3,0,0,10,10,0,3,20,11,0,0,0,144,8,19,29.6,Matches
148,Jonny Evans\Jonny-Evans,nir NIR,DF,Leicester City,32,1988,27.5,7,0,0,18,12,1,2,41,12,0,0,1,354,93,38,71.0,Matches
149,Eberechi Eze\Eberechi-Eze,eng ENG,MF,Crystal Palace,22,1998,28.4,3,0,0,18,71,1,26,29,23,0,0,0,203,12,32,27.3,Matches
150,Łukasz Fabiański\Lukasz-Fabianski,pl POL,GK,West Ham,35,1985,35.0,2,0,0,1,2,0,0,0,0,0,1,0,164,0,0,,Matches
151,Fabinho\Fabinho,br BRA,DFMF,Liverpool,26,1993,28.5,6,0,0,29,27,0,2,49,51,1,2,0,319,62,52,54.4,Matches
152,Bruno Fernandes\Bruno-Fernandes,pt POR,MF,Manchester Utd,25,1994,34.4,6,0,0,43,53,3,91,22,39,0,1,0,239,13,43,23.2,Matches
153,Federico Fernández\Federico-Fernandez,ar ARG,DF,Newcastle Utd,31,1989,23.1,4,0,0,15,14,0,10,17,17,0,1,1,158,46,36,56.1,Matches
154,Fernandinho\Fernandinho,br BRA,MF,Manchester City,35,1985,13.2,6,0,0,22,10,0,6,26,22,0,0,0,132,29,18,61.7,Matches
155,Sam Field\Sam-Field,eng ENG,MF,West Brom,22,1998,0.7,0,0,0,2,1,0,0,0,7,0,0,0,12,1,2,33.3,Matches
156,Roberto Firmino\Roberto-Firmino,br BRA,FW,Liverpool,28,1991,31.5,2,0,0,22,17,4,32,10,22,0,0,0,204,25,87,22.3,Matches
157,John Fleck\John-Fleck,sco SCO,MF,Sheffield Utd,28,1991,28.6,4,0,0,33,28,1,35,38,27,0,0,0,235,9,19,32.1,Matches
158,Phil Foden\Phil-Foden,eng ENG,FWMF,Manchester City,20,2000,18.0,0,0,0,13,34,3,36,12,16,0,0,0,93,14,30,31.8,Matches
159,Wesley Fofana\Wesley-Fofana,fr FRA,DF,Leicester City,19,2000,25.1,7,0,0,37,29,2,1,51,41,1,1,0,279,94,55,63.1,Matches
160,Pablo Fornals\Pablo-Fornals,es ESP,FWMF,West Ham,24,1996,28.6,3,0,0,29,17,7,33,33,29,0,0,0,216,25,37,40.3,Matches
161,Fraser Forster\Fraser-Forster,eng ENG,GK,Southampton,32,1988,8.0,0,0,0,1,3,0,0,0,0,0,1,0,40,0,0,,Matches
162,Timothy Fosu-Mensah\Timothy-Fosu-Mensah,nl NED,DF,Manchester Utd,22,1998,0.9,1,0,0,1,0,1,5,1,1,0,0,0,11,1,0,100.0,Matches
163,Tyrese Francois\Tyrese-Francois,au AUS,DF,Fulham,20,2000,0.2,0,0,0,0,0,0,0,0,0,0,0,0,0,0,1,0.0,Matches
164,Ryan Fraser\Ryan-Fraser,sco SCO,FWMF,Newcastle Utd,26,1994,10.3,2,1,1,5,20,0,52,3,1,1,0,0,58,5,26,16.1,Matches
165,Fred\Fred,br BRA,MF,Manchester Utd,27,1993,26.6,5,0,0,46,30,1,7,47,55,0,0,0,311,10,14,41.7,Matches
166,Ryan Fredericks\Ryan-Fredericks,eng ENG,DFFW,West Ham,27,1992,6.3,2,0,0,11,10,1,18,8,6,0,0,0,56,9,14,39.1,Matches
167,Christian Fuchs\Christian-Fuchs,at AUT,DF,Leicester City,34,1986,7.8,4,0,0,14,5,0,8,12,9,0,1,0,80,24,14,63.2,Matches
168,Darnell Furlong\Darnell-Furlong,eng ENG,DF,West Brom,24,1995,32.6,5,0,0,33,33,3,73,27,17,0,2,1,212,129,75,63.2,Matches
169,Conor Gallagher\Conor-Gallagher,eng ENG,MF,West Brom,20,2000,28.1,11,0,0,43,63,0,32,39,53,0,0,0,272,24,37,39.3,Matches
170,Eric García\Eric-Garcia,es ESP,DF,Manchester City,19,2001,4.3,0,0,0,4,2,0,0,5,4,0,1,0,38,3,6,33.3,Matches
171,Dwight Gayle\Dwight-Gayle,eng ENG,FWMF,Newcastle Utd,29,1990,5.7,0,0,0,6,6,3,2,1,4,0,0,0,28,7,16,30.4,Matches
172,Jean-Philippe Gbamin\Jean-Philippe-Gbamin,ci CIV,MF,Everton,24,1995,0.1,0,0,0,0,0,0,0,0,1,0,0,0,3,0,0,,Matches
173,David de Gea\David-de-Gea,es ESP,GK,Manchester Utd,29,1990,25.5,0,0,0,0,3,0,0,0,0,0,0,0,83,0,0,,Matches
174,Anwar El Ghazi\Anwar-El-Ghazi,nl NED,FW,Aston Villa,25,1995,17.9,2,0,0,19,28,5,61,10,10,0,0,0,81,30,50,37.5,Matches
175,Kieran Gibbs\Kieran-Gibbs,eng ENG,DF,West Brom,30,1989,9.0,1,1,0,7,2,0,11,14,6,0,0,0,80,10,12,45.5,Matches
176,Morgan Gibbs-White\Morgan-Gibbs-White,eng ENG,FWMF,Wolves,20,2000,4.6,1,0,0,5,10,1,8,3,6,0,0,0,39,2,7,22.2,Matches
177,Billy Gilmour\Billy-Gilmour,sco SCO,MF,Chelsea,19,2001,2.9,0,0,0,2,2,0,3,5,1,0,1,0,25,2,1,66.7,Matches
178,Olivier Giroud\Olivier-Giroud,fr FRA,FW,Chelsea,33,1986,8.3,1,0,0,16,6,6,3,4,4,0,0,0,38,20,33,37.7,Matches
179,Ben Godfrey\Ben-Godfrey,eng ENG,DF,Everton,22,1998,29.8,4,0,0,15,17,3,7,45,29,0,1,1,238,71,36,66.4,Matches
180,André Gomes\Andre-Gomes,pt POR,MF,Everton,27,1993,17.4,3,0,0,34,14,2,17,15,34,0,1,0,175,19,17,52.8,Matches
181,Joe Gomez\Joe-Gomez,eng ENG,DF,Liverpool,23,1997,6.6,0,0,0,6,6,0,0,5,2,0,1,0,107,26,23,53.1,Matches
182,Anthony Gordon\Anthony-Gordon,eng ENG,FWMF,Everton,19,2001,1.0,0,0,0,0,2,1,1,1,2,0,0,0,9,1,2,33.3,Matches
183,Karlan Grant\Karlan-Grant,eng ENG,FWMF,West Brom,22,1997,12.5,1,0,0,9,13,7,9,11,3,0,0,0,53,13,63,17.1,Matches
184,Demarai Gray\Demarai-Gray,eng ENG,FW,Leicester City,24,1996,0.2,0,0,0,0,0,0,1,0,1,0,0,0,2,0,0,,Matches
185,Jack Grealish\Jack-Grealish,eng ENG,FWMF,Aston Villa,24,1995,24.3,6,0,0,41,109,7,59,13,19,2,0,0,199,24,40,37.5,Matches
186,Mason Greenwood\Mason-Greenwood,eng ENG,FW,Manchester Utd,18,2001,20.2,2,0,0,17,20,4,30,9,12,0,0,0,93,7,17,29.2,Matches
187,Pascal Groß\Pascal-Gross,de GER,MFDF,Brighton,29,1991,27.6,3,0,0,19,17,5,98,25,24,1,0,0,227,22,47,31.9,Matches
188,Kamil Grosicki\Kamil-Grosicki,pl POL,FWMF,West Brom,32,1988,1.6,0,0,0,1,0,0,3,0,0,0,0,0,14,0,1,0.0,Matches
189,Vicente Guaita\Vicente-Guaita,es ESP,GK,Crystal Palace,33,1987,37.0,2,0,0,0,5,0,0,0,0,0,0,0,168,0,1,0.0,Matches
190,İlkay Gündoğan\Ilkay-Gundogan,de GER,MF,Manchester City,29,1990,22.5,1,0,0,9,26,1,19,19,18,1,0,0,170,14,16,46.7,Matches
191,Antwoine Hackford\Antwoine-Hackford,eng ENG,DFFW,Sheffield Utd,16,2004,0.1,0,0,0,0,0,0,0,0,0,0,0,0,1,0,1,0.0,Matches
192,Sébastien Haller\Sebastien-Haller,ci CIV,FW,West Ham,26,1994,10.4,0,0,0,24,15,11,4,5,4,0,0,0,36,61,78,43.9,Matches
193,Rekeem Harper\Rekeem-Harper,eng ENG,MF,West Brom,20,2000,0.4,0,0,0,1,0,0,0,0,1,0,0,0,6,0,0,,Matches
194,Jack Harrison\Jack-Harrison,eng ENG,MF,Leeds United,23,1996,31.6,2,0,0,28,23,12,119,25,35,0,0,0,208,30,41,42.3,Matches
195,Kortney Hause\Kortney-Hause,eng ENG,DF,Aston Villa,25,1995,7.0,2,0,0,5,3,0,2,12,4,0,0,0,71,47,14,77.0,Matches
196,Kai Havertz\Kai-Havertz,de GER,MFFW,Chelsea,21,1999,16.9,2,0,0,27,15,7,16,11,11,2,0,0,111,25,28,47.2,Matches
197,Isaac Hayden\Isaac-Hayden,eng ENG,MFDF,Newcastle Utd,25,1995,21.6,8,0,0,38,16,1,12,46,34,0,0,0,217,55,37,59.8,Matches
198,Michael Hector\Michael-Hector,jm JAM,DF,Fulham,28,1992,2.9,2,0,0,5,3,0,0,0,5,0,0,0,25,5,3,62.5,Matches
199,Ahmed Hegazi\Ahmed-Hegazi,eg EGY,DF,West Brom,29,1991,1.0,0,0,0,0,1,0,0,0,0,0,0,0,21,8,3,72.7,Matches
200,Dean Henderson\Dean-Henderson,eng ENG,GK,Manchester Utd,23,1997,12.5,3,0,0,0,0,0,0,0,0,0,0,0,50,0,0,,Matches
201,Jordan Henderson\Jordan-Henderson,eng ENG,MFDF,Liverpool,30,1990,18.9,0,0,0,8,12,0,14,30,9,0,0,0,240,14,6,70.0,Matches
202,Jeff Hendrick\Jeff-Hendrick,ie IRL,MF,Newcastle Utd,28,1992,15.8,3,1,1,15,12,3,5,12,4,0,0,0,138,15,29,34.1,Matches
203,Pablo Hernández\Pablo-Hernandez,es ESP,MFFW,Leeds United,35,1985,4.7,1,0,0,1,6,0,11,5,2,0,0,0,51,0,3,0.0,Matches
204,Son Heung-min\Son-Heung-min,kr KOR,FW,Tottenham,28,1992,34.6,0,0,0,14,54,16,54,23,17,0,0,0,161,24,67,26.4,Matches
205,Ki-Jana Hoever\Ki-Jana-Hoever,nl NED,DF,Wolves,18,2002,6.4,1,0,0,4,4,1,15,9,10,0,0,0,63,8,11,42.1,Matches
206,Rob Holding\Rob-Holding,eng ENG,DF,Arsenal,24,1995,28.4,2,0,0,24,5,2,3,23,21,0,0,1,248,70,55,56.0,Matches
207,Mason Holgate\Mason-Holgate,eng ENG,DF,Everton,23,1996,25.4,9,0,0,28,29,1,27,41,38,0,0,0,201,42,23,64.6,Matches
208,Conor Hourihane\Conor-Hourihane,ie IRL,MF,Aston Villa,29,1991,2.5,0,0,0,1,0,0,12,0,0,0,0,0,12,3,0,100.0,Matches
209,Callum Hudson-Odoi\Callum-Hudson-Odoi,eng ENG,FWDF,Chelsea,19,2000,11.8,0,0,0,10,8,5,46,10,12,0,0,0,73,5,11,31.3,Matches
210,Niall Huggins\Niall-Huggins,wal WAL,DF,Leeds United,19,2000,0.4,0,0,0,0,0,0,1,0,0,0,0,0,7,0,0,,Matches
211,Pierre Højbjerg\Pierre-Hojbjerg,dk DEN,MF,Tottenham,24,1995,38.0,9,0,0,69,54,0,11,49,81,0,1,0,430,52,40,56.5,Matches
212,Odion Ighalo\Odion-Ighalo,ng NGA,FW,Manchester Utd,31,1989,0.1,0,0,0,0,0,0,0,0,0,0,0,0,0,0,3,0.0,Matches
213,Kelechi Iheanacho\Kelechi-Iheanacho,ng NGA,FW,Leicester City,23,1996,16.2,1,0,0,26,13,9,12,4,9,0,1,0,71,9,43,17.3,Matches
214,Danny Ings\Danny-Ings,eng ENG,FW,Southampton,28,1992,24.1,1,0,0,19,18,20,24,7,13,0,1,0,109,21,62,25.3,Matches
215,Branislav Ivanović\Branislav-Ivanovic,rs SRB,DF,West Brom,36,1984,8.5,2,0,0,11,4,1,0,3,5,0,0,0,84,19,13,59.4,Matches
216,Alex Iwobi\Alex-Iwobi,ng NGA,FWDF,Everton,24,1996,17.1,0,0,0,13,13,0,52,18,21,0,0,0,118,4,8,33.3,Matches
217,José Izquierdo\Jose-Izquierdo,co COL,DFMF,Brighton,28,1992,0.1,0,0,0,0,0,0,1,0,0,0,0,0,1,0,0,,Matches
218,Phil Jagielka\Phil-Jagielka,eng ENG,DF,Sheffield Utd,37,1982,5.8,1,1,0,8,1,0,1,12,4,0,0,1,45,15,10,60.0,Matches
219,Alireza Jahanbakhsh\Alireza-Jahanbakhsh,ir IRN,FWMF,Brighton,26,1993,5.9,3,0,0,8,4,0,28,7,5,0,0,0,41,4,13,23.5,Matches
220,Daniel James\Daniel-James,wal WAL,FW,Manchester Utd,22,1997,10.1,3,0,0,14,14,4,18,10,9,0,0,0,59,6,13,31.6,Matches
221,Reece James\Reece-James,eng ENG,DF,Chelsea,20,1999,26.4,3,0,0,31,17,1,100,41,36,0,1,0,216,36,28,56.3,Matches
222,Alexandre Jankewitz\Alexandre-Jankewitz,ch SUI,MF,Southampton,18,2001,0.0,0,1,0,1,1,0,0,0,0,0,0,0,1,0,0,,Matches
223,Daniel Jebbison\Daniel-Jebbison,eng ENG,FW,Sheffield Utd,17,2003,3.2,0,0,0,6,4,1,1,3,0,0,0,0,16,5,21,19.2,Matches
224,Gabriel Jesus\Gabriel-Jesus,br BRA,FW,Manchester City,23,1997,22.9,2,0,0,29,46,17,10,19,13,1,1,0,103,14,62,18.4,Matches
225,Raúl Jiménez\Raul-Jimenez,mx MEX,FW,Wolves,29,1991,9.1,0,0,0,9,17,4,3,6,4,0,0,1,45,17,19,47.2,Matches
226,Joelinton\Joelinton,br BRA,FWMF,Newcastle Utd,23,1996,22.0,3,0,0,23,36,6,14,20,26,1,0,0,135,98,115,46.0,Matches
227,Ben Johnson\Ben-Johnson,eng ENG,DF,West Ham,20,2000,5.8,1,0,0,6,3,0,14,11,3,0,0,0,44,5,6,45.5,Matches
228,Sam Johnstone\Sam-Johnstone,eng ENG,GK,West Brom,27,1993,37.0,1,0,0,1,4,0,0,0,0,0,1,0,196,0,0,,Matches
229,Curtis Jones\Curtis-Jones,eng ENG,MF,Liverpool,19,2001,13.1,2,0,0,18,13,1,7,17,16,0,0,0,121,12,21,36.4,Matches
230,Jorginho\Jorginho,it ITA,MF,Chelsea,28,1991,22.3,2,0,0,32,29,0,1,51,38,0,1,0,221,16,17,48.5,Matches
231,Willian José\Willian-Jose,br BRA,FW,Wolves,28,1991,12.3,0,0,0,8,10,2,7,7,2,1,0,0,55,22,30,42.3,Matches
232,Diogo Jota\Diogo-Jota,pt POR,FW,Liverpool,23,1996,12.4,2,0,0,25,20,1,16,8,10,0,0,0,76,14,38,26.9,Matches
233,James Justin\James-Justin,eng ENG,DF,Leicester City,22,1998,23.0,4,0,0,16,39,3,48,25,28,2,0,0,201,28,44,38.9,Matches
234,Ozan Kabak\Ozan-Kabak,tr TUR,DF,Liverpool,20,2000,8.9,3,0,0,12,3,0,0,12,10,0,0,0,83,28,22,56.0,Matches
235,Aboubakar Kamara\Aboubakar-Kamara,mr MTN,FWDF,Fulham,25,1995,3.5,1,1,0,9,3,0,12,2,2,0,1,0,25,8,7,53.3,Matches
236,Harry Kane\Harry-Kane,eng ENG,FW,Tottenham,27,1993,34.2,1,0,0,26,60,12,37,15,12,2,0,0,155,90,129,41.1,Matches
237,N'Golo Kanté\NGolo-Kante,fr FRA,MF,Chelsea,29,1991,23.8,7,0,0,37,7,0,8,62,57,0,0,0,284,19,31,38.0,Matches
238,Moise Kean\Moise-Kean,it ITA,FW,Everton,20,2000,0.2,0,0,0,1,0,0,0,0,0,0,0,0,2,0,0,,Matches
239,Michael Keane\Michael-Keane,eng ENG,DF,Everton,27,1993,33.2,4,0,0,15,9,0,0,43,15,0,0,0,270,125,47,72.7,Matches
240,Neeskens Kebano\Neeskens-Kebano,cd COD,FWMF,Fulham,28,1992,1.3,0,0,0,3,1,1,4,0,1,0,0,0,7,0,1,0.0,Matches
241,Naby Keïta\Naby-Keita,gn GUI,MF,Liverpool,25,1995,5.8,1,0,0,13,2,0,4,12,5,0,0,0,56,5,8,38.5,Matches
242,Caoimhín Kelleher\Caoimhin-Kelleher,ie IRL,GK,Liverpool,21,1998,2.0,0,0,0,0,0,0,0,0,0,0,0,0,6,0,0,,Matches
243,Martin Kelly\Martin-Kelly,eng ENG,DF,Crystal Palace,30,1990,0.0,0,0,0,0,0,0,0,0,0,0,0,0,2,0,0,,Matches
244,Jonjoe Kenny\Jonjoe-Kenny,eng ENG,DF,Everton,23,1997,0.9,0,0,0,0,0,1,3,1,0,0,0,0,8,0,0,,Matches
245,Reda Khadra\Reda-Khadra,de GER,FW,Brighton,19,2001,0.1,0,0,0,0,0,0,0,0,0,0,0,0,0,0,1,0.0,Matches
246,Max Kilman\Max-Kilman,eng ENG,DF,Wolves,23,1997,14.6,4,0,0,20,4,1,0,18,20,0,1,0,100,23,23,50.0,Matches
247,Joshua King\Joshua-King,no NOR,MFFW,Everton,28,1992,1.6,0,0,0,4,1,3,1,1,1,0,0,0,12,4,6,40.0,Matches
248,Mateusz Klich\Mateusz-Klich,pl POL,MF,Leeds United,30,1990,26.6,6,0,0,45,19,5,37,17,43,0,1,0,267,17,21,44.7,Matches
249,Robin Koch\Robin-Koch,de GER,DFMF,Leeds United,24,1996,12.6,1,0,0,17,8,0,1,13,18,0,2,0,159,40,25,61.5,Matches
250,Sead Kolašinac\Sead-Kolasinac,ba BIH,DF,Arsenal,27,1993,1.0,0,0,0,1,1,0,0,0,0,0,0,0,12,1,1,50.0,Matches
251,Terence Kongolo\Terence-Kongolo,nl NED,DF,Fulham,26,1994,1.0,0,0,0,1,1,0,1,0,4,0,0,0,8,2,3,40.0,Matches
252,Ezri Konsa\Ezri-Konsa,eng ENG,DF,Aston Villa,22,1997,35.5,3,0,0,19,54,1,2,27,22,0,1,0,289,91,62,59.5,Matches
253,Cheikhou Kouyaté\Cheikhou-Kouyate,sn SEN,DF,Crystal Palace,30,1989,34.7,4,0,0,36,15,0,4,38,36,0,0,0,309,94,52,64.4,Matches
254,Mateo Kovačić\Mateo-Kovacic,hr CRO,MF,Chelsea,26,1994,20.2,4,0,0,17,30,0,6,22,36,0,0,0,158,11,10,52.4,Matches
255,Emil Krafth\Emil-Krafth,se SWE,DF,Newcastle Utd,25,1994,14.3,4,0,0,12,9,1,12,21,16,0,0,0,104,22,22,50.0,Matches
256,Filip Krovinović\Filip-Krovinovic,hr CRO,MF,West Brom,24,1995,6.1,0,0,0,6,12,0,5,2,10,0,0,0,70,8,13,38.1,Matches
257,Alexandre Lacazette\Alexandre-Lacazette,fr FRA,FW,Arsenal,29,1991,21.4,3,0,0,37,54,10,4,14,19,1,0,0,99,30,61,33.0,Matches
258,Adam Lallana\Adam-Lallana,eng ENG,MFFW,Brighton,32,1988,17.7,0,0,0,18,20,3,17,16,26,0,1,0,158,13,32,28.9,Matches
259,Érik Lamela\Erik-Lamela,ar ARG,FWMF,Tottenham,28,1992,8.0,6,1,1,24,10,0,9,4,11,0,0,0,48,5,17,22.7,Matches
260,Tariq Lamptey\Tariq-Lamptey,eng ENG,DF,Brighton,19,2000,9.8,4,1,1,21,28,1,30,13,10,2,1,0,83,5,12,29.4,Matches
261,Manuel Lanzini\Manuel-Lanzini,ar ARG,MFFW,West Ham,27,1993,6.3,1,0,0,7,10,2,2,6,6,0,0,0,67,1,9,10.0,Matches
262,Aymeric Laporte\Aymeric-Laporte,es ESP,DF,Manchester City,26,1994,14.9,1,0,0,9,10,2,0,8,6,0,1,0,139,46,18,71.9,Matches
263,Jamaal Lascelles\Jamaal-Lascelles,eng ENG,DF,Newcastle Utd,26,1993,18.1,4,0,0,17,9,0,1,15,12,0,0,0,142,53,20,72.6,Matches
264,Maxime Le Marchand\Maxime-Le-Marchand,fr FRA,DF,Fulham,30,1989,1.4,2,0,0,3,1,0,0,0,1,0,0,0,11,4,3,57.1,Matches
265,Mario Lemina\Mario-Lemina,ga GAB,MF,Fulham,26,1993,18.9,5,0,0,32,15,0,5,43,36,1,0,0,191,19,27,41.3,Matches
266,Bernd Leno\Bernd-Leno,de GER,GK,Arsenal,28,1992,34.8,0,1,0,2,4,0,0,0,0,0,0,1,149,0,0,,Matches
267,Khanya Leshabela\Khanya-Leshabela,za RSA,MF,Leicester City,20,1999,0.1,0,0,0,0,0,0,0,0,0,0,0,0,2,0,0,,Matches
268,Jamal Lewis\Jamal-Lewis,nir NIR,DF,Newcastle Utd,22,1998,20.4,4,0,0,18,18,1,32,20,26,0,1,0,153,14,18,43.8,Matches
269,Victor Lindelöf\Victor-Lindelof,se SWE,DF,Manchester Utd,26,1994,28.7,0,0,0,24,8,1,1,32,16,0,1,0,265,69,36,65.7,Matches
270,Jesse Lingard\Jesse-Lingard,eng ENG,MFFW,West Ham,27,1992,15.8,3,0,0,22,24,6,23,7,10,2,0,0,88,0,6,0.0,Matches
271,Jake Livermore\Jake-Livermore,eng ENG,MF,West Brom,30,1989,13.8,2,1,0,30,6,0,4,19,19,0,0,1,143,18,19,48.6,Matches
272,Diego Llorente\Diego-Llorente,es ESP,DF,Leeds United,26,1993,13.4,1,0,0,15,9,0,2,41,27,0,0,0,117,40,26,60.6,Matches
273,Hugo Lloris\Hugo-Lloris,fr FRA,GK,Tottenham,33,1986,38.0,0,0,0,0,3,0,0,0,0,0,0,0,152,0,0,,Matches
274,Giovani Lo Celso\Giovani-Lo-Celso,ar ARG,MF,Tottenham,24,1996,10.5,5,0,0,19,20,0,3,8,23,0,0,0,105,11,18,37.9,Matches
275,Ruben Loftus-Cheek\Ruben-Loftus-Cheek,eng ENG,MFFW,Fulham,24,1996,21.2,3,0,0,29,51,3,13,23,22,1,0,0,134,43,81,34.7,Matches
276,Ruben Loftus-Cheek\Ruben-Loftus-Cheek,eng ENG,FW,Chelsea,24,1996,0.7,0,0,0,1,2,0,0,1,0,0,0,0,5,1,3,25.0,Matches
277,Kevin Long\Kevin-Long,ie IRL,DF,Burnley,29,1990,7.1,2,0,0,8,4,0,1,4,8,0,0,0,88,22,21,51.2,Matches
278,Shane Long\Shane-Long,ie IRL,FWMF,Southampton,33,1987,2.3,0,0,0,7,6,3,0,2,0,0,0,0,18,15,14,51.7,Matches
279,Matthew Longstaff\Matthew-Longstaff,eng ENG,MF,Newcastle Utd,20,2000,4.2,0,0,0,3,5,0,3,6,3,0,0,0,44,6,5,54.5,Matches
280,Sean Longstaff\Sean-Longstaff,eng ENG,MF,Newcastle Utd,22,1997,15.7,2,0,0,23,21,0,7,19,21,0,0,0,118,12,15,44.4,Matches
281,Ademola Lookman\Ademola-Lookman,eng ENG,FWMF,Fulham,22,1997,30.5,5,0,0,46,59,12,64,25,29,0,0,0,200,7,36,16.3,Matches
282,Max Lowe\Max-Lowe,eng ENG,DF,Sheffield Utd,23,1997,6.1,1,0,0,10,3,0,17,3,14,0,0,0,43,5,19,20.8,Matches
283,Matthew Lowton\Matthew-Lowton,eng ENG,DF,Burnley,31,1989,34.0,5,0,0,19,13,0,57,55,36,0,0,0,315,38,24,61.3,Matches
284,David Luiz\David-Luiz,br BRA,DF,Arsenal,33,1987,15.5,1,1,0,15,6,1,7,12,9,0,0,0,115,30,12,71.4,Matches
285,Douglas Luiz\Douglas-Luiz,br BRA,MF,Aston Villa,22,1998,30.9,10,1,1,59,49,0,13,33,43,0,2,0,375,40,43,48.2,Matches
286,John Lundstram\John-Lundstram,eng ENG,MF,Sheffield Utd,26,1994,22.6,8,1,0,24,20,1,31,21,12,0,0,0,171,18,15,54.5,Matches
287,Alexis Mac Allister\Alexis-Mac-Allister,ar ARG,MFFW,Brighton,21,1998,12.4,1,0,0,19,15,0,7,11,18,0,0,0,102,10,24,29.4,Matches
288,James Maddison\James-Maddison,eng ENG,MFFW,Leicester City,23,1996,23.3,4,0,0,19,57,5,40,11,27,2,0,0,149,3,18,14.3,Matches
289,Harry Maguire\Harry-Maguire,eng ENG,DF,Manchester Utd,27,1993,33.9,11,0,0,40,30,1,4,61,18,0,0,0,392,145,42,77.5,Matches
290,Riyad Mahrez\Riyad-Mahrez,dz ALG,FW,Manchester City,29,1991,21.7,0,0,0,13,30,7,60,6,15,0,0,0,123,15,18,45.5,Matches
291,Ainsley Maitland-Niles\Ainsley-Maitland-Niles,eng ENG,MF,West Brom,22,1997,13.7,2,0,0,10,14,0,12,25,14,1,0,0,125,8,22,26.7,Matches
292,Ainsley Maitland-Niles\Ainsley-Maitland-Niles,eng ENG,DF,Arsenal,22,1997,5.4,0,0,0,6,3,2,4,13,11,1,0,0,44,5,4,55.6,Matches
293,Josh Maja\Josh-Maja,ng NGA,FWMF,Fulham,21,1998,9.0,0,0,0,8,7,2,0,4,6,0,0,0,41,9,36,20.0,Matches
294,Sadio Mané\Sadio-Mane,sn SEN,FW,Liverpool,28,1992,31.2,3,0,0,54,78,31,63,15,32,1,0,0,160,28,80,25.9,Matches
295,Javier Manquillo\Javier-Manquillo,es ESP,DF,Newcastle Utd,26,1994,9.2,1,0,0,7,8,0,20,8,14,0,0,0,75,17,10,63.0,Matches
296,Fernando Marçal\Fernando-Marcal,br BRA,DF,Wolves,31,1989,6.9,2,0,0,12,3,0,10,8,4,0,0,0,56,9,11,45.0,Matches
297,Solly March\Solly-March,eng ENG,DF,Brighton,26,1994,18.6,0,0,0,26,26,2,71,19,35,0,1,0,186,17,22,43.6,Matches
298,Pablo Marí\Pablo-Mari,es ESP,DF,Arsenal,26,1993,10.0,2,0,0,8,4,0,0,5,11,0,1,0,72,29,16,64.4,Matches
299,Anthony Martial\Anthony-Martial,fr FRA,FW,Manchester Utd,24,1995,16.4,0,1,0,15,27,15,12,4,1,4,0,0,62,15,23,39.5,Matches
300,Martinelli\Martinelli,br BRA,FW,Arsenal,19,2001,6.5,0,0,0,9,4,1,14,8,1,0,0,0,33,6,14,30.0,Matches
301,Emiliano Martínez\Emiliano-Martinez,ar ARG,GK,Aston Villa,27,1992,38.0,1,0,0,1,9,0,0,0,0,0,0,0,178,0,0,,Matches
302,Arthur Masuaku\Arthur-Masuaku,cd COD,DFFW,West Ham,26,1993,11.2,2,0,0,10,8,1,33,6,13,0,1,0,101,10,17,37.0,Matches
303,Juan Mata\Juan-Mata,es ESP,FWMF,Manchester Utd,32,1988,5.7,0,0,0,1,4,2,7,2,2,0,0,0,28,1,3,25.0,Matches
304,Jean-Philippe Mateta\Jean-Philippe-Mateta,fr FRA,FW,Crystal Palace,23,1997,2.5,0,0,0,3,1,5,1,1,1,0,0,0,9,13,13,50.0,Matches
305,Nemanja Matić\Nemanja-Matic,rs SRB,MF,Manchester Utd,31,1988,12.3,2,0,0,14,7,0,6,18,15,0,0,0,127,19,8,70.4,Matches
306,Joël Matip\Joel-Matip,cm CMR,DF,Liverpool,28,1991,7.7,2,0,0,10,4,0,0,4,11,0,0,0,82,24,11,68.6,Matches
307,Neal Maupay\Neal-Maupay,fr FRA,FWMF,Brighton,23,1996,27.9,1,1,0,29,44,12,11,12,18,1,1,0,117,26,68,27.7,Matches
308,James McArthur\James-McArthur,sco SCO,MF,Crystal Palace,32,1987,16.3,3,0,0,32,14,0,7,23,26,0,0,0,207,20,20,50.0,Matches
309,Oliver McBurnie\Oliver-McBurnie,sco SCO,FW,Sheffield Utd,24,1996,14.7,2,0,0,24,26,4,3,8,7,1,0,0,65,140,118,54.3,Matches
310,Alex McCarthy\Alex-McCarthy,eng ENG,GK,Southampton,30,1989,30.0,2,0,0,0,2,0,0,0,0,0,0,0,130,0,0,,Matches
311,James McCarthy\James-McCarthy,ie IRL,MF,Crystal Palace,29,1990,9.1,1,0,0,6,4,0,5,8,8,0,0,0,112,7,8,46.7,Matches
312,John McGinn\John-McGinn,sco SCO,MF,Aston Villa,25,1994,37.0,12,0,0,45,77,2,30,45,46,1,0,0,304,27,50,35.1,Matches
313,David McGoldrick\David-McGoldrick,ie IRL,FWMF,Sheffield Utd,32,1987,26.6,7,0,0,44,32,17,24,12,16,0,0,0,146,94,133,41.4,Matches
314,Dwight McNeil\Dwight-McNeil,eng ENG,MF,Burnley,20,1999,34.1,1,0,0,12,39,2,114,38,22,0,0,0,272,22,30,42.3,Matches
315,Scott McTominay\Scott-McTominay,sco SCO,MF,Manchester Utd,23,1996,23.7,3,0,0,47,41,1,9,51,29,0,0,0,215,49,34,59.0,Matches
316,Ben Mee\Ben-Mee,eng ENG,DF,Burnley,30,1989,29.9,3,0,0,15,20,1,1,35,24,0,0,0,338,128,57,69.2,Matches
317,Hannibal Mejbri\Hannibal-Mejbri,tn TUN,MF,Manchester Utd,17,2003,0.1,0,0,0,0,1,0,0,0,0,0,0,0,1,0,0,,Matches
318,Benjamin Mendy\Benjamin-Mendy,fr FRA,DF,Manchester City,26,1994,10.6,2,0,0,14,0,1,26,6,10,0,1,0,81,11,13,45.8,Matches
319,Edouard Mendy\Edouard-Mendy,sn SEN,GK,Chelsea,28,1992,30.5,2,0,0,1,2,0,0,0,0,0,1,0,118,0,1,0.0,Matches
320,Nampalys Mendy\Nampalys-Mendy,sn SEN,MF,Leicester City,28,1992,16.2,5,0,0,21,29,0,0,9,22,0,0,0,199,12,17,41.4,Matches
321,Illan Meslier\Illan-Meslier,fr FRA,GK,Leeds United,20,2000,35.0,0,0,0,1,8,0,0,0,0,0,1,1,173,0,0,,Matches
322,Luka Milivojević\Luka-Milivojevic,rs SRB,MF,Crystal Palace,29,1991,26.2,8,1,0,37,33,0,15,44,44,0,0,0,270,33,23,58.9,Matches
323,James Milner\James-Milner,eng ENG,MFDF,Liverpool,34,1986,11.9,3,0,0,19,11,0,17,16,14,0,0,0,141,25,14,64.1,Matches
324,Yerry Mina\Yerry-Mina,co COL,DF,Everton,25,1994,21.5,2,0,0,22,11,0,0,13,12,0,0,0,168,68,27,71.6,Matches
325,Takumi Minamino\Takumi-Minamino,jp JPN,MFFW,Liverpool,25,1995,3.3,0,0,0,4,2,1,3,0,3,0,0,0,21,3,2,60.0,Matches
326,Takumi Minamino\Takumi-Minamino,jp JPN,MFFW,Southampton,25,1995,7.9,1,0,0,7,11,1,7,8,2,0,0,0,62,4,11,26.7,Matches
327,Tyrone Mings\Tyrone-Mings,eng ENG,DF,Aston Villa,27,1993,35.5,6,1,1,20,19,3,2,38,18,0,0,1,370,109,35,75.7,Matches
328,Tyrick Mitchell\Tyrick-Mitchell,eng ENG,DF,Crystal Palace,20,1999,19.0,1,0,0,8,11,0,22,30,29,0,1,0,122,16,13,55.2,Matches
329,Aleksandar Mitrović\Aleksandar-Mitrovic,rs SRB,FW,Fulham,25,1994,15.6,3,0,0,23,23,3,8,3,9,0,1,0,55,68,76,47.2,Matches
330,Jakub Moder\Jakub-Moder,pl POL,DFMF,Brighton,21,1999,7.2,0,0,0,12,3,2,13,8,8,0,0,0,47,6,12,33.3,Matches
331,Jayson Molumby\Jayson-Molumby,ie IRL,MF,Brighton,20,1999,0.0,0,0,0,0,0,0,0,0,0,0,0,0,1,0,0,,Matches
332,Wesley Moraes\Wesley-Moraes,br BRA,MFFW,Aston Villa,23,1996,0.2,0,0,0,0,1,0,0,0,0,0,0,0,3,0,1,0.0,Matches
333,Wes Morgan\Wes-Morgan,jm JAM,DF,Leicester City,36,1984,0.2,0,0,0,0,0,0,0,0,0,0,0,0,2,0,0,,Matches
334,Mason Mount\Mason-Mount,eng ENG,MFFW,Chelsea,21,1999,32.1,2,0,0,51,44,4,65,36,44,2,0,0,244,21,52,28.8,Matches
335,Lucas Moura\Lucas-Moura,br BRA,FWMF,Tottenham,27,1992,15.7,1,0,0,23,47,3,11,20,22,0,0,0,128,26,42,38.2,Matches
336,Lys Mousset\Lys-Mousset,fr FRA,FWMF,Sheffield Utd,24,1996,3.3,0,0,0,7,2,5,0,0,0,0,0,0,12,1,20,4.8,Matches
337,João Moutinho\Joao-Moutinho,pt POR,MF,Wolves,33,1986,28.1,5,1,1,44,24,0,43,39,46,0,1,0,279,20,24,45.5,Matches
338,Joel Mumbongo\Joel-Mumbongo,se SWE,FW,Burnley,21,1999,0.4,1,0,0,1,2,1,0,0,0,0,0,0,1,0,3,0.0,Matches
339,Jacob Murphy\Jacob-Murphy,eng ENG,DFMF,Newcastle Utd,25,1995,18.1,3,0,0,23,23,2,38,20,35,0,0,0,108,5,19,20.8,Matches
340,Shkodran Mustafi\Shkodran-Mustafi,de GER,DF,Arsenal,28,1992,0.5,0,0,0,1,0,0,0,0,1,0,0,0,5,2,0,100.0,Matches
341,Marvelous Nakamba\Marvelous-Nakamba,zw ZIM,MF,Aston Villa,26,1994,8.3,3,0,0,7,10,0,1,11,14,0,0,0,68,8,8,50.0,Matches
342,Iliman Ndiaye\Iliman-Ndiaye,fr FRA,MF,Sheffield Utd,21,1999,0.1,0,0,0,0,0,0,0,0,0,0,0,0,0,0,0,,Matches
343,Wilfred Ndidi\Wilfred-Ndidi,ng NGA,MFDF,Leicester City,23,1996,24.2,6,0,0,53,16,0,3,62,73,0,1,0,300,52,35,59.8,Matches
344,Tanguy Ndombele\Tanguy-Ndombele,fr FRA,MF,Tottenham,23,1996,23.2,3,0,0,27,60,0,8,30,32,0,0,0,206,14,19,42.4,Matches
345,Reiss Nelson\Reiss-Nelson,eng ENG,FW,Arsenal,20,1999,0.8,0,0,0,2,1,0,4,1,0,0,0,0,4,0,0,,Matches
346,Pedro Neto\Pedro-Neto,pt POR,FWMF,Wolves,20,2000,28.3,4,0,0,24,42,4,127,29,18,0,0,0,151,20,39,33.9,Matches
347,Rúben Neves\Ruben-Neves,pt POR,MF,Wolves,23,1997,29.7,8,0,0,45,18,0,17,46,66,0,0,0,329,27,22,55.1,Matches
348,Eddie Nketiah\Eddie-Nketiah,eng ENG,FW,Arsenal,21,1999,4.7,0,0,0,11,11,0,4,1,3,0,0,0,12,3,18,14.3,Matches
349,Niels Nkounkou\Niels-Nkounkou,fr FRA,DFFW,Everton,19,2000,0.9,1,0,0,1,0,0,2,0,0,0,0,0,4,0,0,,Matches
350,Dan Nlundulu\Dan-Nlundulu,eng ENG,FW,Southampton,21,1999,1.2,0,0,0,6,0,1,0,0,0,0,0,0,6,6,5,54.5,Matches
351,Mark Noble\Mark-Noble,eng ENG,MF,West Ham,33,1987,7.9,1,0,0,9,8,1,4,11,5,0,0,0,77,7,2,77.8,Matches
352,Will Norris\Will-Norris,eng ENG,GK,Burnley,26,1993,2.0,0,0,0,0,0,0,0,0,0,0,0,0,6,0,0,,Matches
353,Oliver Norwood\Oliver-Norwood,nir NIR,MF,Sheffield Utd,29,1991,24.7,6,0,0,26,10,0,40,39,29,0,0,0,263,17,23,42.5,Matches
354,Jack O'Connell\Jack-OConnell,eng ENG,DF,Sheffield Utd,26,1994,2.0,0,0,0,0,0,1,1,0,1,0,0,0,21,5,10,33.3,Matches
355,Dara O'Shea\Dara-OShea,ie IRL,DF,West Brom,21,1999,23.4,3,0,0,13,17,0,8,39,30,0,1,0,213,72,42,63.2,Matches
356,Michael Obafemi\Michael-Obafemi,ie IRL,FW,Southampton,20,2000,0.7,0,0,0,1,3,0,1,1,1,0,0,0,3,0,3,0.0,Matches
357,Denis Odoi\Denis-Odoi,be BEL,DF,Fulham,32,1988,3.0,1,0,0,7,4,1,4,1,0,0,0,0,35,7,6,53.8,Matches
358,Angelo Ogbonna\Angelo-Ogbonna,it ITA,DF,West Ham,32,1988,27.7,5,0,0,28,9,1,3,27,20,0,0,0,227,77,36,68.1,Matches
359,Robin Olsen\Robin-Olsen,se SWE,GK,Everton,30,1990,7.0,1,0,0,0,1,0,0,0,0,0,0,0,22,0,0,,Matches
360,Josh Onomah\Josh-Onomah,eng ENG,MF,Fulham,23,1997,4.2,1,0,0,12,0,0,1,3,5,0,0,0,34,4,7,36.4,Matches
361,Divock Origi\Divock-Origi,be BEL,FW,Liverpool,25,1995,2.1,0,0,0,0,1,0,3,1,4,0,0,0,15,3,8,27.3,Matches
362,Ben Osborn\Ben-Osborn,eng ENG,MFDF,Sheffield Utd,25,1994,17.8,1,0,0,10,15,4,46,16,16,0,0,0,150,13,22,37.1,Matches
363,Owen Otasowie\Owen-Otasowie,us USA,MFFW,Wolves,19,2001,2.1,1,0,0,3,6,0,0,3,5,0,0,0,18,8,8,50.0,Matches
364,Alex Oxlade-Chamberlain\Alex-Oxlade-Chamberlain,eng ENG,FWMF,Liverpool,26,1993,2.8,0,0,0,3,1,0,1,1,1,0,0,0,33,2,4,33.3,Matches
365,Emerson Palmieri\Emerson-Palmieri,it ITA,DF,Chelsea,25,1994,1.0,0,0,0,3,0,0,1,1,2,0,0,0,11,3,0,100.0,Matches
366,Thomas Partey\Thomas-Partey,gh GHA,MF,Arsenal,27,1993,17.0,5,0,0,18,17,0,2,26,30,0,0,0,198,22,21,51.2,Matches
367,Rui Patrício\Rui-Patricio,pt POR,GK,Wolves,32,1988,37.0,1,0,0,0,1,0,0,0,0,0,0,0,143,0,0,,Matches
368,Bailey Peacock-Farrell\Bailey-Peacock-Farrell,nir NIR,GK,Burnley,23,1996,4.0,0,0,0,0,1,0,0,0,0,0,0,0,16,0,0,,Matches
369,Lee Peltier\Lee-Peltier,eng ENG,DF,West Brom,33,1986,2.5,1,0,0,4,0,0,2,2,7,0,0,0,16,6,2,75.0,Matches
370,Nicolas Pépé\Nicolas-Pepe,ci CIV,FW,Arsenal,25,1995,18.0,1,1,0,10,26,4,35,18,16,0,0,0,103,35,32,52.2,Matches
371,Matheus Pereira\Matheus-Pereira,br BRA,MFFW,West Brom,24,1996,28.6,2,1,0,35,52,14,58,29,20,1,0,0,204,15,50,23.1,Matches
372,Ricardo Pereira\Ricardo-Pereira,pt POR,DF,Leicester City,26,1993,10.7,3,0,0,18,8,1,15,16,18,0,0,0,88,11,13,45.8,Matches
373,Ayoze Pérez\Ayoze-Perez,es ESP,MFFW,Leicester City,27,1993,14.8,2,0,0,31,23,7,18,19,15,0,0,0,94,9,41,18.0,Matches
374,Kalvin Phillips\Kalvin-Phillips,eng ENG,MF,Leeds United,24,1995,27.0,10,0,0,47,32,0,25,49,44,0,0,0,325,31,35,47.0,Matches
375,Matt Phillips\Matt-Phillips,sco SCO,MFFW,West Brom,29,1991,20.3,1,0,0,30,7,8,52,19,14,0,0,0,150,15,46,24.6,Matches
376,Nathaniel Phillips\Nathaniel-Phillips,eng ENG,DF,Liverpool,23,1997,16.2,2,0,0,20,9,0,2,29,12,0,0,0,184,103,39,72.5,Matches
377,Jaden Philogene Bidace\Jaden-Philogene-Bidace,eng ENG,FW,Aston Villa,18,2002,0.0,0,0,0,0,0,1,0,1,0,0,0,0,0,0,0,,Matches
378,Jordan Pickford\Jordan-Pickford,eng ENG,GK,Everton,26,1994,30.5,1,0,0,1,3,0,0,0,0,0,1,0,160,0,0,,Matches
379,Erik Pieters\Erik-Pieters,nl NED,DFMF,Burnley,31,1988,14.1,1,0,0,26,20,1,15,10,27,1,0,1,129,20,12,62.5,Matches
380,Daniel Podence\Daniel-Podence,pt POR,MFFW,Wolves,24,1995,18.5,3,0,0,15,27,5,28,15,7,0,0,0,113,8,21,27.6,Matches
381,Paul Pogba\Paul-Pogba,fr FRA,MFFW,Manchester Utd,27,1993,21.1,3,0,0,41,37,4,24,25,26,2,2,0,210,55,38,59.1,Matches
382,Nick Pope\Nick-Pope,eng ENG,GK,Burnley,28,1992,32.0,1,0,0,2,3,0,0,1,0,0,2,0,164,0,1,0.0,Matches
383,Dennis Praet\Dennis-Praet,be BEL,MFFW,Leicester City,26,1994,8.0,0,0,0,12,2,0,18,9,7,0,0,0,62,5,11,31.3,Matches
384,Davy Pröpper\Davy-Propper,nl NED,MF,Brighton,28,1991,2.4,0,0,0,1,0,0,2,2,5,0,0,0,12,3,4,42.9,Matches
385,Christian Pulisic\Christian-Pulisic,us USA,FWMF,Chelsea,21,1998,19.3,2,0,0,14,33,5,31,9,17,0,0,0,120,21,48,30.4,Matches
386,Aaron Ramsdale\Aaron-Ramsdale,eng ENG,GK,Sheffield Utd,22,1998,38.0,1,0,0,1,5,0,0,0,0,0,1,0,183,0,0,,Matches
387,Jacob Ramsey\Jacob-Ramsey,eng ENG,MF,Aston Villa,19,2001,7.0,0,0,0,13,11,2,7,6,7,0,0,0,54,5,17,22.7,Matches
388,Kayne Ramsey\Kayne-Ramsey,eng ENG,DF,Southampton,19,2000,1.0,1,0,0,1,0,0,0,1,3,0,0,0,6,1,1,50.0,Matches
389,Darren Randolph\Darren-Randolph,ie IRL,GK,West Ham,33,1987,3.0,0,0,0,0,1,0,0,0,0,0,0,0,7,0,0,,Matches
390,Marcus Rashford\Marcus-Rashford,eng ENG,FW,Manchester Utd,22,1997,32.4,4,0,0,25,42,27,43,10,10,2,0,0,142,23,22,51.1,Matches
391,Tim Ream\Tim-Ream,us USA,DF,Fulham,32,1987,7.0,0,0,0,3,0,0,0,4,4,0,0,0,63,11,9,55.0,Matches
392,Nathan Redmond\Nathan-Redmond,eng ENG,MFFW,Southampton,26,1994,19.3,1,0,0,30,15,4,34,18,17,0,1,0,121,11,37,22.9,Matches
393,Harrison Reed\Harrison-Reed,eng ENG,MF,Fulham,25,1995,25.0,5,0,0,40,25,1,13,52,42,0,0,0,332,28,28,50.0,Matches
394,Sergio Reguilón\Sergio-Reguilon,es ESP,DF,Tottenham,23,1996,24.9,5,0,0,26,20,1,59,35,27,1,1,1,215,30,31,49.2,Matches
395,Bobby Reid\Bobby-Reid,jm JAM,MFDF,Fulham,27,1993,26.4,7,0,0,37,22,4,35,17,20,1,0,0,157,26,41,38.8,Matches
396,Declan Rice\Declan-Rice,eng ENG,MF,West Ham,21,1999,32.0,2,0,0,22,14,1,29,68,53,0,1,0,315,47,29,61.8,Matches
397,Lewis Richardson\Lewis-Richardson,eng ENG,FWMF,Burnley,17,2003,0.0,0,0,0,0,0,0,0,0,0,0,0,0,0,0,1,0.0,Matches
398,Richarlison\Richarlison,br BRA,FW,Everton,23,1997,31.8,4,1,0,34,73,25,23,20,30,1,0,0,186,42,81,34.1,Matches
399,Jaïro Riedewald\Jairo-Riedewald,nl NED,MF,Crystal Palace,23,1996,20.2,4,0,0,22,5,0,5,24,21,0,0,0,160,14,15,48.3,Matches
400,Matt Ritchie\Matt-Ritchie,sco SCO,DFMF,Newcastle Utd,30,1989,15.0,2,0,0,12,19,1,59,23,9,1,0,1,103,15,21,41.7,Matches
401,Tyler Roberts\Tyler-Roberts,wal WAL,MFFW,Leeds United,21,1999,14.9,3,0,0,23,33,9,9,9,8,0,0,0,99,20,24,45.5,Matches
402,Andrew Robertson\Andrew-Robertson,sco SCO,DF,Liverpool,26,1994,37.6,2,0,0,23,10,8,147,34,28,0,1,0,380,39,27,59.1,Matches
403,Antonee Robinson\Antonee-Robinson,us USA,DF,Fulham,22,1997,24.0,4,1,0,20,8,1,93,44,27,0,0,0,219,39,28,58.2,Matches
404,Callum Robinson\Callum-Robinson,ie IRL,FWMF,West Brom,25,1995,17.3,0,0,0,3,19,8,35,14,7,2,0,0,104,13,50,20.6,Matches
405,Jack Robinson\Jack-Robinson,eng ENG,DF,Sheffield Utd,26,1993,9.7,3,0,0,10,6,0,11,17,10,1,1,0,91,28,24,53.8,Matches
406,Hal Robson-Kanu\Hal-Robson-Kanu,wal WAL,FW,West Brom,31,1989,6.2,2,0,0,15,10,4,3,4,3,0,0,0,26,7,29,19.4,Matches
407,Marek Rodák\Marek-Rodak,sk SVK,GK,Fulham,23,1996,2.0,0,0,0,0,0,0,0,0,0,0,0,0,4,0,0,,Matches
408,Joe Rodon\Joe-Rodon,wal WAL,DF,Tottenham,22,1997,8.1,0,0,0,2,8,1,0,13,9,0,0,0,73,24,11,68.6,Matches
409,Rodri\Rodri,es ESP,MF,Manchester City,24,1996,30.5,6,0,0,44,30,3,12,40,60,0,0,0,417,91,28,76.5,Matches
410,Rodrigo\Rodrigo,es ESP,MFFW,Leeds United,29,1991,14.3,3,0,0,20,9,3,20,9,13,0,1,0,101,25,34,42.4,Matches
411,James Rodríguez\James-Rodriguez,co COL,FWMF,Everton,29,1991,19.6,4,0,0,17,40,6,35,16,14,1,0,0,141,5,15,25.0,Matches
412,Jay Rodriguez\Jay-Rodriguez,eng ENG,FWMF,Burnley,31,1989,14.1,3,0,0,31,18,15,4,4,14,0,0,0,69,46,85,35.1,Matches
413,Oriol Romeu\Oriol-Romeu,es ESP,MF,Southampton,28,1991,19.6,6,0,0,30,23,0,5,27,35,0,0,0,279,35,28,55.6,Matches
414,John Ruddy\John-Ruddy,eng ENG,GK,Wolves,33,1986,1.0,0,0,0,0,0,0,0,0,0,0,0,0,8,0,0,,Matches
415,Antonio Rüdiger\Antonio-Rudiger,de GER,DF,Chelsea,27,1993,19.0,0,0,0,16,11,1,1,15,18,0,0,1,162,50,16,75.8,Matches
416,Mathew Ryan\Mathew-Ryan,au AUS,GK,Brighton,28,1992,11.0,1,0,0,1,0,0,0,0,0,0,1,0,42,0,0,,Matches
417,Mathew Ryan\Mathew-Ryan,au AUS,GK,Arsenal,28,1992,3.0,0,0,0,0,0,0,0,0,0,0,0,0,15,0,1,0.0,Matches
418,Allan Saint-Maximin\Allan-Saint-Maximin,fr FRA,FWMF,Newcastle Utd,23,1997,17.3,0,0,0,11,45,5,21,9,11,0,1,0,100,5,13,27.8,Matches
419,Romain Saïss\Romain-Saiss,ma MAR,DF,Wolves,30,1990,26.7,2,0,0,29,11,1,17,38,18,0,2,0,220,89,53,62.7,Matches
420,Bukayo Saka\Bukayo-Saka,eng ENG,FWDF,Arsenal,18,2001,28.4,1,0,0,28,64,15,82,27,19,1,0,1,176,15,43,25.9,Matches
421,Mamadou Sakho\Mamadou-Sakho,fr FRA,DF,Crystal Palace,30,1990,3.1,0,0,0,2,1,0,0,0,2,0,1,0,17,5,8,38.5,Matches
422,Mohamed Salah\Mohamed-Salah,eg EGY,FW,Liverpool,28,1992,34.2,0,0,0,22,22,13,47,9,13,2,0,0,191,21,52,28.8,Matches
423,Mohammed Salisu\Mohammed-Salisu,gh GHA,DF,Southampton,21,1999,9.4,1,0,0,10,4,0,2,26,19,0,0,0,75,26,18,59.1,Matches
424,Davinson Sánchez\Davinson-Sanchez,co COL,DF,Tottenham,24,1996,16.5,1,0,0,22,9,0,0,14,25,0,3,1,153,50,30,62.5,Matches
425,Robert Sánchez\Robert-Sanchez,es ESP,GK,Brighton,22,1997,27.0,2,0,0,2,4,0,0,0,0,0,1,0,134,1,1,50.0,Matches
426,Morgan Sanson\Morgan-Sanson,fr FRA,MF,Aston Villa,25,1994,3.3,3,0,0,6,7,2,8,7,5,0,0,0,31,5,4,55.6,Matches
427,Romaine Sawyers\Romaine-Sawyers,kn SKN,MF,West Brom,28,1991,16.5,2,0,0,18,14,0,5,22,19,0,0,1,176,13,6,68.4,Matches
428,Dane Scarlett\Dane-Scarlett,eng ENG,FW,Tottenham,16,2004,0.0,0,0,0,0,0,0,0,0,0,0,0,0,0,0,0,,Matches
429,Fabian Schär\Fabian-Schar,ch SUI,DF,Newcastle Utd,28,1991,13.8,4,1,0,22,15,1,3,22,9,0,0,0,123,20,25,44.4,Matches
430,Jeffrey Schlupp\Jeffrey-Schlupp,gh GHA,MF,Crystal Palace,27,1992,15.9,3,0,0,25,17,0,27,21,20,0,0,0,116,32,43,42.7,Matches
431,Kasper Schmeichel\Kasper-Schmeichel,dk DEN,GK,Leicester City,33,1986,38.0,0,0,0,0,4,0,0,0,0,0,0,1,161,0,0,,Matches
432,Nélson Semedo\Nelson-Semedo,pt POR,DF,Wolves,26,1993,33.1,5,0,0,42,34,2,48,44,53,0,1,1,264,43,42,50.6,Matches
433,Femi Seriki\Femi-Seriki,eng ENG,DF,Sheffield Utd,,,0.0,0,0,0,0,0,0,0,0,0,0,0,0,0,0,0,,Matches
434,Jamie Shackleton\Jamie-Shackleton,eng ENG,MFDF,Leeds United,20,1999,5.1,0,0,0,3,2,1,2,6,5,0,0,0,36,4,6,40.0,Matches
435,Xherdan Shaqiri\Xherdan-Shaqiri,ch SUI,MFFW,Liverpool,28,1991,6.2,2,0,0,11,6,0,11,4,4,0,0,0,61,3,7,30.0,Matches
436,Billy Sharp\Billy-Sharp,eng ENG,FW,Sheffield Utd,34,1986,8.2,1,0,0,15,14,11,7,3,5,0,0,0,26,13,36,26.5,Matches
437,Luke Shaw\Luke-Shaw,eng ENG,DF,Manchester Utd,25,1995,29.5,8,0,0,42,29,3,92,29,44,0,0,1,267,34,36,48.6,Matches
438,Jonjo Shelvey\Jonjo-Shelvey,eng ENG,MF,Newcastle Utd,28,1992,29.1,7,0,0,31,10,0,37,43,25,0,0,0,244,34,26,56.7,Matches
439,Shola Shoretire\Shola-Shoretire,eng ENG,FW,Manchester Utd,16,2004,0.1,0,0,0,0,0,0,0,0,0,0,0,0,0,1,1,50.0,Matches
440,Gylfi Sigurðsson\Gylfi-Sigurdsson,is ISL,MF,Everton,30,1989,25.0,2,0,0,22,18,0,31,31,21,0,0,0,176,8,12,40.0,Matches
441,Bernardo Silva\Bernardo-Silva,pt POR,MFFW,Manchester City,25,1994,22.9,5,0,0,17,18,3,27,21,21,0,0,0,137,10,29,25.6,Matches
442,Fábio Silva\Fabio-Silva,pt POR,FW,Wolves,18,2002,15.2,2,0,0,20,21,5,6,5,6,1,0,0,66,32,76,29.6,Matches
443,Thiago Silva\Thiago-Silva,br BRA,DF,Chelsea,35,1984,21.5,5,1,1,14,16,0,1,28,13,0,0,0,227,55,20,73.3,Matches
444,Moussa Sissoko\Moussa-Sissoko,fr FRA,MF,Tottenham,30,1989,17.6,3,0,0,21,9,0,10,16,20,0,0,0,182,17,24,41.5,Matches
445,Islam Slimani\Islam-Slimani,dz ALG,FW,Leicester City,32,1988,0.2,0,0,0,0,0,0,1,0,0,0,0,0,0,3,1,75.0,Matches
446,William Smallbone\William-Smallbone,ie IRL,MF,Southampton,20,2000,1.9,0,0,0,3,2,0,2,1,4,0,0,0,12,3,4,42.9,Matches
447,Emile Smith-Rowe\Emile-Smith-Rowe,eng ENG,MFFW,Arsenal,20,2000,16.0,0,0,0,5,20,4,19,14,8,0,0,0,106,8,9,47.1,Matches
448,Robert Snodgrass\Robert-Snodgrass,sco SCO,FWDF,West Ham,32,1987,0.1,0,0,0,0,1,0,0,0,1,0,0,0,0,0,0,,Matches
449,Robert Snodgrass\Robert-Snodgrass,sco SCO,MFFW,West Brom,32,1987,5.8,2,0,0,8,13,1,5,4,12,0,0,0,55,10,13,43.5,Matches
450,Cédric Soares\Cedric-Soares,pt POR,DF,Arsenal,28,1991,8.3,1,0,0,6,5,0,29,8,10,0,0,0,69,10,14,41.7,Matches
451,Tomáš Souček\Tomas-Soucek,cz CZE,MF,West Ham,25,1995,38.0,7,1,0,69,43,3,10,55,50,0,1,1,463,228,134,63.0,Matches
452,Çağlar Söyüncü\Caglar-Soyuncu,tr TUR,DF,Leicester City,24,1996,20.2,2,0,0,18,15,0,8,27,16,0,0,0,186,62,37,62.6,Matches
453,Zack Steffen\Zack-Steffen,us USA,GK,Manchester City,25,1995,1.0,0,0,0,1,0,0,0,0,0,0,0,0,2,0,0,,Matches
454,Dale Stephens\Dale-Stephens,eng ENG,MF,Burnley,31,1989,2.9,1,0,0,8,2,0,0,3,4,0,0,0,49,5,4,55.6,Matches
455,Jack Stephens\Jack-Stephens,eng ENG,DF,Southampton,26,1994,17.1,2,0,0,8,9,0,0,25,19,0,0,0,175,26,18,59.1,Matches
456,Raheem Sterling\Raheem-Sterling,eng ENG,FW,Manchester City,25,1994,28.2,4,0,0,36,41,9,34,14,18,2,0,0,123,5,26,16.1,Matches
457,Enda Stevens\Enda-Stevens,ie IRL,DF,Sheffield Utd,30,1990,30.0,6,0,0,33,10,3,55,47,23,0,0,0,268,38,39,49.4,Matches
458,John Stones\John-Stones,eng ENG,DF,Manchester City,26,1994,21.5,0,1,0,7,10,1,1,20,12,0,0,0,177,46,15,75.4,Matches
459,Pascal Struijk\Pascal-Struijk,nl NED,DFMF,Leeds United,20,1999,23.1,3,0,0,26,7,0,1,41,29,0,1,0,228,51,45,53.1,Matches
460,Japhet Tanganga\Japhet-Tanganga,eng ENG,DF,Tottenham,21,1999,5.4,2,0,0,11,7,0,4,2,4,0,0,0,50,11,9,55.0,Matches
461,Matt Targett\Matt-Targett,eng ENG,DF,Aston Villa,24,1995,37.8,7,0,0,28,23,0,98,47,57,0,1,0,355,84,54,60.9,Matches
462,James Tarkowski\James-Tarkowski,eng ENG,DF,Burnley,27,1992,36.0,6,0,0,27,29,3,5,57,42,0,0,0,358,184,62,74.8,Matches
463,Percy Tau\Percy-Tau,za RSA,FWMF,Brighton,26,1994,1.1,0,0,0,0,1,0,0,0,0,0,0,0,6,0,5,0.0,Matches
464,Sidnei Tavares\Sidnei-Tavares,pt POR,MF,Leicester City,18,2001,0.9,0,0,0,1,3,0,0,1,0,0,0,0,4,1,1,50.0,Matches
465,Charlie Taylor\Charlie-Taylor,eng ENG,DF,Burnley,26,1993,27.0,1,0,0,9,34,0,76,28,25,0,0,0,250,46,26,63.9,Matches
466,Neil Taylor\Neil-Taylor,wal WAL,DF,Aston Villa,31,1989,0.2,1,0,0,1,0,0,0,0,0,0,0,0,2,0,0,,Matches
467,Allan Tchaptchet\Allan-Tchaptchet,fr FRA,DF,Southampton,18,2001,0.1,0,0,0,0,0,0,0,0,0,0,0,0,1,1,0,100.0,Matches
468,Nathan Tella\Nathan-Tella,eng ENG,FWMF,Southampton,21,1999,8.3,2,0,0,16,24,5,12,9,8,1,0,0,58,3,18,14.3,Matches
469,Alex Telles\Alex-Telles,br BRA,DF,Manchester Utd,27,1992,7.7,0,0,0,4,4,1,27,12,6,0,0,0,59,11,10,52.4,Matches
470,Kenny Tete\Kenny-Tete,nl NED,DF,Fulham,24,1995,16.5,3,0,0,29,18,2,61,29,29,0,1,0,151,27,24,52.9,Matches
471,William Thomas Fish\William-Thomas-Fish,eng ENG,DF,Manchester Utd,17,2003,0.0,0,0,0,0,0,0,0,0,0,0,0,0,1,0,0,,Matches
472,Luke Thomas\Luke-Thomas,eng ENG,DF,Leicester City,19,2001,10.8,2,0,0,10,16,0,8,16,8,1,0,0,82,18,27,40.0,Matches
473,Youri Tielemans\Youri-Tielemans,be BEL,MF,Leicester City,23,1997,37.3,6,0,0,37,55,0,45,36,56,0,0,0,412,37,35,51.4,Matches
474,Kieran Tierney\Kieran-Tierney,sco SCO,DF,Arsenal,23,1997,25.5,4,0,0,14,18,0,101,20,17,1,0,0,211,19,45,29.7,Matches
475,James Tomkins\James-Tomkins,eng ENG,DF,Crystal Palace,31,1989,6.1,1,0,0,3,1,0,0,5,4,0,1,0,41,14,10,58.3,Matches
476,Fikayo Tomori\Fikayo-Tomori,eng ENG,DF,Chelsea,22,1997,0.5,0,0,0,1,0,0,0,1,2,0,0,0,4,0,0,,Matches
477,Ferrán Torres\Ferran-Torres,es ESP,FWMF,Manchester City,20,2000,14.5,1,0,0,16,17,5,28,7,8,1,0,0,66,13,23,36.1,Matches
478,Cenk Tosun\Cenk-Tosun,tr TUR,FW,Everton,29,1991,0.5,1,0,0,1,0,0,0,0,0,0,0,0,0,1,1,50.0,Matches
479,Andros Townsend\Andros-Townsend,eng ENG,MFFW,Crystal Palace,29,1991,25.1,0,0,0,28,54,2,89,48,36,0,0,0,203,5,24,17.2,Matches
480,Conor Townsend\Conor-Townsend,eng ENG,DF,West Brom,27,1993,24.8,0,0,0,15,25,2,52,40,32,0,2,0,187,45,35,56.3,Matches
481,Adama Traoré\Adama-Traore,es ESP,FW,Wolves,24,1996,29.4,4,0,0,47,86,7,119,11,23,1,0,0,163,78,75,51.0,Matches
482,Bertrand Traoré\Bertrand-Traore,bf BFA,FW,Aston Villa,24,1995,25.7,1,0,0,31,40,7,54,23,9,1,0,0,152,31,37,45.6,Matches
483,Trézéguet\Trezeguet,eg EGY,FW,Aston Villa,25,1994,13.0,0,0,0,39,20,4,24,11,18,1,0,0,87,29,45,39.2,Matches
484,Leandro Trossard\Leandro-Trossard,be BEL,FWMF,Brighton,25,1994,29.0,2,0,0,28,32,6,64,24,20,0,0,0,202,6,28,17.6,Matches
485,Kostas Tsimikas\Kostas-Tsimikas,gr GRE,DF,Liverpool,24,1996,0.1,0,0,0,1,0,0,1,0,0,0,0,0,0,0,1,0.0,Matches
486,Axel Tuanzebe\Axel-Tuanzebe,eng ENG,DF,Manchester Utd,22,1997,4.5,2,0,0,6,3,0,0,4,5,0,0,1,45,6,7,46.2,Matches
487,Cengiz Ünder\Cengiz-Under,tr TUR,MFFW,Leicester City,23,1997,3.1,0,0,0,1,3,2,10,3,3,0,0,0,22,0,3,0.0,Matches
488,Yan Valery\Yan-Valery,fr FRA,DFMF,Southampton,21,1999,1.1,0,0,0,1,1,0,2,3,2,0,0,0,13,1,3,25.0,Matches
489,Jamie Vardy\Jamie-Vardy,eng ENG,FW,Leicester City,33,1987,31.6,1,0,0,26,25,36,24,8,8,5,0,0,83,56,68,45.2,Matches
490,Joël Veltman\Joel-Veltman,nl NED,DF,Brighton,28,1992,25.3,3,0,0,35,39,0,52,35,41,0,0,0,274,48,35,57.8,Matches
491,Jannik Vestergaard\Jannik-Vestergaard,dk DEN,DF,Southampton,27,1992,28.6,3,1,0,19,11,0,2,37,37,1,0,0,309,108,46,70.1,Matches
492,Rúben Vinagre\Ruben-Vinagre,pt POR,DF,Wolves,21,1999,1.9,0,0,0,2,0,0,4,1,3,0,0,0,19,3,3,50.0,Matches
493,Carlos Vinícius\Carlos-Vinicius,br BRA,FW,Tottenham,25,1995,3.4,2,0,0,11,3,2,2,1,0,0,0,0,10,11,20,35.5,Matches
494,João Virgínia\Joao-Virginia,pt POR,GK,Everton,20,1999,0.5,0,0,0,0,0,0,0,0,0,0,0,0,1,0,0,,Matches
495,Vitinha\Vitinha,pt POR,MF,Wolves,20,2000,5.8,0,0,0,8,5,1,3,4,7,0,0,0,36,0,2,0.0,Matches
496,Jake Vokins\Jake-Vokins,eng ENG,DF,Southampton,20,2000,0.7,0,0,0,2,0,1,2,0,0,0,0,0,2,0,0,,Matches
497,Matěj Vydra\Matej-Vydra,cz CZE,FW,Burnley,28,1992,15.2,0,0,0,6,13,12,6,5,6,0,0,0,49,31,97,24.2,Matches
498,Theo Walcott\Theo-Walcott,eng ENG,MFFW,Southampton,31,1989,18.0,0,0,0,12,30,8,34,9,18,0,0,0,115,8,29,21.6,Matches
499,Theo Walcott\Theo-Walcott,eng ENG,FW,Everton,31,1989,0.1,0,0,0,0,0,0,0,0,0,0,0,0,0,0,0,,Matches
500,Kyle Walker\Kyle-Walker,eng ENG,DF,Manchester City,30,1990,21.6,1,0,0,26,11,1,24,15,27,0,3,0,187,28,14,66.7,Matches
501,Kyle Walker-Peters\Kyle-Walker-Peters,eng ENG,DF,Southampton,23,1997,29.4,4,0,0,33,42,7,22,40,43,1,1,0,275,20,39,33.9,Matches
502,Aaron Wan-Bissaka\Aaron-Wan-Bissaka,eng ENG,DF,Manchester Utd,22,1997,34.0,3,0,0,31,14,1,57,66,52,0,0,0,267,46,35,56.8,Matches
503,Joel Ward\Joel-Ward,eng ENG,DF,Crystal Palace,30,1989,25.1,5,0,0,32,12,1,15,52,26,0,1,0,228,59,42,58.4,Matches
504,James Ward-Prowse\James-Ward-Prowse,eng ENG,MF,Southampton,25,1994,38.0,5,0,0,45,27,0,52,44,57,0,1,0,483,49,64,43.4,Matches
505,Ollie Watkins\Ollie-Watkins,eng ENG,FW,Aston Villa,24,1995,37.0,4,1,1,49,49,30,36,12,22,0,0,0,121,139,178,43.8,Matches
506,Caleb Watts\Caleb-Watts,au AUS,MFFW,Southampton,18,2002,0.4,1,0,0,0,1,0,1,0,1,0,0,0,2,1,3,25.0,Matches
507,Adam Webster\Adam-Webster,eng ENG,DF,Brighton,25,1995,28.8,4,0,0,24,16,1,2,40,21,0,0,0,320,90,50,64.3,Matches
508,Danny Welbeck\Danny-Welbeck,eng ENG,FW,Brighton,29,1990,17.2,0,0,0,19,17,5,5,5,8,2,0,0,61,20,47,29.9,Matches
509,Timo Werner\Timo-Werner,de GER,FW,Chelsea,24,1996,28.9,2,0,0,27,31,26,48,6,18,5,0,0,144,13,41,24.1,Matches
510,Ashley Westwood\Ashley-Westwood,eng ENG,MF,Burnley,30,1990,37.9,7,0,0,35,43,0,71,48,14,0,0,0,420,14,31,31.1,Matches
511,Ben White\Ben-White,eng ENG,DFMF,Brighton,22,1997,35.5,5,1,1,30,9,1,19,45,33,0,0,0,302,52,46,53.1,Matches
512,Georginio Wijnaldum\Georginio-Wijnaldum,nl NED,MF,Liverpool,29,1990,32.7,1,0,0,17,25,0,4,25,24,0,0,0,295,37,50,42.5,Matches
513,Brandon Williams\Brandon-Williams,eng ENG,DF,Manchester Utd,19,2000,2.1,0,0,0,2,3,0,1,9,1,0,0,0,13,0,1,0.0,Matches
514,Neco Williams\Neco-Williams,wal WAL,DF,Liverpool,19,2001,2.8,1,0,0,3,6,0,11,5,5,0,1,0,24,3,3,50.0,Matches
515,Rhys Williams\Rhys-Williams,eng ENG,DF,Liverpool,19,2001,7.3,0,0,0,4,2,0,0,8,2,0,0,0,76,32,7,82.1,Matches
516,Willian\Willian,br BRA,FWMF,Arsenal,31,1988,15.6,0,0,0,5,21,4,44,12,6,0,0,0,84,6,16,27.3,Matches
517,Joe Willock\Joe-Willock,eng ENG,MF,Arsenal,20,1999,2.6,1,0,0,6,4,1,5,5,4,0,0,0,21,7,5,58.3,Matches
518,Joe Willock\Joe-Willock,eng ENG,MF,Newcastle Utd,20,1999,10.9,0,0,0,9,16,0,10,32,25,1,1,0,80,13,25,34.2,Matches
519,Callum Wilson\Callum-Wilson,eng ENG,FW,Newcastle Utd,28,1992,23.2,2,0,0,40,41,23,13,3,10,2,0,0,87,39,127,23.5,Matches
520,Harry Winks\Harry-Winks,eng ENG,MF,Tottenham,24,1996,9.6,5,0,0,11,12,0,2,16,14,0,0,0,102,8,6,57.1,Matches
521,Chris Wood\Chris-Wood,nz NZL,FW,Burnley,28,1991,30.5,0,0,0,37,23,25,4,5,11,1,0,0,101,168,215,43.9,Matches
522,Granit Xhaka\Granit-Xhaka,ch SUI,MFDF,Arsenal,27,1992,28.0,7,1,0,39,38,1,6,25,37,0,0,0,317,46,33,58.2,Matches
523,Andriy Yarmolenko\Andriy-Yarmolenko,ua UKR,FWMF,West Ham,30,1989,4.2,3,0,0,8,6,5,11,3,4,0,0,0,29,3,3,50.0,Matches
524,DeAndre Yedlin\DeAndre-Yedlin,us USA,DF,Newcastle Utd,27,1993,4.8,0,0,0,4,4,1,8,3,6,0,0,0,28,4,3,57.1,Matches
525,Okay Yokuşlu\Okay-Yokuslu,tr TUR,MF,West Brom,26,1994,14.6,4,0,0,25,28,0,3,42,32,0,2,0,203,41,20,67.2,Matches
526,Wilfried Zaha\Wilfried-Zaha,ci CIV,FW,Crystal Palace,27,1992,29.0,6,0,0,33,88,22,51,26,24,1,0,0,142,10,39,20.4,Matches
527,Andre-Frank Zambo Anguissa\Andre-Frank-Zambo-Anguissa,cm CMR,MF,Fulham,24,1995,28.7,6,0,0,44,28,0,13,55,53,0,0,0,330,55,38,59.1,Matches
528,Andi Zeqiri\Andi-Zeqiri,ch SUI,FWDF,Brighton,21,1999,1.9,0,0,0,2,2,0,5,0,3,0,0,0,12,2,5,28.6,Matches
529,Oleksandr Zinchenko\Oleksandr-Zinchenko,ua UKR,DF,Manchester City,23,1996,16.4,0,0,0,9,4,1,17,20,13,0,0,0,153,24,14,63.2,Matches
530,Hakim Ziyech\Hakim-Ziyech,ma MAR,FWMF,Chelsea,27,1993,13.0,3,0,0,19,15,4,42,10,7,0,0,0,94,3,22,12.0,Matches
531,Kurt Zouma\Kurt-Zouma,fr FRA,DF,Chelsea,25,1994,22.5,3,0,0,17,6,0,0,26,13,0,0,0,210,97,34,74.0,Matches
532,Martin Ødegaard\Martin-Odegaard,no NOR,MF,Arsenal,21,1998,9.6,0,0,0,1,9,1,12,5,5,0,0,0,56,1,14,6.7,Matches