Rk,Player,Nation,Pos,Squad,Age,Born,90s,Cmp,Att,Cmp%,TotDist,PrgDist,Cmp,Att,Cmp%,Cmp,Att,Cmp%,Cmp,Att,Cmp%,Ast,xA,A-xA,KP,1/3,PPA,CrsPA,Prog,Matches
1,Issah Abbas\Issah-Abbas,gh GHA,DFFW,Mainz 05,21,1998,0.2,13,15,86.7,260,106,6,7,85.7,5,6,83.3,2,2,100.0,0,0.0,0.0,0,1,0,0,1,Matches
2,David Abraham\David-Abraham,ar ARG,DF,Eint Frankfurt,34,1986,13.6,564,689,81.9,12077,4254,177,204,86.8,277,310,89.4,106,161,65.8,0,0.5,-0.5,2,50,3,2,43,Matches
3,Amir Abrashi\Amir-Abrashi,al ALB,MF,Freiburg,30,1990,0.7,18,22,81.8,295,27,7,9,77.8,9,10,90.0,1,1,100.0,0,0.0,0.0,0,1,0,0,0,Matches
4,Ragnar Ache\Ragnar-Ache,de GER,FWDF,Eint Frankfurt,22,1998,1.1,19,35,54.3,228,29,13,21,61.9,5,9,55.6,0,0,,0,0.0,0.0,0,1,0,0,1,Matches
5,Tyler Adams\Tyler-Adams,us USA,DFMF,RB Leipzig,21,1999,20.6,1184,1375,86.1,19562,5363,587,648,90.6,488,542,90.0,88,140,62.9,1,0.9,+0.1,13,85,19,2,90,Matches
6,Sargis Adamyan\Sargis-Adamyan,am ARM,FWMF,Hoffenheim,27,1993,5.3,120,167,71.9,1955,473,61,79,77.2,42,51,82.4,12,20,60.0,3,1.8,+1.2,12,6,8,1,14,Matches
7,Felix Agu\Felix-Agu,de GER,DF,Werder Bremen,20,1999,7.8,210,289,72.7,3403,1143,117,136,86.0,74,101,73.3,14,35,40.0,0,0.4,-0.4,3,9,4,3,10,Matches
8,Naouirou Ahamada\Naouirou-Ahamada,fr FRA,MF,Stuttgart,18,2002,2.8,108,120,90.0,1889,330,47,52,90.4,48,50,96.0,10,13,76.9,0,0.0,0.0,1,12,0,0,7,Matches
9,Manuel Akanji\Manuel-Akanji,ch SUI,DF,Dortmund,25,1995,26.1,1949,2097,92.9,41126,12696,592,623,95.0,1029,1068,96.3,315,374,84.2,0,0.1,-0.1,2,150,4,0,128,Matches
10,Kevin Akpoguma\Kevin-Akpoguma,ng NGA,DF,Hoffenheim,25,1995,13.2,606,737,82.2,12535,4237,188,213,88.3,320,349,91.7,91,156,58.3,0,0.4,-0.4,2,33,2,0,46,Matches
11,David Alaba\David-Alaba,at AUT,DFMF,Bayern Munich,28,1992,29.7,1916,2251,85.1,39628,12716,625,685,91.2,994,1097,90.6,282,420,67.1,4,2.3,+1.7,25,232,37,4,189,Matches
12,Lucas Alario\Lucas-Alario,ar ARG,FW,Leverkusen,27,1992,13.8,239,315,75.9,3394,332,142,177,80.2,71,92,77.2,15,20,75.0,2,0.7,+1.3,12,12,4,0,10,Matches
13,Omar Alderete\Omar-Alderete,py PAR,DF,Hertha BSC,23,1996,14.4,717,878,81.7,17888,7067,107,132,81.1,409,449,91.1,197,287,68.6,0,0.1,-0.1,2,44,4,1,62,Matches
14,Nadiem Amiri\Nadiem-Amiri,de GER,MF,Leverkusen,23,1996,21.0,946,1143,82.8,17370,3887,426,471,90.4,371,417,89.0,131,210,62.4,6,2.9,+3.1,37,90,27,4,98,Matches
15,Sebastian Andersson\Sebastian-Andersson,se SWE,FW,Köln,29,1991,12.5,175,246,71.1,2491,400,109,142,76.8,53,74,71.6,9,16,56.3,0,0.3,-0.3,5,11,3,1,9,Matches
16,Robert Andrich\Robert-Andrich,de GER,MF,Union Berlin,25,1994,28.1,1155,1460,79.1,21736,6113,489,575,85.0,488,593,82.3,153,237,64.6,2,2.2,-0.2,24,111,15,1,125,Matches
17,Angeliño\Angelino,es ESP,DFFW,RB Leipzig,23,1997,24.0,1059,1490,71.1,19377,7278,489,574,85.2,430,562,76.5,126,300,42.0,4,5.0,-1.0,56,68,60,27,111,Matches
18,Waldemar Anton\Waldemar-Anton,de GER,DF,Stuttgart,24,1996,30.1,1827,2073,88.1,38588,13005,501,551,90.9,1037,1100,94.3,274,389,70.4,1,0.4,+0.6,7,68,9,2,94,Matches
19,Charles Aránguiz\Charles-Aranguiz,cl CHI,MF,Leverkusen,31,1989,18.5,1003,1160,86.5,18154,5425,423,463,91.4,452,493,91.7,111,166,66.9,0,0.8,-0.8,15,110,15,0,103,Matches
20,Santiago Arias\Santiago-Arias,co COL,DF,Leverkusen,28,1992,1.0,47,55,85.5,915,324,17,21,81.0,25,28,89.3,5,6,83.3,0,0.0,0.0,0,3,0,0,4,Matches
21,Maximilian Arnold\Maximilian-Arnold,de GER,MF,Wolfsburg,26,1994,28.7,1323,1652,80.1,30923,8729,382,434,88.0,567,656,86.4,350,511,68.5,6,4.8,+1.2,50,132,26,3,157,Matches
22,Toluwalas Arokodare\Toluwalas-Arokodare,ng NGA,FW,Köln,19,2000,1.2,27,36,75.0,501,39,13,18,72.2,11,13,84.6,3,4,75.0,0,0.0,0.0,1,2,1,0,1,Matches
23,Santiago Ascacíbar\Santiago-Ascacibar,ar ARG,MF,Hertha BSC,23,1997,8.5,294,353,83.3,5496,1450,130,144,90.3,116,136,85.3,41,58,70.7,0,0.2,-0.2,6,29,4,0,26,Matches
24,Ludwig Augustinsson\Ludwig-Augustinsson,se SWE,DF,Werder Bremen,26,1994,21.7,779,1167,66.8,14433,6861,351,410,85.6,320,419,76.4,102,297,34.3,4,2.8,+1.2,43,45,29,23,73,Matches
25,Taiwo Awoniyi\Taiwo-Awoniyi,ng NGA,FW,Union Berlin,22,1997,15.1,208,301,69.1,3031,524,125,166,75.3,60,85,70.6,15,25,60.0,2,1.5,+0.5,20,12,1,0,11,Matches
26,Mehmet-Can Aydin\Mehmet-Can-Aydin,de GER,DF,Schalke 04,18,2002,5.6,139,203,68.5,2300,948,67,83,80.7,62,86,72.1,10,24,41.7,0,0.5,-0.5,3,8,2,0,13,Matches
27,Leon Bailey\Leon-Bailey,jm JAM,FWMF,Leverkusen,22,1997,23.8,676,961,70.3,12158,2717,360,417,86.3,196,279,70.3,102,202,50.5,8,6.1,+1.9,50,25,34,14,57,Matches
28,Ridle Baku\Ridle-Baku,de GER,DF,Mainz 05,22,1998,2.0,62,88,70.5,1283,708,20,27,74.1,29,36,80.6,12,22,54.5,0,0.0,0.0,0,4,2,0,13,Matches
29,Ridle Baku\Ridle-Baku,de GER,FWDF,Wolfsburg,22,1998,29.8,1096,1461,75.0,19626,6156,493,582,84.7,473,604,78.3,118,211,55.9,7,4.5,+2.5,43,66,46,17,119,Matches
30,Philipp Bargfrede\Philipp-Bargfrede,de GER,MF,Werder Bremen,31,1989,0.3,10,11,90.9,179,52,3,4,75.0,7,7,100.0,0,0,,0,0.0,0.0,0,1,0,0,2,Matches
31,Aymen Barkok\Aymen-Barkok,ma MAR,FWMF,Eint Frankfurt,22,1998,10.9,361,498,72.5,6060,1951,171,217,78.8,146,188,77.7,34,68,50.0,3,3.0,0.0,25,25,19,4,41,Matches
32,Leandro Barreiro Martins\Leandro-Barreiro-Martins,lu LUX,MF,Mainz 05,20,2000,25.6,474,713,66.5,7493,2698,241,328,73.5,180,244,73.8,37,87,42.5,2,2.1,-0.1,18,38,8,1,56,Matches
33,Jacob Barrett Laursen\Jacob-Barrett-Laursen,dk DEN,DF,Arminia,25,1994,12.3,438,562,77.9,8448,3086,161,190,84.7,212,254,83.5,60,94,63.8,1,1.2,-0.2,4,28,5,2,30,Matches
34,Oliver Baumann\Oliver-Baumann,de GER,GK,Hoffenheim,30,1990,31.0,1065,1352,78.8,27435,15923,284,284,100.0,448,454,98.7,304,584,52.1,0,0.0,0.0,0,13,0,0,2,Matches
35,Julian Baumgartlinger\Julian-Baumgartlinger,at AUT,MF,Leverkusen,32,1988,11.9,579,668,86.7,11046,2389,242,267,90.6,230,254,90.6,96,124,77.4,0,0.3,-0.3,8,54,6,1,56,Matches
36,Christoph Baumgartner\Christoph-Baumgartner,at AUT,MFFW,Hoffenheim,20,1999,26.3,725,954,76.0,12120,3238,379,460,82.4,245,313,78.3,75,120,62.5,3,3.0,0.0,32,60,32,4,98,Matches
37,Noah Joel Sarenren Bazee\Noah-Joel-Sarenren-Bazee,ng NGA,FWMF,Augsburg,23,1996,0.4,6,13,46.2,78,23,3,5,60.0,2,4,50.0,0,2,0.0,1,0.7,+0.3,1,0,0,0,0,Matches
38,Ihlas Bebou\Ihlas-Bebou,tg TOG,FW,Hoffenheim,26,1994,24.4,480,633,75.8,6814,1601,286,349,81.9,140,183,76.5,26,45,57.8,7,5.0,+2.0,37,26,32,14,48,Matches
39,Sheraldo Becker\Sheraldo-Becker,sr SUR,FWMF,Union Berlin,25,1995,12.3,212,336,63.1,3720,1172,103,139,74.1,88,131,67.2,17,45,37.8,3,3.2,-0.2,19,10,18,14,23,Matches
40,Timo Becker\Timo-Becker,de GER,DF,Schalke 04,23,1997,18.2,606,785,77.2,11778,4036,217,257,84.4,305,363,84.0,78,132,59.1,0,0.3,-0.3,3,25,9,3,35,Matches
41,Brian Behrendt\Brian-Behrendt,de GER,DF,Arminia,28,1991,0.9,41,56,73.2,941,310,14,17,82.4,18,25,72.0,9,13,69.2,0,0.0,0.0,0,4,0,0,5,Matches
42,Maximilian Beier\Maximilian-Beier,de GER,FW,Hoffenheim,17,2002,0.1,5,5,100.0,79,4,3,3,100.0,1,1,100.0,1,1,100.0,0,0.0,0.0,0,0,0,0,0,Matches
43,Ishak Belfodil\Ishak-Belfodil,dz ALG,FW,Hoffenheim,28,1992,6.6,108,151,71.5,1487,259,63,83,75.9,35,49,71.4,5,7,71.4,1,1.0,0.0,7,2,3,0,8,Matches
44,Stefan Bell\Stefan-Bell,de GER,DF,Mainz 05,28,1991,14.1,418,531,78.7,8518,3044,143,161,88.8,205,235,87.2,68,126,54.0,1,1.3,-0.3,3,15,2,0,28,Matches
45,Karim Bellarabi\Karim-Bellarabi,de GER,FWMF,Leverkusen,30,1990,8.9,292,412,70.9,4671,1320,166,200,83.0,101,137,73.7,21,52,40.4,0,1.8,-1.8,14,14,15,6,27,Matches
46,Jude Bellingham\Jude-Bellingham,eng ENG,MF,Dortmund,17,2003,18.9,889,1068,83.2,16329,3230,381,440,86.6,374,429,87.2,115,144,79.9,3,3.3,-0.3,14,63,27,2,76,Matches
47,Lars Bender\Lars-Bender,de GER,DF,Leverkusen,31,1989,10.4,588,707,83.2,11233,3771,233,265,87.9,254,293,86.7,88,116,75.9,2,0.5,+1.5,7,45,12,2,57,Matches
48,Sven Bender\Sven-Bender,de GER,DF,Leverkusen,31,1989,13.0,917,1002,91.5,19981,4943,205,222,92.3,559,593,94.3,148,179,82.7,0,0.4,-0.4,4,39,3,2,48,Matches
49,László Bénes\Laszlo-Benes,sk SVK,MFFW,Augsburg,22,1997,7.3,174,264,65.9,2977,1041,94,116,81.0,54,85,63.5,20,50,40.0,1,0.6,+0.4,9,12,5,0,19,Matches
50,László Bénes\Laszlo-Benes,sk SVK,MF,M'Gladbach,22,1997,1.7,80,110,72.7,1364,387,48,56,85.7,21,24,87.5,10,26,38.5,1,0.4,+0.6,4,3,0,0,5,Matches
51,Ramy Bensebaini\Ramy-Bensebaini,dz ALG,DF,M'Gladbach,25,1995,20.1,1005,1210,83.1,18228,7228,435,480,90.6,458,526,87.1,100,162,61.7,0,0.4,-0.4,8,58,15,5,72,Matches
52,Nabil Bentaleb\Nabil-Bentaleb,dz ALG,MF,Schalke 04,25,1994,6.1,231,281,82.2,4108,961,103,120,85.8,98,113,86.7,24,38,63.2,0,0.1,-0.1,1,19,2,0,22,Matches
53,Louis Beyer\Louis-Beyer,de GER,DF,M'Gladbach,20,2000,2.1,75,90,83.3,1506,476,23,27,85.2,39,44,88.6,12,17,70.6,0,0.0,0.0,0,2,0,0,5,Matches
54,Bartosz Bialek\Bartosz-Bialek,pl POL,FWMF,Wolfsburg,18,2001,3.0,56,80,70.0,1124,327,27,38,71.1,17,22,77.3,10,13,76.9,0,0.2,-0.2,4,7,4,0,10,Matches
55,Ermin Bičakčić\Ermin-Bicakcic,ba BIH,DF,Hoffenheim,30,1990,1.4,54,62,87.1,1111,373,15,17,88.2,32,34,94.1,7,11,63.6,0,0.0,0.0,0,3,0,0,4,Matches
56,Leonardo Bittencourt\Leonardo-Bittencourt,de GER,MFFW,Werder Bremen,26,1993,16.8,465,647,71.9,8404,1919,223,272,82.0,173,228,75.9,62,114,54.4,1,1.3,-0.3,20,33,18,9,38,Matches
57,Jérôme Boateng\Jerome-Boateng,de GER,DF,Bayern Munich,31,1988,26.3,1756,1964,89.4,43286,12361,300,318,94.3,979,1032,94.9,470,602,78.1,1,0.6,+0.4,6,204,16,1,151,Matches
58,Jean-Paul Boëtius\Jean-Paul-Boetius,nl NED,MFFW,Mainz 05,26,1994,22.9,560,806,69.5,10120,3175,256,334,76.6,210,287,73.2,74,128,57.8,4,6.0,-2.0,32,63,23,5,85,Matches
59,Melayro Bogarde\Melayro-Bogarde,nl NED,DFMF,Hoffenheim,18,2002,3.1,145,168,86.3,2906,900,66,73,90.4,54,61,88.5,24,29,82.8,1,0.2,+0.8,4,11,2,0,16,Matches
60,Elias Bördner\Elias-Bordner,de GER,GK,Eint Frankfurt,18,2002,1.0,29,43,67.4,698,482,7,7,100.0,16,16,100.0,5,19,26.3,0,0.0,0.0,0,0,0,0,0,Matches
61,Dennis Borkowski\Dennis-Borkowski,de GER,MF,RB Leipzig,18,2002,0.1,5,7,71.4,107,0,1,3,33.3,3,3,100.0,1,1,100.0,0,0.0,0.0,0,0,0,0,0,Matches
62,Sebastiaan Bornauw\Sebastiaan-Bornauw,be BEL,DF,Köln,21,1999,23.1,748,893,83.8,18905,5271,120,140,85.7,409,452,90.5,211,280,75.4,1,0.0,+1.0,1,27,2,1,33,Matches
63,Nassim Boujellab\Nassim-Boujellab,ma MAR,MFFW,Schalke 04,21,1999,6.7,133,184,72.3,2033,499,62,80,77.5,54,69,78.3,7,12,58.3,0,0.2,-0.2,4,10,3,0,14,Matches
64,Dedryck Boyata\Dedryck-Boyata,be BEL,DF,Hertha BSC,29,1990,17.2,911,1025,88.9,22792,4618,125,145,86.2,533,563,94.7,250,302,82.8,0,0.7,-0.7,5,33,2,0,32,Matches
65,Can Bozdogan\Can-Bozdogan,de GER,MF,Schalke 04,19,2001,7.2,168,225,74.7,2930,622,76,89,85.4,74,90,82.2,15,33,45.5,2,0.5,+1.5,5,6,2,2,10,Matches
66,Julian Brandt\Julian-Brandt,de GER,FWMF,Dortmund,24,1996,16.6,768,912,84.2,13300,3145,368,428,86.0,281,324,86.7,93,111,83.8,2,2.8,-0.8,30,60,31,3,87,Matches
67,Fabian Bredlow\Fabian-Bredlow,de GER,GK,Stuttgart,25,1995,1.0,27,36,75.0,595,321,7,7,100.0,10,10,100.0,8,17,47.1,0,0.0,0.0,0,0,0,0,0,Matches
68,Josip Brekalo\Josip-Brekalo,hr CRO,FW,Wolfsburg,22,1998,20.2,639,849,75.3,12543,3049,249,310,80.3,270,329,82.1,103,159,64.8,3,3.4,-0.4,37,51,27,7,84,Matches
69,Joshua Brenet\Joshua-Brenet,nl NED,DF,Hoffenheim,26,1994,0.0,0,2,0.0,0,0,0,0,,0,1,0.0,0,1,0.0,0,0.0,0.0,0,0,0,0,0,Matches
70,John Brooks\John-Brooks,us USA,DF,Wolfsburg,27,1993,30.8,1584,1869,84.8,39489,11502,255,295,86.4,893,980,91.1,421,569,74.0,0,0.5,-0.5,5,114,6,0,123,Matches
71,Daniel Brosinski\Daniel-Brosinski,de GER,DF,Mainz 05,32,1988,15.9,532,839,63.4,10565,5544,197,238,82.8,250,347,72.0,79,225,35.1,1,2.4,-1.4,24,44,21,9,71,Matches
72,Cédric Brunner\Cedric-Brunner,ch SUI,DF,Arminia,26,1994,29.5,1029,1442,71.4,20801,8397,368,421,87.4,472,596,79.2,177,377,46.9,1,1.1,-0.1,17,79,29,15,93,Matches
73,Jacob Bruun Larsen\Jacob-Bruun-Larsen,dk DEN,FW,Hoffenheim,21,1998,1.0,15,19,78.9,203,7,11,13,84.6,3,3,100.0,1,2,50.0,0,0.0,0.0,0,0,0,0,0,Matches
74,Marius Bülter\Marius-Bulter,de GER,FWMF,Union Berlin,27,1993,10.9,199,321,62.0,3596,954,89,124,71.8,80,116,69.0,24,46,52.2,0,1.2,-1.2,11,12,13,8,15,Matches
75,Jonathan Burkardt\Jonathan-Burkardt,de GER,FWDF,Mainz 05,20,2000,15.3,283,400,70.8,4664,1192,133,169,78.7,108,146,74.0,29,49,59.2,0,1.5,-1.5,11,22,7,1,33,Matches
76,Nishan Burkart\Nishan-Burkart,ch SUI,MF,Freiburg,20,2000,0.2,4,6,66.7,53,21,1,3,33.3,2,2,100.0,0,0,,0,0.0,0.0,0,0,0,0,0,Matches
77,Roman Bürki\Roman-Burki,ch SUI,GK,Dortmund,29,1990,18.5,515,629,81.9,14019,7874,90,90,100.0,263,264,99.6,162,274,59.1,0,0.0,0.0,0,3,1,0,1,Matches
78,Kerim Calhanoglu\Kerim-Calhanoglu,de GER,DF,Schalke 04,17,2002,3.3,88,137,64.2,1585,517,37,49,75.5,44,59,74.6,7,22,31.8,0,0.0,0.0,0,2,0,0,8,Matches
79,Daniel Caligiuri\Daniel-Caligiuri,it ITA,MFFW,Augsburg,32,1988,29.6,822,1191,69.0,15925,6675,368,438,84.0,292,398,73.4,137,279,49.1,4,3.7,+0.3,48,61,33,9,94,Matches
80,Emre Can\Emre-Can,de GER,DFMF,Dortmund,26,1994,23.7,1585,1816,87.3,33589,9708,499,553,90.2,803,872,92.1,272,367,74.1,4,2.4,+1.6,17,130,19,2,120,Matches
81,Koen Casteels\Koen-Casteels,be BEL,GK,Wolfsburg,28,1992,32.0,939,1248,75.2,29697,17389,112,112,100.0,443,444,99.8,383,690,55.5,0,0.0,0.0,1,10,0,0,0,Matches
82,Gonzalo Castro\Gonzalo-Castro,de GER,MFFW,Stuttgart,33,1987,19.2,675,905,74.6,12319,4097,304,348,87.4,256,322,79.5,94,175,53.7,2,3.0,-1.0,43,61,31,1,90,Matches
83,Sava Cestic\Sava-Cestic,rs SRB,DF,Köln,19,2001,10.0,307,405,75.8,7158,2532,54,71,76.1,189,212,89.2,60,114,52.6,0,0.1,-0.1,2,16,1,0,24,Matches
84,Timothy Chandler\Timothy-Chandler,us USA,DF,Eint Frankfurt,30,1990,4.8,153,214,71.5,2681,1166,73,85,85.9,63,91,69.2,15,30,50.0,0,0.3,-0.3,4,14,5,1,26,Matches
85,Kwon Chang-hoon\Kwon-Chang-hoon,kr KOR,MFFW,Freiburg,26,1994,2.4,54,71,76.1,871,206,32,36,88.9,17,22,77.3,4,9,44.4,0,0.0,0.0,1,3,0,0,7,Matches
86,Tahith Chong\Tahith-Chong,nl NED,FWMF,Werder Bremen,20,1999,4.3,86,136,63.2,1383,469,50,69,72.5,23,36,63.9,9,14,64.3,1,0.5,+0.5,5,7,3,2,7,Matches
87,Darko Churlinov\Darko-Churlinov,mk MKD,DFFW,Stuttgart,20,2000,2.4,81,99,81.8,1239,325,45,49,91.8,29,35,82.9,6,12,50.0,1,0.4,+0.6,2,1,6,1,10,Matches
88,Tim Civeja\Tim-Civeja,de GER,MFDF,Augsburg,18,2002,0.4,16,24,66.7,306,88,8,12,66.7,3,6,50.0,5,5,100.0,0,0.0,0.0,0,1,0,0,2,Matches
89,Kingsley Coman\Kingsley-Coman,fr FRA,FWMF,Bayern Munich,24,1996,19.5,680,856,79.4,12068,2221,337,391,86.2,261,322,81.1,75,107,70.1,10,6.6,+3.4,43,20,39,16,63,Matches
90,Jhon Córdoba\Jhon-Cordoba,co COL,FW,Hertha BSC,27,1993,17.1,244,320,76.3,3999,498,123,149,82.6,83,110,75.5,26,31,83.9,1,1.8,-0.8,23,11,5,3,14,Matches
91,Sergio Córdova\Sergio-Cordova,ve VEN,FWMF,Arminia,22,1997,12.1,180,267,67.4,2619,646,105,130,80.8,52,80,65.0,13,26,50.0,1,1.2,-0.2,15,18,2,0,19,Matches
92,Danny da Costa\Danny-da-Costa,de GER,DF,Mainz 05,27,1993,13.4,311,512,60.7,6832,3670,96,128,75.0,156,242,64.5,58,123,47.2,1,1.7,-0.7,14,29,21,7,57,Matches
93,Danny da Costa\Danny-da-Costa,de GER,DF,Eint Frankfurt,27,1993,1.2,34,49,69.4,554,294,16,19,84.2,15,21,71.4,3,6,50.0,0,0.0,0.0,0,2,3,1,6,Matches
94,Douglas Costa\Douglas-Costa,br BRA,FWMF,Bayern Munich,29,1990,3.6,129,187,69.0,2505,808,55,69,79.7,44,57,77.2,26,42,61.9,1,0.7,+0.3,6,14,7,1,20,Matches
95,Tanguy Coulibaly\Tanguy-Coulibaly,fr FRA,DFFW,Stuttgart,19,2001,16.7,347,469,74.0,5363,1365,193,239,80.8,118,148,79.7,22,45,48.9,1,1.8,-0.8,14,10,13,7,34,Matches
96,Mickaël Cuisance\Mickael-Cuisance,fr FRA,FW,Bayern Munich,20,1999,0.2,9,10,90.0,172,3,3,3,100.0,5,5,100.0,1,2,50.0,0,0.0,0.0,0,1,0,0,0,Matches
97,Matheus Cunha\Matheus-Cunha,br BRA,FWMF,Hertha BSC,21,1999,23.9,513,778,65.9,10594,3590,218,283,77.0,168,233,72.1,110,206,53.4,4,5.0,-1.0,48,65,25,1,74,Matches
98,Rafael Czichos\Rafael-Czichos,de GER,DF,Köln,30,1990,25.1,1122,1319,85.1,26835,10619,229,267,85.8,616,658,93.6,267,373,71.6,0,0.1,-0.1,3,86,7,2,97,Matches
99,Moanes Dabour\Moanes-Dabour,il ISR,FW,Hoffenheim,28,1992,11.1,253,345,73.3,3855,1229,150,189,79.4,74,94,78.7,18,34,52.9,0,1.0,-1.0,12,23,14,3,35,Matches
100,Finn Dahmen\Finn-Dahmen,de GER,GK,Mainz 05,22,1998,3.0,67,86,77.9,1529,554,19,19,100.0,32,33,97.0,14,32,43.8,0,0.0,0.0,0,0,0,0,0,Matches
101,Mahmoud Dahoud\Mahmoud-Dahoud,de GER,MF,Dortmund,24,1996,14.0,786,913,86.1,16172,3257,257,285,90.2,373,408,91.4,139,184,75.5,1,1.2,-0.2,12,66,15,2,64,Matches
102,Leon Dajaku\Leon-Dajaku,de GER,FW,Union Berlin,19,2001,0.4,11,13,84.6,147,42,7,7,100.0,4,4,100.0,0,1,0.0,0,0.0,0.0,0,1,0,0,0,Matches
103,Tiago Dantas\Tiago-Dantas,pt POR,MF,Bayern Munich,19,2000,0.8,28,35,80.0,568,131,11,12,91.7,12,15,80.0,5,6,83.3,0,0.0,0.0,1,1,3,0,5,Matches
104,Márton Dárdai\Marton-Dardai,de GER,DF,Hertha BSC,18,2002,9.1,406,506,80.2,10814,3757,57,65,87.7,233,247,94.3,115,189,60.8,1,0.2,+0.8,4,38,4,1,44,Matches
105,Vladimír Darida\Vladimir-Darida,cz CZE,MF,Hertha BSC,29,1990,21.1,720,993,72.5,15587,3811,254,314,80.9,285,358,79.6,167,262,63.7,6,5.8,+0.2,39,57,28,5,81,Matches
106,Alphonso Davies\Alphonso-Davies,ca CAN,DF,Bayern Munich,19,2000,19.6,1338,1504,89.0,21879,6501,653,706,92.5,598,655,91.3,71,95,74.7,2,0.8,+1.2,13,95,16,5,107,Matches
107,Thomas Delaney\Thomas-Delaney,dk DEN,MF,Dortmund,28,1991,14.3,697,832,83.8,13181,2962,290,326,89.0,295,330,89.4,95,146,65.1,1,0.2,+0.8,4,53,6,1,46,Matches
108,Kerem Demirbay\Kerem-Demirbay,de GER,MF,Leverkusen,27,1993,19.4,954,1211,78.8,18437,5747,419,469,89.3,358,426,84.0,160,278,57.6,3,2.6,+0.4,36,114,25,8,122,Matches
109,Ermedin Demirović\Ermedin-Demirovic,ba BIH,FW,Freiburg,22,1998,16.6,154,265,58.1,2549,838,79,109,72.5,55,103,53.4,15,29,51.7,6,3.1,+2.9,13,17,16,3,34,Matches
110,Emmanuel Dennis\Emmanuel-Dennis,ng NGA,FW,Köln,22,1997,5.3,98,139,70.5,1396,204,60,76,78.9,25,39,64.1,7,7,100.0,1,1.2,-0.2,4,4,3,2,3,Matches
111,Mike van der Hoorn\Mike-van-der-Hoorn,nl NED,DF,Arminia,27,1992,15.1,720,827,87.1,17435,4775,142,157,90.4,408,436,93.6,165,225,73.3,0,0.1,-0.1,3,25,3,0,30,Matches
112,Moussa Diaby\Moussa-Diaby,fr FRA,FWMF,Leverkusen,21,1999,26.5,722,949,76.1,12523,2391,357,416,85.8,282,337,83.7,71,144,49.3,11,6.8,+4.2,44,26,42,21,55,Matches
113,Daniel Didavi\Daniel-Didavi,de GER,FWMF,Stuttgart,30,1990,10.8,318,429,74.1,5748,1950,136,161,84.5,135,170,79.4,37,72,51.4,3,3.0,0.0,25,41,22,5,58,Matches
114,Javairô Dilrosun\Javairo-Dilrosun,nl NED,FWMF,Hertha BSC,22,1998,5.9,134,179,74.9,2475,555,70,86,81.4,41,52,78.8,20,33,60.6,1,0.5,+0.5,6,11,9,1,17,Matches
115,Eren Dinkçi\Eren-Dinkci,de GER,FWMF,Werder Bremen,18,2001,1.2,20,27,74.1,223,128,16,20,80.0,2,4,50.0,1,1,100.0,0,0.1,-0.1,3,2,2,1,2,Matches
116,Ritsu Doan\Ritsu-Doan,jp JPN,MFFW,Arminia,22,1998,30.8,546,861,63.4,9639,3791,270,330,81.8,181,260,69.6,73,209,34.9,2,3.3,-1.3,46,43,33,10,80,Matches
117,Ji Dong-won\Ji-Dong-won,kr KOR,FW,Mainz 05,29,1991,0.7,15,27,55.6,172,78,11,15,73.3,3,8,37.5,0,1,0.0,0,0.0,0.0,1,3,0,0,2,Matches
118,Bas Dost\Bas-Dost,nl NED,FW,Eint Frankfurt,31,1989,9.1,203,312,65.1,2941,701,119,168,70.8,63,94,67.0,13,28,46.4,2,2.3,-0.3,11,24,6,0,28,Matches
119,Aleksandar Dragović\Aleksandar-Dragovic,at AUT,DF,Leverkusen,29,1991,12.6,942,1058,89.0,20527,6358,287,312,92.0,457,496,92.1,189,233,81.1,0,0.4,-0.4,6,81,4,0,72,Matches
120,Dominick Drexler\Dominick-Drexler,de GER,MFFW,Köln,30,1990,13.7,411,536,76.7,6577,1589,219,252,86.9,141,175,80.6,36,71,50.7,1,1.6,-0.6,14,20,16,4,40,Matches
121,Ondrej Duda\Ondrej-Duda,sk SVK,FWMF,Köln,25,1994,28.2,897,1250,71.8,17329,4615,392,465,84.3,308,415,74.2,166,294,56.5,5,4.1,+0.9,44,95,23,9,102,Matches
122,Erik Durm\Erik-Durm,de GER,DF,Eint Frankfurt,28,1992,16.4,517,736,70.2,9676,3949,216,251,86.1,235,316,74.4,58,132,43.9,2,2.1,-0.1,12,26,15,8,48,Matches
123,Johannes Eggestein\Johannes-Eggestein,de GER,FWMF,Werder Bremen,22,1998,0.4,11,17,64.7,155,26,7,8,87.5,4,7,57.1,0,2,0.0,0,0.0,0.0,1,1,0,0,2,Matches
124,Maximilian Eggestein\Maximilian-Eggestein,de GER,MF,Werder Bremen,23,1996,32.7,1075,1367,78.6,19480,6336,475,591,80.4,465,550,84.5,122,173,70.5,5,3.3,+1.7,26,122,27,3,160,Matches
125,Lilian Egloff\Lilian-Egloff,de GER,MF,Stuttgart,17,2002,0.2,4,4,100.0,58,3,1,1,100.0,2,2,100.0,0,0,,0,0.0,0.0,0,0,0,0,0,Matches
126,Kingsley Ehizibue\Kingsley-Ehizibue,nl NED,DF,Köln,25,1995,12.6,433,584,74.1,8404,3261,153,190,80.5,214,279,76.7,58,91,63.7,1,0.7,+0.3,7,22,11,8,36,Matches
127,Nico Elvedi\Nico-Elvedi,ch SUI,DF,M'Gladbach,23,1996,28.2,1738,1873,92.8,35755,8987,545,578,94.3,910,945,96.3,271,319,85.0,1,0.2,+0.8,3,36,3,1,63,Matches
128,Breel Embolo\Breel-Embolo,ch SUI,FWMF,M'Gladbach,23,1997,16.0,335,459,73.0,4526,697,217,264,82.2,86,122,70.5,17,27,63.0,2,1.0,+1.0,14,11,14,1,23,Matches
129,Keita Endo\Keita-Endo,jp JPN,MFFW,Union Berlin,22,1997,5.1,76,108,70.4,1302,400,36,51,70.6,25,36,69.4,10,13,76.9,0,1.1,-1.1,6,7,3,3,7,Matches
130,Wataru Endo\Wataru-Endo,jp JPN,MF,Stuttgart,27,1993,32.8,1517,1806,84.0,27734,8622,618,696,88.8,712,806,88.3,157,234,67.1,3,2.1,+0.9,25,141,23,2,174,Matches
131,Patrick Erras\Patrick-Erras,de GER,FWMF,Werder Bremen,25,1995,0.3,20,33,60.6,373,77,11,16,68.8,6,9,66.7,3,6,50.0,0,0.0,0.0,1,1,1,0,1,Matches
132,Ralf Fährmann\Ralf-Fahrmann,de GER,GK,Schalke 04,31,1988,20.8,541,825,65.6,15846,9206,101,102,99.0,237,243,97.5,199,476,41.8,0,0.1,-0.1,2,8,0,0,0,Matches
133,Ohis Felix Uduokhai\Ohis-Felix-Uduokhai,de GER,DF,Augsburg,22,1997,29.0,1215,1443,84.2,25522,8174,380,421,90.3,624,690,90.4,203,302,67.2,0,0.2,-0.2,3,67,4,1,85,Matches
134,Edimilson Fernandes\Edimilson-Fernandes,ch SUI,MFDF,Mainz 05,24,1996,9.3,261,357,73.1,5082,1795,106,128,82.8,116,141,82.3,34,73,46.6,1,0.9,+0.1,10,13,7,3,25,Matches
135,Alfreð Finnbogason\Alfred-Finnbogason,is ISL,FW,Augsburg,31,1989,6.0,111,176,63.1,2022,438,48,71,67.6,41,66,62.1,17,22,77.3,1,1.4,-0.4,10,13,5,2,16,Matches
136,Mark Flekken\Mark-Flekken,nl NED,GK,Freiburg,27,1993,3.0,92,125,73.6,3419,2383,8,8,100.0,38,38,100.0,46,79,58.2,0,0.0,0.0,0,4,0,0,0,Matches
137,Florian Flick\Florian-Flick,de GER,MF,Schalke 04,20,2000,4.0,91,110,82.7,1894,502,38,41,92.7,35,43,81.4,18,23,78.3,0,0.0,0.0,0,10,3,0,10,Matches
138,Emil Forsberg\Emil-Forsberg,se SWE,FWMF,RB Leipzig,28,1991,17.1,467,603,77.4,7262,1730,267,313,85.3,140,168,83.3,42,79,53.2,4,5.3,-1.3,33,37,25,1,50,Matches
139,Philipp Förster\Philipp-Forster,de GER,FWMF,Stuttgart,25,1995,16.8,564,713,79.1,9084,2838,294,349,84.2,207,248,83.5,46,71,64.8,1,2.6,-1.6,26,47,31,2,92,Matches
140,Timothy Fosu-Mensah\Timothy-Fosu-Mensah,nl NED,DF,Leverkusen,22,1998,4.5,304,352,86.4,5677,2013,130,135,96.3,137,152,90.1,35,58,60.3,0,0.1,-0.1,3,30,6,2,29,Matches
141,Raphael Framberger\Raphael-Framberger,de GER,DF,Augsburg,24,1995,17.1,488,738,66.1,8331,4384,244,305,80.0,198,280,70.7,39,116,33.6,1,2.0,-1.0,11,27,13,8,53,Matches
142,Marco Friedl\Marco-Friedl,at AUT,DF,Werder Bremen,22,1998,30.9,1360,1676,81.1,32153,11154,381,416,91.6,647,718,90.1,322,508,63.4,0,0.6,-0.6,9,126,9,2,106,Matches
143,Marvin Friedrich\Marvin-Friedrich,de GER,DF,Union Berlin,24,1995,34.0,1461,1805,80.9,33054,11989,410,460,89.1,711,785,90.6,322,513,62.8,2,0.8,+1.2,12,118,12,3,123,Matches
144,Jeremie Frimpong\Jeremie-Frimpong,nl NED,DFFW,Leverkusen,19,2000,4.8,232,279,83.2,3528,1011,138,148,93.2,78,87,89.7,12,27,44.4,0,0.6,-0.6,4,11,8,4,16,Matches
145,Niclas Füllkrug\Niclas-Fullkrug,de GER,FWMF,Werder Bremen,27,1993,9.7,151,259,58.3,2439,542,87,129,67.4,44,84,52.4,14,26,53.8,0,0.2,-0.2,6,17,1,0,15,Matches
146,Mijat Gaćinović\Mijat-Gacinovic,rs SRB,DFMF,Hoffenheim,25,1995,9.1,338,442,76.5,5367,2012,171,202,84.7,137,172,79.7,23,45,51.1,2,1.9,+0.1,10,22,7,1,38,Matches
147,Christian Gebauer\Christian-Gebauer,at AUT,MFFW,Arminia,26,1993,7.6,126,192,65.6,1986,816,68,85,80.0,38,58,65.5,13,30,43.3,1,0.6,+0.4,9,7,5,1,21,Matches
148,Theodor Gebre Selassie\Theodor-Gebre-Selassie,cz CZE,DF,Werder Bremen,33,1986,33.7,1177,1542,76.3,20858,9738,534,626,85.3,516,666,77.5,117,202,57.9,1,1.2,-0.2,20,67,24,10,109,Matches
149,Emrehan Gedikli\Emrehan-Gedikli,de GER,FW,Leverkusen,17,2003,0.3,4,5,80.0,49,9,3,3,100.0,1,1,100.0,0,0,,0,0.0,0.0,0,0,0,0,0,Matches
150,Dennis Geiger\Dennis-Geiger,de GER,MF,Hoffenheim,22,1998,7.3,292,354,82.5,5954,1812,110,120,91.7,124,140,88.6,52,81,64.2,1,1.7,-0.7,14,32,5,0,40,Matches
151,Christian Gentner\Christian-Gentner,de GER,MF,Union Berlin,34,1985,11.5,373,473,78.9,6508,1820,181,205,88.3,137,170,80.6,45,73,61.6,0,1.0,-1.0,7,38,9,2,47,Matches
152,Yannick Gerhardt\Yannick-Gerhardt,de GER,MFFW,Wolfsburg,26,1994,21.5,567,764,74.2,9852,2817,254,325,78.2,226,286,79.0,63,101,62.4,4,3.4,+0.6,24,57,15,5,59,Matches
153,Hamadi Al Ghaddioui\Hamadi-Al-Ghaddioui,ma MAR,FWMF,Stuttgart,29,1990,0.5,10,15,66.7,151,60,6,8,75.0,3,6,50.0,1,1,100.0,0,0.0,0.0,0,1,0,0,1,Matches
154,Niko Gießelmann\Niko-Giesselmann,de GER,DF,Union Berlin,28,1991,4.8,159,248,64.1,3030,1319,72,89,80.9,62,95,65.3,25,55,45.5,0,0.3,-0.3,3,18,4,0,25,Matches
155,Rafał Gikiewicz\Rafal-Gikiewicz,pl POL,GK,Augsburg,32,1987,34.0,974,1399,69.6,30066,17464,171,174,98.3,399,406,98.3,402,817,49.2,0,0.0,0.0,0,17,1,0,1,Matches
156,Daniel Ginczek\Daniel-Ginczek,de GER,FWMF,Wolfsburg,29,1991,2.4,44,76,57.9,731,144,23,38,60.5,16,26,61.5,4,7,57.1,0,0.3,-0.3,4,4,2,0,7,Matches
157,Matthias Ginter\Matthias-Ginter,de GER,DF,M'Gladbach,26,1994,34.0,2009,2342,85.8,42224,15161,607,654,92.8,1085,1176,92.3,298,475,62.7,1,2.0,-1.0,11,167,19,4,183,Matches
158,Robert Glatzel\Robert-Glatzel,de GER,FW,Mainz 05,26,1994,4.0,100,143,69.9,1216,259,59,76,77.6,29,40,72.5,0,4,0.0,1,0.6,+0.4,2,7,5,1,7,Matches
159,Serge Gnabry\Serge-Gnabry,de GER,FWMF,Bayern Munich,25,1995,18.3,670,858,78.1,11022,2472,341,404,84.4,253,303,83.5,54,94,57.4,2,4.6,-2.6,33,41,42,9,67,Matches
160,Akaki Gogia\Akaki-Gogia,de GER,FW,Union Berlin,28,1992,1.6,46,57,80.7,816,262,23,26,88.5,17,21,81.0,5,7,71.4,1,0.4,+0.6,2,3,1,0,7,Matches
161,Nicolás González\Nicolas-Gonzalez,ar ARG,FWDF,Stuttgart,22,1998,10.4,148,241,61.4,2614,791,63,92,68.5,65,96,67.7,16,30,53.3,2,2.0,0.0,11,20,11,1,27,Matches
162,Leon Goretzka\Leon-Goretzka,de GER,MF,Bayern Munich,25,1995,18.9,932,1059,88.0,18189,4003,369,406,90.9,389,428,90.9,151,183,82.5,5,2.6,+2.4,20,99,27,1,107,Matches
163,Jeffrey Gouweleeuw\Jeffrey-Gouweleeuw,nl NED,DF,Augsburg,29,1991,31.5,1254,1560,80.4,29181,10899,310,357,86.8,656,713,92.0,276,464,59.5,0,0.2,-0.2,8,121,12,1,116,Matches
164,Demarai Gray\Demarai-Gray,eng ENG,FW,Leverkusen,24,1996,4.9,120,179,67.0,2188,462,61,74,82.4,43,60,71.7,14,37,37.8,2,0.8,+1.2,8,7,6,2,15,Matches
165,Michael Gregoritsch\Michael-Gregoritsch,at AUT,FWMF,Augsburg,26,1994,9.3,171,265,64.5,2878,733,86,106,81.1,54,86,62.8,21,51,41.2,2,1.3,+0.7,6,22,6,1,19,Matches
166,Sebastian Griesbeck\Sebastian-Griesbeck,de GER,MF,Union Berlin,29,1990,9.9,172,232,74.1,2942,759,81,95,85.3,69,91,75.8,15,31,48.4,0,0.0,0.0,1,12,3,1,18,Matches
167,Vincenzo Grifo\Vincenzo-Grifo,it ITA,MFFW,Freiburg,27,1993,25.7,849,1139,74.5,16963,5194,346,392,88.3,330,405,81.5,152,276,55.1,10,6.2,+3.8,63,62,36,6,118,Matches
168,Lennart Grill\Lennart-Grill,de GER,GK,Leverkusen,21,1999,4.0,144,161,89.4,3340,1883,29,29,100.0,90,91,98.9,25,41,61.0,0,0.0,0.0,0,0,0,0,0,Matches
169,Florian Grillitsch\Florian-Grillitsch,at AUT,MFDF,Hoffenheim,24,1995,20.9,1213,1413,85.8,26986,8142,359,414,86.7,573,627,91.4,262,323,81.1,1,1.7,-0.7,14,123,31,4,135,Matches
170,Christian Groß\Christian-Gross,de GER,MFDF,Werder Bremen,31,1989,16.3,742,861,86.2,14394,3716,287,318,90.3,342,377,90.7,107,151,70.9,1,0.6,+0.4,5,40,4,1,46,Matches
171,Ilia Gruev\Ilia-Gruev,bg BUL,FW,Werder Bremen,20,2000,0.0,0,0,,0,0,0,0,,0,0,,0,0,,0,0.0,0.0,0,0,0,0,0,Matches
172,Carlos Gruezo\Carlos-Gruezo,ec ECU,MF,Augsburg,25,1995,23.2,646,803,80.4,14093,3277,216,261,82.8,288,326,88.3,136,191,71.2,0,0.6,-0.6,9,53,6,0,58,Matches
173,Mattéo Guendouzi\Matteo-Guendouzi,fr FRA,MF,Hertha BSC,21,1999,20.2,866,1022,84.7,18098,4570,268,307,87.3,427,471,90.7,158,202,78.2,1,1.4,-0.4,15,93,18,0,106,Matches
174,Raphaël Guerreiro\Raphael-Guerreiro,pt POR,DF,Dortmund,26,1993,24.6,1858,2146,86.6,31113,12371,970,1056,91.9,700,786,89.1,154,223,69.1,10,7.0,+3.0,53,179,61,13,228,Matches
175,Josuha Guilavogui\Josuha-Guilavogui,fr FRA,MFDF,Wolfsburg,29,1990,8.3,361,430,84.0,7632,2169,115,136,84.6,167,191,87.4,71,91,78.0,1,0.1,+0.9,4,43,4,0,35,Matches
176,Péter Gulácsi\Peter-Gulacsi,hu HUN,GK,RB Leipzig,30,1990,33.0,1014,1169,86.7,26001,13524,214,215,99.5,512,514,99.6,282,434,65.0,0,0.0,0.0,0,13,0,0,1,Matches
177,Manuel Gulde\Manuel-Gulde,de GER,DF,Freiburg,29,1991,21.7,898,1015,88.5,19258,5336,235,259,90.7,509,542,93.9,147,196,75.0,0,0.0,0.0,0,37,0,0,48,Matches
178,Robert Gumny\Robert-Gumny,pl POL,DF,Augsburg,22,1998,15.3,444,595,74.6,7436,2979,217,248,87.5,181,229,79.0,40,83,48.2,0,0.5,-0.5,7,13,9,5,33,Matches
179,Christian Günter\Christian-Gunter,de GER,DF,Freiburg,27,1993,34.0,1203,1656,72.6,23198,9621,509,590,86.3,497,639,77.8,179,350,51.1,3,5.9,-2.9,70,84,55,34,122,Matches
180,Erling Haaland\Erling-Haaland,no NOR,FW,Dortmund,20,2000,26.7,360,490,73.5,4932,811,222,286,77.6,99,135,73.3,17,30,56.7,6,5.4,+0.6,23,17,17,0,32,Matches
181,Janik Haberer\Janik-Haberer,de GER,MFFW,Freiburg,26,1994,5.4,173,216,80.1,3030,628,74,89,83.1,67,81,82.7,23,32,71.9,0,0.1,-0.1,2,14,4,1,19,Matches
182,Alexander Hack\Alexander-Hack,de GER,DF,Mainz 05,26,1993,15.2,530,686,77.3,11995,4798,138,173,79.8,263,305,86.2,123,188,65.4,0,0.4,-0.4,6,37,2,0,49,Matches
183,André Hahn\Andre-Hahn,de GER,FWMF,Augsburg,29,1990,22.6,262,467,56.1,4501,989,129,196,65.8,100,172,58.1,24,58,41.4,3,1.8,+1.2,17,15,12,4,24,Matches
184,Amadou Haidara\Amadou-Haidara,ml MLI,MFDF,RB Leipzig,22,1998,21.2,891,1110,80.3,13959,4265,505,572,88.3,298,365,81.6,61,106,57.5,1,2.6,-1.6,33,67,31,6,114,Matches
185,Marcel Halstenberg\Marcel-Halstenberg,de GER,DF,RB Leipzig,28,1991,18.3,1438,1638,87.8,25981,9082,606,650,93.2,683,756,90.3,132,193,68.4,2,2.5,-0.5,27,142,20,10,151,Matches
186,Amine Harit\Amine-Harit,ma MAR,MFFW,Schalke 04,23,1997,23.3,640,854,74.9,11156,3661,303,372,81.5,231,286,80.8,80,141,56.7,5,4.9,+0.1,46,47,36,3,94,Matches
187,Marcel Hartel\Marcel-Hartel,de GER,MF,Arminia,24,1996,18.7,589,789,74.7,10871,2697,271,305,88.9,233,286,81.5,75,156,48.1,0,1.2,-1.2,14,45,17,7,56,Matches
188,Makoto Hasebe\Makoto-Hasebe,jp JPN,DFMF,Eint Frankfurt,36,1984,25.4,1481,1664,89.0,29826,9093,488,541,90.2,745,797,93.5,228,291,78.4,0,0.2,-0.2,5,138,14,3,136,Matches
189,Thorgan Hazard\Thorgan-Hazard,be BEL,FWMF,Dortmund,27,1993,7.3,303,368,82.3,5224,1594,159,179,88.8,106,124,85.5,31,51,60.8,3,2.8,+0.2,13,14,16,1,34,Matches
190,Jonas Hector\Jonas-Hector,de GER,MF,Köln,30,1990,14.3,439,569,77.2,8741,1951,169,217,77.9,190,225,84.4,72,107,67.3,1,1.6,-0.6,18,34,14,1,45,Matches
191,Hwang Hee-chan\Hwang-Hee-chan,kr KOR,FWMF,RB Leipzig,24,1996,5.1,80,120,66.7,1069,295,57,70,81.4,17,32,53.1,3,9,33.3,1,0.9,+0.1,4,4,1,0,6,Matches
192,Dominique Heintz\Dominique-Heintz,de GER,DF,Freiburg,26,1993,15.2,837,975,85.8,20279,6231,182,194,93.8,439,474,92.6,211,292,72.3,0,0.4,-0.4,3,67,4,0,66,Matches
193,Benjamin Henrichs\Benjamin-Henrichs,de GER,DFMF,RB Leipzig,23,1997,6.0,266,355,74.9,4516,1621,129,151,85.4,110,138,79.7,24,41,58.5,1,0.6,+0.4,3,26,4,0,33,Matches
194,Lucas Hernández\Lucas-Hernandez,fr FRA,DF,Bayern Munich,24,1996,17.7,1107,1307,84.7,21383,7512,403,446,90.4,564,632,89.2,132,194,68.0,2,1.2,+0.8,13,78,20,12,88,Matches
195,Patrick Herrmann\Patrick-Herrmann,de GER,FW,M'Gladbach,29,1991,9.7,234,350,66.9,3955,1191,124,160,77.5,80,108,74.1,25,64,39.1,3,1.7,+1.3,21,13,8,4,25,Matches
196,Martin Hinteregger\Martin-Hinteregger,at AUT,DF,Eint Frankfurt,27,1992,28.1,1560,1886,82.7,33410,11615,449,500,89.8,831,928,89.5,267,427,62.5,1,0.7,+0.3,8,129,8,0,153,Matches
197,Marwin Hitz\Marwin-Hitz,ch SUI,GK,Dortmund,32,1987,15.5,457,550,83.1,13167,7364,78,79,98.7,211,211,100.0,165,257,64.2,0,0.0,0.0,0,2,0,0,0,Matches
198,Nicolas Höfler\Nicolas-Hofler,de GER,MF,Freiburg,30,1990,30.3,1173,1390,84.4,22550,6280,414,484,85.5,587,641,91.6,142,199,71.4,3,1.5,+1.5,18,97,17,3,107,Matches
199,Jonas Hofmann\Jonas-Hofmann,de GER,FWMF,M'Gladbach,28,1992,20.2,763,1025,74.4,14975,4327,337,389,86.6,274,333,82.3,134,248,54.0,11,5.5,+5.5,57,53,25,4,65,Matches
200,Marco Höger\Marco-Hoger,de GER,DF,Köln,30,1989,0.6,21,31,67.7,383,167,9,10,90.0,9,14,64.3,3,7,42.9,0,0.0,0.0,0,1,1,0,4,Matches
201,Lucas Höler\Lucas-Holer,de GER,FWMF,Freiburg,26,1994,23.2,446,659,67.7,6749,1284,273,341,80.1,129,201,64.2,30,57,52.6,4,3.0,+1.0,21,28,14,1,40,Matches
202,Matthew Hoppe\Matthew-Hoppe,us USA,FW,Schalke 04,19,2001,14.5,186,256,72.7,2602,442,109,136,80.1,56,79,70.9,9,16,56.3,1,0.8,+0.2,7,7,7,1,14,Matches
203,Jannes Horn\Jannes-Horn,de GER,DF,Köln,23,1997,19.6,722,907,79.6,15423,6270,208,239,87.0,385,442,87.1,122,207,58.9,1,1.6,-0.6,15,52,19,14,68,Matches
204,Timo Horn\Timo-Horn,de GER,GK,Köln,27,1993,33.4,974,1326,73.5,30721,19007,138,139,99.3,419,423,99.1,412,758,54.4,0,0.0,0.0,1,26,1,0,0,Matches
205,Lukáš Hrádecký\Lukas-Hradecky,fi FIN,GK,Leverkusen,30,1989,28.5,1072,1391,77.1,29990,19082,167,167,100.0,520,527,98.7,378,687,55.0,0,0.0,0.0,0,9,0,0,1,Matches
206,Ajdin Hrustic\Ajdin-Hrustic,au AUS,MFFW,Eint Frankfurt,24,1996,3.0,199,244,81.6,3896,1166,77,81,95.1,82,89,92.1,36,64,56.3,0,0.4,-0.4,6,25,10,2,25,Matches
207,Florian Hübner\Florian-Hubner,de GER,DF,Union Berlin,29,1991,5.8,177,238,74.4,3308,1367,71,79,89.9,84,112,75.0,18,40,45.0,0,0.0,0.0,0,13,2,1,13,Matches
208,Mats Hummels\Mats-Hummels,de GER,DF,Dortmund,31,1988,31.3,2293,2581,88.8,56458,14700,416,454,91.6,1267,1348,94.0,605,759,79.7,0,0.9,-0.9,10,140,9,0,136,Matches
209,Klaas-Jan Huntelaar\Klaas-Jan-Huntelaar,nl NED,FW,Schalke 04,36,1983,6.5,103,135,76.3,1500,228,55,67,82.1,38,50,76.0,3,6,50.0,1,0.5,+0.5,4,5,5,1,8,Matches
210,Iago\Iago,br BRA,DF,Augsburg,23,1997,17.3,605,820,73.8,11384,3885,252,289,87.2,276,346,79.8,76,158,48.1,1,1.1,-0.1,14,19,18,10,41,Matches
211,Vedad Ibišević\Vedad-Ibisevic,ba BIH,FW,Schalke 04,35,1984,1.7,25,35,71.4,355,42,15,19,78.9,6,9,66.7,2,3,66.7,0,0.0,0.0,2,2,0,0,2,Matches
212,Blendi Idrizi\Blendi-Idrizi,xk KVX,MF,Schalke 04,22,1998,2.6,52,68,76.5,800,288,37,44,84.1,9,12,75.0,6,8,75.0,0,0.2,-0.2,1,6,2,0,6,Matches
213,Stefan Ilsanker\Stefan-Ilsanker,at AUT,MFDF,Eint Frankfurt,31,1989,17.5,708,883,80.2,13924,4416,261,289,90.3,347,410,84.6,91,156,58.3,0,0.2,-0.2,5,58,5,1,66,Matches
214,Marcus Ingvartsen\Marcus-Ingvartsen,dk DEN,MFFW,Union Berlin,24,1996,21.8,463,652,71.0,7338,2027,235,281,83.6,163,232,70.3,38,85,44.7,5,2.1,+2.9,21,33,11,3,43,Matches
215,Ismail Jakobs\Ismail-Jakobs,de GER,DFMF,Köln,20,1999,19.2,465,696,66.8,7879,2715,248,301,82.4,152,231,65.8,53,121,43.8,1,2.0,-1.0,14,19,20,13,37,Matches
216,Tony Jantschke\Tony-Jantschke,de GER,DF,M'Gladbach,30,1990,3.0,234,254,92.1,4840,1490,68,71,95.8,127,133,95.5,36,44,81.8,0,0.0,0.0,0,8,0,0,16,Matches
217,Rune Jarstein\Rune-Jarstein,no NOR,GK,Hertha BSC,35,1984,8.0,184,284,64.8,6322,4035,22,23,95.7,78,79,98.7,83,181,45.9,0,0.0,0.0,0,2,0,0,0,Matches
218,Tin Jedvaj\Tin-Jedvaj,hr CRO,DF,Leverkusen,24,1995,1.7,110,127,86.6,2255,943,38,39,97.4,59,66,89.4,13,20,65.0,0,0.0,0.0,0,14,1,0,9,Matches
219,Fredrik Jensen\Fredrik-Jensen,fi FIN,FWMF,Augsburg,22,1997,4.2,68,100,68.0,1087,352,36,43,83.7,25,31,80.6,5,16,31.3,1,1.0,0.0,6,5,4,1,4,Matches
220,Marco John\Marco-John,de GER,DF,Hoffenheim,18,2002,11.1,425,534,79.6,6793,2701,220,251,87.6,175,206,85.0,23,44,52.3,0,1.6,-1.6,10,23,19,9,46,Matches
221,Luka Jović\Luka-Jovic,rs SRB,FWMF,Eint Frankfurt,22,1997,9.9,228,292,78.1,3853,899,123,152,80.9,66,91,72.5,29,34,85.3,1,0.6,+0.4,5,24,10,1,34,Matches
222,Ozan Kabak\Ozan-Kabak,tr TUR,DF,Schalke 04,20,2000,13.8,605,680,89.0,13088,3961,173,188,92.0,321,336,95.5,106,150,70.7,0,0.2,-0.2,3,44,3,0,42,Matches
223,Pavel Kadeřábek\Pavel-Kaderabek,cz CZE,DF,Hoffenheim,28,1992,17.6,706,958,73.7,12568,4948,293,354,82.8,337,422,79.9,65,137,47.4,4,3.3,+0.7,23,55,31,15,89,Matches
224,Florian Kainz\Florian-Kainz,at AUT,FWMF,Köln,27,1992,5.0,126,183,68.9,2251,899,61,68,89.7,41,65,63.1,19,41,46.3,0,1.0,-1.0,10,15,8,2,21,Matches
225,Sasa Kalajdzic\Sasa-Kalajdzic,at AUT,FW,Stuttgart,23,1997,23.7,470,668,70.4,6726,1065,285,368,77.4,137,195,70.3,29,49,59.2,5,3.5,+1.5,23,26,13,1,37,Matches
226,Daichi Kamada\Daichi-Kamada,jp JPN,MFFW,Eint Frankfurt,23,1996,26.2,751,1003,74.9,13155,3946,367,440,83.4,263,326,80.7,97,170,57.1,12,7.5,+4.5,52,76,28,5,89,Matches
227,Marcin Kamiński\Marcin-Kaminski,pl POL,DF,Stuttgart,28,1992,2.4,188,213,88.3,3963,1522,49,53,92.5,110,116,94.8,28,38,73.7,0,0.2,-0.2,2,27,3,2,33,Matches
228,Kevin Kampl\Kevin-Kampl,si SVN,MF,RB Leipzig,29,1990,21.5,1284,1429,89.9,22654,4772,553,586,94.4,564,606,93.1,135,182,74.2,1,1.9,-0.9,16,116,17,1,102,Matches
229,Jimmy Kaparos\Jimmy-Kaparos,de GER,MF,Schalke 04,18,2001,0.2,2,2,100.0,33,19,1,1,100.0,1,1,100.0,0,0,,0,0.0,0.0,0,0,0,0,0,Matches
230,Atakan Karazor\Atakan-Karazor,de GER,DFMF,Stuttgart,23,1996,11.5,616,706,87.3,11207,3469,240,266,90.2,300,325,92.3,60,90,66.7,0,0.1,-0.1,2,24,1,0,29,Matches
231,Loris Karius\Loris-Karius,de GER,GK,Union Berlin,27,1993,3.2,58,95,61.1,2118,1579,7,7,100.0,20,20,100.0,31,68,45.6,0,0.0,0.0,0,4,0,0,0,Matches
232,Noah Katterbach\Noah-Katterbach,de GER,DF,Köln,19,2001,12.3,515,669,77.0,9114,4108,233,265,87.9,218,268,81.3,52,106,49.1,0,1.2,-1.2,12,38,11,7,54,Matches
233,Yannik Keitel\Yannik-Keitel,de GER,MF,Freiburg,20,2000,5.5,159,197,80.7,2820,659,75,93,80.6,64,73,87.7,17,22,77.3,0,0.2,-0.2,3,11,3,0,19,Matches
234,Marc-Oliver Kempf\Marc-Oliver-Kempf,de GER,DF,Stuttgart,25,1995,30.3,1542,1866,82.6,31928,12272,525,577,91.0,758,859,88.2,242,387,62.5,1,0.4,+0.6,11,167,21,2,162,Matches
235,Rani Khedira\Rani-Khedira,de GER,MF,Augsburg,26,1994,20.2,494,671,73.6,8873,2189,209,257,81.3,207,266,77.8,58,105,55.2,0,0.2,-0.2,7,28,12,3,43,Matches
236,Sami Khedira\Sami-Khedira,de GER,MF,Hertha BSC,33,1987,4.4,184,222,82.9,3476,737,64,76,84.2,94,107,87.9,22,32,68.8,1,0.5,+0.5,3,6,2,0,15,Matches
237,Luca Kilian\Luca-Kilian,de GER,DF,Mainz 05,20,1999,4.2,193,222,86.9,4430,1057,42,45,93.3,111,119,93.3,38,53,71.7,0,0.0,0.0,1,6,1,0,10,Matches
238,Joshua Kimmich\Joshua-Kimmich,de GER,MF,Bayern Munich,25,1995,24.4,1790,2131,84.0,39402,11583,590,646,91.3,799,881,90.7,375,561,66.8,10,6.6,+3.4,67,214,58,8,230,Matches
239,Davy Klaassen\Davy-Klaassen,nl NED,MF,Werder Bremen,27,1993,2.5,44,64,68.8,684,215,19,26,73.1,23,28,82.1,1,6,16.7,0,0.0,0.0,0,4,1,0,5,Matches
240,Felix Klaus\Felix-Klaus,de GER,DFMF,Wolfsburg,27,1992,1.5,58,72,80.6,1043,197,27,32,84.4,21,25,84.0,8,10,80.0,0,0.0,0.0,0,2,0,0,4,Matches
241,Klauss\Klauss,br BRA,FW,Hoffenheim,23,1997,0.6,18,22,81.8,245,100,13,14,92.9,4,5,80.0,1,2,50.0,0,0.3,-0.3,2,1,2,0,4,Matches
242,Philipp Klement\Philipp-Klement,de GER,MFFW,Stuttgart,27,1992,4.7,285,346,82.4,5621,1697,118,126,93.7,114,126,90.5,47,80,58.8,2,1.7,+0.3,17,27,9,1,21,Matches
243,Mateo Klimowicz\Mateo-Klimowicz,de GER,FWMF,Stuttgart,20,2000,13.3,253,336,75.3,4126,958,137,172,79.7,79,99,79.8,27,42,64.3,1,1.2,-0.2,13,21,11,1,28,Matches
244,Fabian Klos\Fabian-Klos,de GER,FW,Arminia,32,1987,30.1,450,798,56.4,7436,1943,237,372,63.7,156,286,54.5,43,83,51.8,2,3.5,-1.5,28,49,17,2,79,Matches
245,Lukas Klostermann\Lukas-Klostermann,de GER,DF,RB Leipzig,24,1996,16.1,1019,1153,88.4,19616,6154,368,401,91.8,522,563,92.7,121,177,68.4,0,0.5,-0.5,4,97,10,1,79,Matches
246,Justin Kluivert\Justin-Kluivert,nl NED,FW,RB Leipzig,21,1999,9.0,173,250,69.2,2550,517,108,138,78.3,47,67,70.1,13,28,46.4,1,1.2,-0.2,12,9,9,4,14,Matches
247,Lukas Klünter\Lukas-Klunter,de GER,DF,Hertha BSC,24,1996,11.0,408,531,76.8,8599,2890,112,125,89.6,230,263,87.5,63,123,51.2,0,0.3,-0.3,3,26,6,3,28,Matches
248,Ansgar Knauff\Ansgar-Knauff,de GER,FWMF,Dortmund,18,2002,0.8,19,25,76.0,360,139,6,8,75.0,11,14,78.6,1,2,50.0,1,1.0,0.0,4,0,2,2,2,Matches
249,Robin Knoche\Robin-Knoche,de GER,DF,Union Berlin,28,1992,33.8,1746,2016,86.6,41725,11576,369,408,90.4,912,991,92.0,453,592,76.5,0,0.3,-0.3,3,75,2,0,82,Matches
250,Gregor Kobel\Gregor-Kobel,ch SUI,GK,Stuttgart,22,1997,33.0,998,1216,82.1,22731,13877,356,357,99.7,384,385,99.7,221,435,50.8,0,0.0,0.0,1,12,1,0,1,Matches
251,Dominik Kohr\Dominik-Kohr,de GER,MF,Mainz 05,26,1994,14.1,394,517,76.2,6743,2254,173,211,82.0,162,206,78.6,43,70,61.4,1,1.2,-0.2,6,53,6,0,51,Matches
252,Dominik Kohr\Dominik-Kohr,de GER,MFFW,Eint Frankfurt,26,1994,2.9,133,173,76.9,2317,686,59,71,83.1,65,83,78.3,7,13,53.8,0,0.0,0.0,1,20,1,0,23,Matches
253,Sead Kolašinac\Sead-Kolasinac,ba BIH,DFMF,Schalke 04,27,1993,15.8,587,739,79.4,10011,3547,261,303,86.1,276,329,83.9,37,75,49.3,1,1.6,-0.6,12,32,9,1,44,Matches
254,Ibrahima Konaté\Ibrahima-Konate,fr FRA,DF,RB Leipzig,21,1999,7.7,472,546,86.4,9862,2611,104,116,89.7,301,326,92.3,64,98,65.3,0,0.0,0.0,0,30,0,0,22,Matches
255,Filip Kostić\Filip-Kostic,rs SRB,DF,Eint Frankfurt,27,1992,28.2,999,1593,62.7,19733,8002,391,506,77.3,424,614,69.1,164,363,45.2,14,11.5,+2.5,90,59,69,51,137,Matches
256,Nianzou Kouassi\Nianzou-Kouassi,fr FRA,DFMF,Bayern Munich,18,2002,1.3,78,86,90.7,1743,583,19,21,90.5,45,47,95.7,14,18,77.8,0,0.0,0.0,0,15,0,0,8,Matches
257,Andrej Kramarić\Andrej-Kramaric,hr CRO,FWMF,Hoffenheim,29,1991,26.4,780,1014,76.9,13416,2683,384,441,87.1,285,356,80.1,84,147,57.1,5,4.7,+0.3,39,47,43,13,68,Matches
258,Christoph Kramer\Christoph-Kramer,de GER,MF,M'Gladbach,29,1991,22.6,1130,1303,86.7,19122,5431,547,593,92.2,454,510,89.0,99,147,67.3,2,1.2,+0.8,11,84,13,2,91,Matches
259,Max Kruse\Max-Kruse,de GER,FWMF,Union Berlin,32,1988,18.1,565,749,75.4,11607,2330,212,261,81.2,230,279,82.4,108,161,67.1,5,4.5,+0.5,38,45,24,5,70,Matches
260,Lukas Kübler\Lukas-Kubler,de GER,DF,Freiburg,27,1992,9.8,281,419,67.1,5928,2426,106,135,78.5,123,178,69.1,50,91,54.9,1,0.3,+0.7,4,20,9,2,34,Matches
261,Pierre Kunde\Pierre-Kunde,cm CMR,MF,Mainz 05,25,1995,5.7,224,294,76.2,4584,1152,83,97,85.6,102,123,82.9,37,64,57.8,0,0.9,-0.9,6,23,5,0,23,Matches
262,Fabian Kunze\Fabian-Kunze,de GER,MF,Arminia,22,1998,14.1,444,566,78.4,8141,1898,180,221,81.4,210,244,86.1,47,81,58.0,0,0.4,-0.4,5,41,3,0,48,Matches
263,Ahmed Kutucu\Ahmed-Kutucu,tr TUR,FWMF,Schalke 04,20,2000,1.2,22,37,59.5,356,35,12,17,70.6,5,8,62.5,3,7,42.9,0,0.0,0.0,1,1,0,0,0,Matches
264,Maxence Lacroix\Maxence-Lacroix,fr FRA,DF,Wolfsburg,20,2000,28.8,1460,1736,84.1,36305,10858,220,259,84.9,842,903,93.2,392,543,72.2,1,0.4,+0.6,4,102,5,0,110,Matches
265,Konrad Laimer\Konrad-Laimer,at AUT,DFFW,RB Leipzig,23,1997,0.9,39,51,76.5,511,197,21,22,95.5,15,22,68.2,1,2,50.0,0,0.0,0.0,0,2,1,1,4,Matches
266,Stefan Lainer\Stefan-Lainer,at AUT,DF,M'Gladbach,27,1992,30.8,1289,1706,75.6,22635,9716,593,673,88.1,536,686,78.1,134,265,50.6,2,2.4,-0.4,34,97,33,16,148,Matches
267,Michael Langer\Michael-Langer,at AUT,GK,Schalke 04,35,1985,2.7,50,76,65.8,1438,840,8,8,100.0,26,26,100.0,16,42,38.1,0,0.0,0.0,0,1,0,0,0,Matches
268,Danny Latza\Danny-Latza,de GER,MF,Mainz 05,30,1989,20.0,531,752,70.6,10159,2925,217,262,82.8,235,309,76.1,70,139,50.4,2,2.2,-0.2,23,39,7,2,67,Matches
269,Valentino Lazaro\Valentino-Lazaro,at AUT,DFFW,M'Gladbach,24,1996,13.8,441,579,76.2,7354,2042,233,269,86.6,154,207,74.4,44,80,55.0,0,1.0,-1.0,16,27,9,4,32,Matches
270,Mathew Leckie\Mathew-Leckie,au AUS,FWDF,Hertha BSC,29,1991,5.6,160,210,76.2,2922,629,72,88,81.8,69,84,82.1,17,25,68.0,1,0.6,+0.4,5,6,6,3,13,Matches
271,Christopher Lenz\Christopher-Lenz,de GER,DF,Union Berlin,25,1994,25.0,976,1340,72.8,18290,7643,436,510,85.5,395,507,77.9,130,253,51.4,3,2.0,+1.0,19,72,30,12,108,Matches
272,Robert Lewandowski\Robert-Lewandowski,pl POL,FW,Bayern Munich,31,1988,27.3,543,710,76.5,8374,1538,299,366,81.7,170,212,80.2,46,63,73.0,7,3.6,+3.4,30,34,26,4,52,Matches
273,Philipp Lienhart\Philipp-Lienhart,at AUT,DF,Freiburg,24,1996,33.3,1634,1906,85.7,39611,10364,264,299,88.3,988,1043,94.7,377,540,69.8,0,0.3,-0.3,3,76,1,0,75,Matches
274,Dimitris Limnios\Dimitris-Limnios,gr GRE,MFFW,Köln,22,1998,4.2,83,131,63.4,1401,459,42,57,73.7,33,44,75.0,7,17,41.2,0,0.5,-0.5,4,2,4,1,8,Matches
275,Niklas Lomb\Niklas-Lomb,de GER,GK,Leverkusen,27,1993,1.5,48,60,80.0,1217,848,12,12,100.0,25,25,100.0,11,23,47.8,0,0.0,0.0,0,0,0,0,0,Matches
276,Eduard Löwen\Eduard-Lowen,de GER,MFDF,Hertha BSC,23,1997,0.9,52,69,75.4,977,238,19,23,82.6,28,35,80.0,4,7,57.1,0,0.0,0.0,0,3,2,1,3,Matches
277,Jan Luca Schuler\Jan-Luca-Schuler,de GER,FW,Schalke 04,21,1999,0.4,7,13,53.8,68,3,5,10,50.0,1,2,50.0,0,0,,0,0.0,0.0,0,0,0,0,0,Matches
278,Anderson Lucoqui\Anderson-Lucoqui,ao ANG,DF,Arminia,23,1997,17.8,501,736,68.1,9404,3647,199,239,83.3,236,331,71.3,57,120,47.5,0,0.1,-0.1,6,36,6,0,49,Matches
279,Kilian Ludewig\Kilian-Ludewig,de GER,DF,Schalke 04,20,2000,5.8,220,294,74.8,3616,1738,112,131,85.5,89,111,80.2,16,34,47.1,0,0.3,-0.3,5,10,8,3,24,Matches
280,Dodi Lukebakio\Dodi-Lukebakio,be BEL,FWMF,Hertha BSC,22,1997,20.6,400,533,75.0,7381,1332,184,233,79.0,147,187,78.6,55,77,71.4,5,2.5,+2.5,21,23,13,6,34,Matches
281,Andreas Luthe\Andreas-Luthe,de GER,GK,Union Berlin,33,1987,30.8,815,1138,71.6,25013,16032,142,144,98.6,363,371,97.8,309,621,49.8,0,0.0,0.0,0,10,0,0,0,Matches
282,Tim Maciejewski\Tim-Maciejewski,de GER,MF,Union Berlin,19,2001,0.1,2,3,66.7,41,2,1,1,100.0,1,1,100.0,0,0,,0,0.0,0.0,0,0,0,0,0,Matches
283,Luca Mack\Luca-Mack,de GER,MF,Stuttgart,20,2000,0.1,2,3,66.7,27,10,2,2,100.0,0,0,,0,1,0.0,0,0.0,0.0,0,0,0,0,0,Matches
284,Mikail Maden\Mikail-Maden,no NOR,FW,Schalke 04,18,2002,0.1,2,2,100.0,28,0,1,1,100.0,1,1,100.0,0,0,,0,0.0,0.0,0,0,0,0,0,Matches
285,Arne Maier\Arne-Maier,de GER,MF,Hertha BSC,21,1999,0.3,20,21,95.2,463,108,5,5,100.0,12,12,100.0,3,4,75.0,0,0.2,-0.2,1,2,1,0,3,Matches
286,Arne Maier\Arne-Maier,de GER,MF,Arminia,21,1999,11.5,306,419,73.0,6236,1365,113,138,81.9,129,164,78.7,60,99,60.6,0,1.4,-1.4,12,21,10,1,29,Matches
287,Yunus Mallı\Yunus-Malli,tr TUR,MF,Wolfsburg,28,1992,0.6,11,13,84.6,204,62,4,4,100.0,6,7,85.7,1,2,50.0,0,0.1,-0.1,2,2,1,0,2,Matches
288,Orel Mangala\Orel-Mangala,be BEL,MF,Stuttgart,22,1998,23.4,881,1040,84.7,15174,4051,412,464,88.8,378,426,88.7,75,108,69.4,3,1.5,+1.5,16,69,12,1,81,Matches
289,Omar Marmoush\Omar-Marmoush,eg EGY,FW,Wolfsburg,21,1999,0.0,1,1,100.0,13,0,1,1,100.0,0,0,,0,0,,0,0.0,0.0,0,0,0,0,0,Matches
290,Aarón Martín\Aaron-Martin,es ESP,DF,Mainz 05,23,1997,2.9,122,169,72.2,2219,899,54,61,88.5,49,67,73.1,17,34,50.0,0,0.4,-0.4,5,9,4,4,6,Matches
291,Javi Martínez\Javi-Martinez,es ESP,DFMF,Bayern Munich,31,1988,5.2,352,390,90.3,7250,1778,105,115,91.3,189,207,91.3,56,66,84.8,0,0.2,-0.2,1,34,2,0,25,Matches
292,Josep Martinez\Josep-Martinez,es ESP,GK,RB Leipzig,22,1998,1.0,37,49,75.5,829,366,11,11,100.0,19,19,100.0,7,19,36.8,0,0.0,0.0,0,0,0,0,0,Matches
293,Omar Mascarell\Omar-Mascarell,es ESP,MF,Schalke 04,27,1993,19.6,726,883,82.2,15695,3703,233,262,88.9,342,389,87.9,142,205,69.3,1,0.5,+0.5,7,49,7,0,66,Matches
294,Roberto Massimo\Roberto-Massimo,de GER,DFFW,Stuttgart,19,2000,8.4,226,299,75.6,3881,984,108,133,81.2,94,114,82.5,19,31,61.3,0,1.4,-1.4,8,7,9,2,18,Matches
295,Jean-Philippe Mateta\Jean-Philippe-Mateta,fr FRA,FW,Mainz 05,23,1997,11.1,182,252,72.2,2553,307,107,135,79.3,55,74,74.3,10,13,76.9,1,1.5,-0.5,14,5,4,0,6,Matches
296,Rabbi Matondo\Rabbi-Matondo,wal WAL,FWMF,Schalke 04,19,2000,2.4,34,40,85.0,584,56,18,20,90.0,10,10,100.0,4,5,80.0,0,0.1,-0.1,3,2,3,0,3,Matches
297,Henning Matriciani\Henning-Matriciani,de GER,DF,Schalke 04,20,2000,0.3,3,5,60.0,72,72,1,3,33.3,1,1,100.0,1,1,100.0,0,0.0,0.0,0,1,0,0,0,Matches
298,Konstantinos Mavropanos\Konstantinos-Mavropanos,gr GRE,DF,Stuttgart,22,1997,16.3,844,1059,79.7,17917,7314,284,327,86.9,409,465,88.0,143,239,59.8,0,0.3,-0.3,4,72,6,2,75,Matches
299,Eric Maxim Choupo-Moting\Eric-Maxim-Choupo-Moting,cm CMR,FWMF,Bayern Munich,31,1989,9.1,178,220,80.9,2415,404,118,133,88.7,46,57,80.7,7,9,77.8,0,1.6,-1.6,11,9,6,0,17,Matches
300,Kevin Mbabu\Kevin-Mbabu,ch SUI,DF,Wolfsburg,25,1995,18.2,719,1029,69.9,14651,6665,235,300,78.3,386,485,79.6,96,194,49.5,1,1.2,-0.2,13,68,30,11,141,Matches
301,Jean-Manuel Mbom\Jean-Manuel-Mbom,de GER,MFDF,Werder Bremen,20,2000,12.9,257,364,70.6,4497,1374,124,158,78.5,106,143,74.1,22,47,46.8,1,0.6,+0.4,7,20,6,2,22,Matches
302,Nathan de Medina\Nathan-de-Medina,be BEL,DF,Arminia,22,1997,7.1,210,316,66.5,3562,1591,105,118,89.0,82,130,63.1,16,48,33.3,1,0.6,+0.4,3,13,4,2,13,Matches
303,Joshua Mees\Joshua-Mees,de GER,FW,Union Berlin,24,1996,0.1,2,3,66.7,19,0,2,2,100.0,0,1,0.0,0,0,,0,0.0,0.0,0,0,0,0,0,Matches
304,Admir Mehmedi\Admir-Mehmedi,ch SUI,MFFW,Wolfsburg,29,1991,9.1,347,442,78.5,5595,1392,185,223,83.0,119,142,83.8,29,48,60.4,2,2.0,0.0,17,35,17,3,44,Matches
305,Hamza Mendyl\Hamza-Mendyl,ma MAR,FW,Schalke 04,22,1997,1.1,23,29,79.3,340,144,12,16,75.0,9,10,90.0,1,1,100.0,0,0.0,0.0,0,3,0,0,5,Matches
306,Levent Mercan\Levent-Mercan,de GER,FW,Schalke 04,19,2000,0.1,1,1,100.0,30,5,0,0,,0,0,,1,1,100.0,0,0.0,0.0,0,0,0,0,0,Matches
307,Jorge Meré\Jorge-Mere,es ESP,DF,Köln,23,1997,14.4,603,680,88.7,14241,3552,130,139,93.5,334,355,94.1,133,176,75.6,0,0.2,-0.2,3,32,5,0,23,Matches
308,Thomas Meunier\Thomas-Meunier,be BEL,DF,Dortmund,28,1991,16.4,1024,1253,81.7,18826,5553,450,502,89.6,441,511,86.3,119,191,62.3,1,1.7,-0.7,13,73,22,11,88,Matches
309,Max Meyer\Max-Meyer,de GER,MF,Köln,24,1995,3.9,216,260,83.1,3599,654,109,121,90.1,72,87,82.8,26,38,68.4,0,0.1,-0.1,2,17,7,0,17,Matches
310,Jonas Michel Dirkner\Jonas-Michel-Dirkner,de GER,MF,Hertha BSC,18,2002,0.2,2,4,50.0,65,43,0,0,,1,1,100.0,1,2,50.0,0,0.0,0.0,0,1,0,0,0,Matches
311,Jonas Michelbrink\Jonas-Michelbrink,de GER,MF,Hertha BSC,19,2001,0.4,11,15,73.3,158,39,5,6,83.3,5,6,83.3,1,1,100.0,0,0.0,0.0,0,0,0,0,0,Matches
312,Maximilian Mittelstädt\Maximilian-Mittelstadt,de GER,DF,Hertha BSC,23,1997,20.0,842,1126,74.8,17180,5985,308,365,84.4,375,447,83.9,150,270,55.6,2,1.9,+0.1,23,63,28,14,81,Matches
313,Anthony Modeste\Anthony-Modeste,fr FRA,FWMF,Köln,32,1988,2.5,28,48,58.3,391,43,22,30,73.3,3,9,33.3,2,3,66.7,0,0.0,0.0,1,1,0,0,0,Matches
314,Kevin Möhwald\Kevin-Mohwald,de GER,MF,Werder Bremen,27,1993,17.3,833,987,84.4,14422,3121,409,451,90.7,304,342,88.9,95,144,66.0,1,1.0,0.0,12,65,11,2,60,Matches
315,Niklas Moisander\Niklas-Moisander,fi FIN,DF,Werder Bremen,34,1985,13.6,797,886,90.0,18052,5795,191,206,92.7,447,474,94.3,156,194,80.4,0,0.0,0.0,2,41,3,0,46,Matches
316,Alkhaly Momo Cissé\Alkhaly-Momo-Cisse,gn GUI,DFFW,Stuttgart,17,2002,0.4,13,18,72.2,194,35,5,7,71.4,6,6,100.0,0,1,0.0,0,0.0,0.0,1,1,0,0,1,Matches
317,Jan Morávek\Jan-Moravek,cz CZE,MF,Augsburg,30,1989,3.0,98,144,68.1,1621,389,46,66,69.7,33,43,76.7,12,20,60.0,0,0.0,0.0,1,10,0,0,9,Matches
318,Mateu Morey\Mateu-Morey,es ESP,DF,Dortmund,20,2000,9.2,629,747,84.2,11653,3181,288,318,90.6,244,286,85.3,90,126,71.4,2,0.6,+1.4,7,35,14,5,48,Matches
319,Youssoufa Moukoko\Youssoufa-Moukoko,de GER,FWMF,Dortmund,15,2004,4.7,60,78,76.9,845,123,33,40,82.5,15,23,65.2,5,6,83.3,0,0.7,-0.7,1,2,1,0,3,Matches
320,Nordi Mukiele\Nordi-Mukiele,fr FRA,DF,RB Leipzig,22,1997,18.6,891,1144,77.9,16725,6573,381,461,82.6,388,464,83.6,114,167,68.3,1,1.5,-0.5,10,60,17,6,96,Matches
321,Florian Müller\Florian-Muller,de GER,GK,Freiburg,22,1997,31.0,914,1338,68.3,27516,17236,130,130,100.0,481,487,98.8,300,715,42.0,0,0.0,0.0,1,22,3,0,0,Matches
322,Sebastian Müller\Sebastian-Muller,de GER,MFDF,Arminia,19,2001,0.0,0,1,0.0,0,0,0,0,,0,1,0.0,0,0,,0,0.0,0.0,0,0,0,0,0,Matches
323,Thomas Müller\Thomas-Muller,de GER,MF,Bayern Munich,30,1989,29.7,1132,1528,74.1,19519,5212,557,695,80.1,429,552,77.7,112,179,62.6,19,11.5,+7.5,90,95,62,21,133,Matches
324,Petar Musa\Petar-Musa,hr CRO,FW,Union Berlin,22,1998,7.9,123,218,56.4,1585,323,82,133,61.7,31,61,50.8,3,10,30.0,3,0.8,+2.2,8,5,3,0,12,Matches
325,Jamal Musiala\Jamal-Musiala,de GER,FWMF,Bayern Munich,17,2003,9.8,369,435,84.8,5638,1157,190,216,88.0,135,158,85.4,24,30,80.0,1,0.9,+0.1,9,24,13,1,38,Matches
326,Shkodran Mustafi\Shkodran-Mustafi,de GER,DF,Schalke 04,28,1992,11.5,447,560,79.8,10947,3703,85,98,86.7,246,281,87.5,113,173,65.3,0,0.0,0.0,1,33,1,0,35,Matches
327,Phillipp Mwene\Phillipp-Mwene,at AUT,DF,Mainz 05,26,1994,18.6,375,590,63.6,7118,3425,171,204,83.8,129,202,63.9,63,131,48.1,2,1.4,+0.6,18,24,26,9,48,Matches
328,Obite N'Dicka\Obite-NDicka,fr FRA,DF,Eint Frankfurt,20,1999,22.7,1139,1331,85.6,20173,7579,516,554,93.1,493,565,87.3,115,168,68.5,1,0.3,+0.7,5,70,4,1,82,Matches
329,Matija Nastasić\Matija-Nastasic,rs SRB,DF,Schalke 04,27,1993,13.6,594,679,87.5,14049,3895,133,142,93.7,312,336,92.9,145,196,74.0,0,0.0,0.0,0,22,0,0,20,Matches
330,Paul Nebel\Paul-Nebel,de GER,MF,Mainz 05,17,2002,0.6,22,28,78.6,418,97,10,13,76.9,9,10,90.0,3,4,75.0,0,0.0,0.0,0,3,1,0,2,Matches
331,Luca Netz\Luca-Netz,de GER,DF,Hertha BSC,17,2003,3.4,131,169,77.5,2321,664,48,58,82.8,69,76,90.8,10,27,37.0,0,0.1,-0.1,2,6,2,1,12,Matches
332,Manuel Neuer\Manuel-Neuer,de GER,GK,Bayern Munich,34,1986,33.0,1137,1317,86.3,32279,17759,175,177,98.9,520,524,99.2,438,609,71.9,0,0.2,-0.2,1,7,0,0,4,Matches
333,Florian Neuhaus\Florian-Neuhaus,de GER,MF,M'Gladbach,23,1997,29.1,1478,1768,83.6,29020,8857,584,653,89.4,663,761,87.1,212,304,69.7,5,2.4,+2.6,22,141,32,1,178,Matches
334,Jessic Ngankam\Jessic-Ngankam,de GER,FW,Hertha BSC,20,2000,3.3,40,53,75.5,642,92,18,23,78.3,15,21,71.4,5,5,100.0,0,0.0,0.0,1,2,0,0,2,Matches
335,Moussa Niakhate\Moussa-Niakhate,fr FRA,DF,Mainz 05,24,1996,31.8,1131,1528,74.0,24796,10864,319,371,86.0,592,731,81.0,213,386,55.2,1,2.0,-1.0,15,97,13,4,112,Matches
336,Florian Niederlechner\Florian-Niederlechner,de GER,FW,Augsburg,29,1990,19.3,229,325,70.5,4030,770,104,137,75.9,84,111,75.7,30,46,65.2,4,3.0,+1.0,13,16,9,1,24,Matches
337,Joakim Nilsson\Joakim-Nilsson,se SWE,DF,Arminia,26,1994,24.0,892,1058,84.3,20000,5795,220,246,89.4,490,542,90.4,178,256,69.5,0,0.1,-0.1,2,33,1,1,43,Matches
338,Christopher Nkunku\Christopher-Nkunku,fr FRA,FWMF,RB Leipzig,22,1997,21.0,787,1011,77.8,12223,4047,448,502,89.2,230,284,81.0,77,166,46.4,6,7.5,-1.5,71,41,41,5,77,Matches
339,Håvard Nordtveit\Havard-Nordtveit,no NOR,DF,Hoffenheim,30,1990,7.8,383,449,85.3,9333,3604,86,98,87.8,197,216,91.2,96,129,74.4,0,0.3,-0.3,3,34,2,0,26,Matches
340,Alexander Nübel\Alexander-Nubel,de GER,GK,Bayern Munich,23,1996,1.0,33,35,94.3,854,512,7,7,100.0,15,15,100.0,11,13,84.6,0,0.0,0.0,0,1,0,0,0,Matches
341,Kasim Nuhu\Kasim-Nuhu,gh GHA,DF,Hoffenheim,25,1995,11.0,550,647,85.0,12240,4711,135,148,91.2,308,331,93.1,99,149,66.4,0,0.0,0.0,1,59,3,0,55,Matches
342,Bastian Oczipka\Bastian-Oczipka,de GER,DF,Schalke 04,31,1989,21.4,885,1128,78.5,15852,6596,404,438,92.2,372,442,84.2,100,202,49.5,2,1.5,+0.5,27,49,19,7,75,Matches
343,Masaya Okugawa\Masaya-Okugawa,jp JPN,MF,Arminia,24,1996,10.2,99,162,61.1,1414,430,58,77,75.3,29,47,61.7,6,24,25.0,0,0.8,-0.8,3,8,2,0,10,Matches
344,Dani Olmo\Dani-Olmo,es ESP,MFFW,RB Leipzig,22,1998,24.4,982,1261,77.9,15563,4760,546,634,86.1,310,392,79.1,86,143,60.1,9,4.9,+4.1,38,104,54,4,143,Matches
345,Karim Onisiwo\Karim-Onisiwo,at AUT,FW,Mainz 05,28,1992,20.5,265,423,62.6,4144,804,137,204,67.2,87,135,64.4,25,47,53.2,0,2.4,-2.4,18,12,12,5,27,Matches
346,Willi Orban\Willi-Orban,hu HUN,DF,RB Leipzig,27,1992,26.3,1817,2057,88.3,36267,11721,548,605,90.6,1033,1113,92.8,219,308,71.1,1,0.8,+0.2,8,197,10,2,143,Matches
347,Stefan Ortega\Stefan-Ortega,de GER,GK,Arminia,27,1992,34.0,1388,1966,70.6,50579,32451,119,123,96.7,605,616,98.2,664,1226,54.2,1,0.6,+0.4,6,99,10,0,3,Matches
348,Yuya Osako\Yuya-Osako,jp JPN,MFFW,Werder Bremen,30,1990,8.5,170,249,68.3,2767,786,87,118,73.7,64,89,71.9,15,30,50.0,1,1.5,-0.5,10,18,6,0,25,Matches
349,Paulo Otávio\Paulo-Otavio,br BRA,DF,Wolfsburg,25,1994,19.3,742,989,75.0,14520,5205,276,312,88.5,364,466,78.1,94,175,53.7,2,1.9,+0.1,16,41,28,17,76,Matches
350,Reece Oxford\Reece-Oxford,eng ENG,DF,Augsburg,21,1998,15.1,559,662,84.4,11829,4263,154,177,87.0,315,341,92.4,85,127,66.9,0,0.1,-0.1,2,33,2,1,58,Matches
351,Salih Özcan\Salih-Ozcan,de GER,MF,Köln,22,1998,15.2,560,696,80.5,10052,2394,243,294,82.7,222,258,86.0,68,102,66.7,1,0.7,+0.3,12,41,3,1,39,Matches
352,Levin Öztunalı\Levin-Oztunali,de GER,DFFW,Mainz 05,24,1996,8.4,167,270,61.9,2925,1375,90,107,84.1,55,91,60.4,19,52,36.5,2,0.9,+1.1,10,17,11,4,25,Matches
353,Gonçalo Paciência\Goncalo-Paciencia,pt POR,FW,Schalke 04,25,1994,8.3,111,182,61.0,1834,414,59,91,64.8,32,52,61.5,14,24,58.3,1,0.6,+0.4,3,7,2,1,9,Matches
354,Exequiel Palacios\Exequiel-Palacios,ar ARG,MF,Leverkusen,21,1998,6.4,371,428,86.7,6208,1616,201,215,93.5,125,148,84.5,39,52,75.0,0,0.9,-0.9,9,27,4,1,27,Matches
355,Matondo-Merveille Papela\Matondo-Merveille-Papela,de GER,DF,Mainz 05,19,2001,0.0,1,1,100.0,9,9,1,1,100.0,0,0,,0,0,,0,0.0,0.0,0,0,0,0,0,Matches
356,Felix Passlack\Felix-Passlack,de GER,DF,Dortmund,22,1998,4.0,256,303,84.5,4369,981,128,133,96.2,104,117,88.9,23,38,60.5,0,0.2,-0.2,3,13,5,2,14,Matches
357,Paulinho\Paulinho,br BRA,FW,Leverkusen,20,2000,0.7,21,26,80.8,264,33,16,19,84.2,4,5,80.0,1,1,100.0,0,0.0,0.0,0,2,0,0,2,Matches
358,Benjamin Pavard\Benjamin-Pavard,fr FRA,DF,Bayern Munich,24,1996,21.6,1434,1680,85.4,26141,9361,623,688,90.6,638,714,89.4,158,237,66.7,0,1.9,-1.9,14,140,29,11,164,Matches
359,Jiří Pavlenka\Jiri-Pavlenka,cz CZE,GK,Werder Bremen,28,1992,34.0,845,1148,73.6,26547,16288,140,141,99.3,361,367,98.4,338,634,53.3,0,0.0,0.0,0,8,0,0,0,Matches
360,Vasileios Pavlidis\Vasileios-Pavlidis,gr GRE,FW,Schalke 04,17,2002,0.0,1,1,100.0,7,0,1,1,100.0,0,0,,0,0,,0,0.0,0.0,0,0,0,0,0,Matches
361,Mads Pedersen\Mads-Pedersen,dk DEN,DF,Augsburg,23,1996,9.9,297,422,70.4,5554,2300,141,154,91.6,111,155,71.6,41,90,45.6,0,0.8,-0.8,12,12,6,1,18,Matches
362,Peter Pekarík\Peter-Pekarik,sk SVK,DF,Hertha BSC,33,1986,18.8,780,947,82.4,14534,4920,327,356,91.9,359,417,86.1,90,156,57.7,1,0.9,+0.1,9,44,15,9,64,Matches
363,Philipp Pentke\Philipp-Pentke,de GER,GK,Hoffenheim,35,1985,3.0,93,110,84.5,2212,1248,28,28,100.0,43,44,97.7,21,37,56.8,0,0.0,0.0,0,1,0,0,0,Matches
364,Pavao Pervan\Pavao-Pervan,at AUT,GK,Wolfsburg,32,1987,2.0,51,71,71.8,1651,1013,7,7,100.0,26,26,100.0,18,37,48.6,0,0.0,0.0,0,0,0,0,0,Matches
365,Nils Petersen\Nils-Petersen,de GER,FW,Freiburg,31,1988,14.5,171,254,67.3,2480,431,103,138,74.6,43,65,66.2,13,19,68.4,0,1.5,-1.5,9,12,4,0,15,Matches
366,Lukas Petkov\Lukas-Petkov,de GER,MF,Augsburg,19,2000,0.0,1,1,100.0,3,0,0,0,,0,0,,0,0,,0,0.0,0.0,0,0,0,0,0,Matches
367,Maximilian Philipp\Maximilian-Philipp,de GER,MF,Wolfsburg,26,1994,12.3,279,383,72.8,4117,827,165,213,77.5,87,114,76.3,15,29,51.7,2,1.5,+0.5,15,17,8,1,19,Matches
368,Krzysztof Piątek\Krzysztof-Piatek,pl POL,FW,Hertha BSC,25,1995,18.1,288,407,70.8,4619,601,167,222,75.2,86,130,66.2,29,35,82.9,1,1.3,-0.3,10,9,5,2,16,Matches
369,Amos Pieper\Amos-Pieper,de GER,DF,Arminia,22,1998,29.8,1252,1495,83.7,31163,8151,228,268,85.1,667,724,92.1,348,484,71.9,1,0.5,+0.5,7,62,17,0,78,Matches
370,Łukasz Piszczek\Lukasz-Piszczek,pl POL,DF,Dortmund,35,1985,5.1,240,308,77.9,4506,1712,100,114,87.7,107,131,81.7,28,47,59.6,0,0.3,-0.3,3,21,4,2,18,Matches
371,Marvin Plattenhardt\Marvin-Plattenhardt,de GER,DF,Hertha BSC,28,1992,11.9,528,698,75.6,10094,4077,208,227,91.6,249,291,85.6,66,152,43.4,2,1.3,+0.7,11,35,11,7,50,Matches
372,Alassane Pléa\Alassane-Plea,fr FRA,FW,M'Gladbach,27,1993,20.0,498,679,73.3,8558,2060,250,317,78.9,169,219,77.2,62,90,68.9,1,3.9,-2.9,27,47,37,7,69,Matches
373,Joel Pohjanpalo\Joel-Pohjanpalo,fi FIN,FW,Union Berlin,25,1994,9.5,133,189,70.4,2208,539,71,91,78.0,46,68,67.6,13,20,65.0,0,1.4,-1.4,7,16,3,2,19,Matches
374,Joel Pohjanpalo\Joel-Pohjanpalo,fi FIN,MF,Leverkusen,25,1994,0.1,2,2,100.0,37,0,0,0,,2,2,100.0,0,0,,0,0.0,0.0,0,0,0,0,0,Matches
375,Marin Pongračić\Marin-Pongracic,hr CRO,DF,Wolfsburg,22,1997,6.4,275,322,85.4,6585,1938,43,50,86.0,166,185,89.7,65,83,78.3,0,0.0,0.0,0,17,0,0,18,Matches
376,Stefan Posch\Stefan-Posch,at AUT,DF,Hoffenheim,23,1997,23.5,1174,1464,80.2,24691,8794,367,416,88.2,618,680,90.9,181,320,56.6,0,0.8,-0.8,12,110,14,6,121,Matches
377,Yussuf Poulsen\Yussuf-Poulsen,dk DEN,FW,RB Leipzig,26,1994,15.0,323,453,71.3,4263,966,207,264,78.4,74,117,63.2,17,26,65.4,4,2.8,+1.2,14,17,13,1,31,Matches
378,Manuel Prietl\Manuel-Prietl,at AUT,MF,Arminia,28,1991,28.0,796,995,80.0,16258,3547,278,341,81.5,363,425,85.4,145,198,73.2,1,1.4,-0.4,8,62,7,1,55,Matches
379,Grischa Prömel\Grischa-Promel,de GER,MF,Union Berlin,25,1995,20.2,578,744,77.7,10633,2078,231,286,80.8,261,313,83.4,67,97,69.1,1,0.8,+0.2,8,38,3,1,48,Matches
380,Robin Quaison\Robin-Quaison,se SWE,FWMF,Mainz 05,26,1993,16.4,226,340,66.5,3524,933,129,170,75.9,63,94,67.0,23,43,53.5,2,2.9,-0.9,13,22,6,0,23,Matches
381,Nemanja Radonjić\Nemanja-Radonjic,rs SRB,FWDF,Hertha BSC,24,1996,6.8,159,249,63.9,2415,1101,92,124,74.2,53,79,67.1,10,24,41.7,2,0.9,+1.1,8,13,10,3,33,Matches
382,Benito Raman\Benito-Raman,be BEL,FWMF,Schalke 04,25,1994,13.8,227,334,68.0,4206,1398,109,154,70.8,79,102,77.5,34,44,77.3,0,1.4,-1.4,16,16,14,4,36,Matches
383,Milot Rashica\Milot-Rashica,xk KVX,FWMF,Werder Bremen,24,1996,16.2,289,429,67.4,5170,1131,131,177,74.0,116,156,74.4,33,66,50.0,2,1.7,+0.3,18,14,20,12,24,Matches
384,Daishawn Redan\Daishawn-Redan,nl NED,FWMF,Hertha BSC,19,2001,1.1,19,29,65.5,312,87,7,11,63.6,11,15,73.3,0,0,,0,0.0,0.0,1,4,1,0,5,Matches
385,Reinier\Reinier,br BRA,MFFW,Dortmund,18,2002,2.9,100,113,88.5,1329,293,65,70,92.9,28,32,87.5,3,4,75.0,1,0.4,+0.6,4,4,3,1,5,Matches
386,Rocco Reitz\Rocco-Reitz,de GER,MF,M'Gladbach,18,2002,0.7,35,43,81.4,552,174,18,21,85.7,13,15,86.7,3,6,50.0,0,0.1,-0.1,2,4,0,0,3,Matches
387,Marco Reus\Marco-Reus,de GER,MFFW,Dortmund,31,1989,25.3,914,1145,79.8,14881,3833,501,589,85.1,297,348,85.3,88,133,66.2,6,8.1,-2.1,50,60,43,6,101,Matches
388,Elvis Rexhbeçaj\Elvis-Rexhbecaj,de GER,MFFW,Köln,22,1997,20.4,419,646,64.9,7778,2868,183,232,78.9,154,205,75.1,65,162,40.1,2,2.3,-0.3,26,44,14,4,50,Matches
389,Gio Reyna\Gio-Reyna,us USA,FWMF,Dortmund,17,2002,22.0,768,969,79.3,11985,2485,434,507,85.6,255,303,84.2,56,98,57.1,5,4.3,+0.7,34,46,31,2,58,Matches
390,Chris Richards\Chris-Richards,us USA,DF,Hoffenheim,20,2000,10.5,592,674,87.8,12598,3849,170,179,95.0,330,356,92.7,89,124,71.8,1,0.3,+0.7,4,34,3,0,36,Matches
391,Chris Richards\Chris-Richards,us USA,DF,Bayern Munich,20,2000,1.0,79,87,90.8,1492,461,36,39,92.3,33,35,94.3,10,10,100.0,1,0.3,+0.7,3,8,5,3,9,Matches
392,Marco Richter\Marco-Richter,de GER,FWMF,Augsburg,22,1997,15.7,285,477,59.7,5638,1775,111,155,71.6,111,155,71.6,51,122,41.8,1,1.6,-0.6,15,31,12,5,39,Matches
393,Marc Roca\Marc-Roca,es ESP,MF,Bayern Munich,23,1996,2.0,111,123,90.2,1920,728,55,59,93.2,45,47,95.7,11,14,78.6,0,0.0,0.0,1,8,3,0,15,Matches
394,Sebastian Rode\Sebastian-Rode,de GER,MF,Eint Frankfurt,29,1990,18.1,883,1053,83.9,15803,4025,390,449,86.9,385,426,90.4,93,140,66.4,0,1.3,-1.3,20,79,19,3,87,Matches
395,Jérôme Roussillon\Jerome-Roussillon,fr FRA,DF,Wolfsburg,27,1993,13.7,505,673,75.0,9538,3610,213,250,85.2,218,281,77.6,68,121,56.2,2,1.5,+0.5,16,28,11,5,45,Matches
396,Sebastian Rudy\Sebastian-Rudy,de GER,MFDF,Hoffenheim,30,1990,18.6,713,972,73.4,12797,4374,307,363,84.6,302,371,81.4,87,179,48.6,3,2.2,+0.8,29,69,24,8,89,Matches
397,Sebastian Rudy\Sebastian-Rudy,de GER,DF,Schalke 04,30,1990,2.0,91,136,66.9,1561,840,45,59,76.3,31,41,75.6,12,22,54.5,0,0.1,-0.1,2,3,5,1,10,Matches
398,Georginio Rutter\Georginio-Rutter,fr FRA,FW,Hoffenheim,18,2002,2.7,51,64,79.7,806,151,23,28,82.1,16,21,76.2,6,8,75.0,0,0.2,-0.2,2,0,3,1,5,Matches
399,Julian Ryerson\Julian-Ryerson,no NOR,DFMF,Union Berlin,22,1997,11.9,419,570,73.5,7428,2421,205,241,85.1,151,203,74.4,55,92,59.8,2,1.3,+0.7,10,15,6,3,28,Matches
400,Frederik Rønnow\Frederik-Ronnow,dk DEN,GK,Schalke 04,27,1992,10.5,284,383,74.2,7521,4241,70,70,100.0,122,123,99.2,86,184,46.7,0,0.0,0.0,0,1,0,0,0,Matches
401,João Victor Santos Sá\Joao-Victor-Santos-Sa,br BRA,FW,Wolfsburg,26,1994,5.2,146,186,78.5,2266,420,80,97,82.5,47,57,82.5,14,16,87.5,1,1.0,0.0,9,6,4,0,10,Matches
402,Marcel Sabitzer\Marcel-Sabitzer,at AUT,MF,RB Leipzig,26,1994,22.5,1068,1344,79.5,18822,5777,529,591,89.5,393,469,83.8,120,222,54.1,3,2.3,+0.7,29,121,48,6,159,Matches
403,Roland Sallai\Roland-Sallai,hu HUN,MFFW,Freiburg,23,1997,18.5,354,493,71.8,6275,2048,176,225,78.2,132,173,76.3,42,70,60.0,3,1.3,+1.7,15,40,18,8,57,Matches
404,Lazar Samardzic\Lazar-Samardzic,de GER,MFFW,RB Leipzig,18,2002,2.2,52,69,75.4,802,251,30,36,83.3,17,21,81.0,3,8,37.5,1,0.5,+0.5,3,4,1,0,4,Matches
405,Diadie Samassékou\Diadie-Samassekou,ml MLI,MF,Hoffenheim,24,1996,28.5,1151,1372,83.9,21897,4349,444,512,86.7,523,605,86.4,155,201,77.1,2,1.1,+0.9,9,98,8,3,87,Matches
406,Jadon Sancho\Jadon-Sancho,eng ENG,FWMF,Dortmund,20,2000,22.9,1160,1474,78.7,17976,5317,655,754,86.9,393,471,83.4,87,167,52.1,11,6.8,+4.2,67,56,82,5,148,Matches
407,Leroy Sané\Leroy-Sane,de GER,FWMF,Bayern Munich,24,1996,20.1,616,825,74.7,10629,2405,318,374,85.0,218,274,79.6,65,126,51.6,9,6.4,+2.6,36,37,37,8,67,Matches
408,Salif Sané\Salif-Sane,sn SEN,DF,Schalke 04,29,1990,11.9,569,683,83.3,12598,3884,146,173,84.4,312,349,89.4,107,148,72.3,0,0.3,-0.3,4,23,5,1,38,Matches
409,Mohamed Sankoh\Mohamed-Sankoh,nl NED,FW,Stuttgart,16,2003,0.2,2,2,100.0,41,0,0,0,,2,2,100.0,0,0,,0,0.0,0.0,0,0,0,0,0,Matches
410,Baptiste Santamaria\Baptiste-Santamaria,fr FRA,MF,Freiburg,25,1995,24.5,811,1061,76.4,15731,3885,336,410,82.0,346,420,82.4,120,182,65.9,2,1.5,+0.5,13,76,11,6,93,Matches
411,Josh Sargent\Josh-Sargent,us USA,FWMF,Werder Bremen,20,2000,27.8,434,611,71.0,6355,1384,258,336,76.8,139,192,72.4,27,43,62.8,2,3.8,-1.8,30,31,11,3,43,Matches
412,Bouna Sarr\Bouna-Sarr,gn GUI,DF,Bayern Munich,28,1992,5.0,340,385,88.3,6036,1830,157,175,89.7,156,171,91.2,26,34,76.5,1,0.1,+0.9,3,21,4,2,34,Matches
413,Patrik Schick\Patrik-Schick,cz CZE,FW,Leverkusen,24,1996,20.7,311,429,72.5,4324,591,180,234,76.9,94,132,71.2,15,21,71.4,1,2.3,-1.3,21,10,2,0,16,Matches
414,Sven Schipplock\Sven-Schipplock,de GER,FWMF,Arminia,31,1988,8.3,100,182,54.9,1460,353,58,90,64.4,33,54,61.1,5,15,33.3,0,0.9,-0.9,10,11,0,0,10,Matches
415,Xaver Schlager\Xaver-Schlager,at AUT,MF,Wolfsburg,22,1997,29.2,987,1279,77.2,18821,4872,390,482,80.9,444,529,83.9,138,221,62.4,4,3.3,+0.7,21,112,24,1,111,Matches
416,Keven Schlotterbeck\Keven-Schlotterbeck,de GER,DF,Freiburg,23,1997,18.4,668,810,82.5,15513,5039,148,165,89.7,368,415,88.7,148,219,67.6,0,0.2,-0.2,2,36,3,0,43,Matches
417,Nico Schlotterbeck\Nico-Schlotterbeck,de GER,DF,Union Berlin,20,1999,14.3,653,801,81.5,14090,4639,205,217,94.5,329,360,91.4,117,205,57.1,0,0.2,-0.2,1,61,2,0,61,Matches
418,Jonathan Schmid\Jonathan-Schmid,fr FRA,DFMF,Freiburg,30,1990,26.6,1012,1320,76.7,20309,8892,386,450,85.8,448,561,79.9,165,257,64.2,2,2.1,-0.1,26,83,37,22,127,Matches
419,Romano Schmid\Romano-Schmid,at AUT,FWMF,Werder Bremen,20,2000,13.1,340,473,71.9,5136,1813,181,219,82.6,125,169,74.0,22,45,48.9,3,1.0,+2.0,13,38,14,4,60,Matches
420,Benno Schmitz\Benno-Schmitz,de GER,DF,Köln,25,1994,4.6,178,246,72.4,3380,1634,74,85,87.1,75,95,78.9,26,58,44.8,1,0.4,+0.6,5,17,3,1,28,Matches
421,Alessandro Schöpf\Alessandro-Schopf,at AUT,FWMF,Schalke 04,26,1994,10.5,289,362,79.8,4194,960,170,198,85.9,89,103,86.4,18,28,64.3,0,0.4,-0.4,4,17,3,0,21,Matches
422,Nico Schulz\Nico-Schulz,de GER,DF,Dortmund,27,1993,6.8,381,462,82.5,6481,2145,184,204,90.2,162,183,88.5,30,55,54.5,0,0.3,-0.3,5,23,6,2,33,Matches
423,Alexander Schwolow\Alexander-Schwolow,de GER,GK,Hertha BSC,28,1992,26.0,726,918,79.1,22262,12459,104,105,99.0,335,336,99.7,287,477,60.2,0,0.0,0.0,1,7,0,0,1,Matches
424,Christopher Scott\Christopher-Scott,de GER,FWMF,Bayern Munich,18,2002,0.4,6,8,75.0,62,22,4,4,100.0,2,2,100.0,0,1,0.0,0,0.0,0.0,0,1,0,0,1,Matches
425,Davie Selke\Davie-Selke,de GER,FW,Werder Bremen,25,1995,9.0,131,223,58.7,1849,424,79,122,64.8,40,70,57.1,6,12,50.0,1,0.7,+0.3,7,6,4,0,13,Matches
426,Suat Serdar\Suat-Serdar,de GER,MF,Schalke 04,23,1997,21.7,468,612,76.5,9619,2215,164,213,77.0,199,240,82.9,94,121,77.7,3,1.5,+1.5,15,48,10,0,58,Matches
427,Ryan Sessegnon\Ryan-Sessegnon,eng ENG,DF,Hoffenheim,20,2000,17.5,727,934,77.8,12881,4626,327,359,91.1,323,411,78.6,66,116,56.9,3,1.8,+1.2,16,51,25,12,72,Matches
428,Nils Seufert\Nils-Seufert,de GER,MFFW,Arminia,23,1997,3.8,125,154,81.2,1870,444,70,78,89.7,46,51,90.2,6,16,37.5,1,0.3,+0.7,4,12,1,0,10,Matches
429,Tim Siersleben\Tim-Siersleben,de GER,DF,Wolfsburg,20,2000,0.4,20,21,95.2,434,91,5,5,100.0,11,11,100.0,4,5,80.0,0,0.0,0.0,0,1,0,0,0,Matches
430,André Silva\Andre-Silva,pt POR,FW,Eint Frankfurt,24,1995,30.7,584,788,74.1,8590,1487,336,421,79.8,202,263,76.8,22,34,64.7,7,5.5,+1.5,29,33,17,3,46,Matches
431,Jóan Símun Edmundsson\Joan-Simun-Edmundsson,fo FRO,MFFW,Arminia,29,1991,0.6,11,15,73.3,209,43,6,7,85.7,3,5,60.0,2,3,66.7,0,0.0,0.0,0,1,0,0,1,Matches
432,Daley Sinkgraven\Daley-Sinkgraven,nl NED,DF,Leverkusen,25,1995,17.4,1059,1291,82.0,20457,6197,419,469,89.3,472,537,87.9,152,236,64.4,0,0.7,-0.7,14,79,16,1,74,Matches
433,Tobias Sippel\Tobias-Sippel,de GER,GK,M'Gladbach,32,1988,3.8,96,147,65.3,3467,2488,17,17,100.0,30,31,96.8,49,99,49.5,0,0.0,0.0,0,2,0,0,0,Matches
434,Ellyes Skhiri\Ellyes-Skhiri,tn TUN,MF,Köln,25,1995,30.9,1318,1514,87.1,25955,7367,474,535,88.6,592,640,92.5,213,282,75.5,2,1.1,+0.9,17,82,19,3,103,Matches
435,Robert Skov\Robert-Skov,dk DEN,FWDF,Hoffenheim,24,1996,12.9,360,518,69.5,6820,1884,158,195,81.0,144,188,76.6,50,105,47.6,0,1.3,-1.3,15,18,17,5,41,Matches
436,Steven Skrzybski\Steven-Skrzybski,de GER,FWDF,Schalke 04,27,1992,4.7,76,127,59.8,1450,516,32,45,71.1,32,45,71.1,11,23,47.8,0,0.1,-0.1,2,5,2,1,9,Matches
437,Yann Sommer\Yann-Sommer,ch SUI,GK,M'Gladbach,31,1988,30.1,1010,1239,81.5,26802,13362,211,212,99.5,468,472,99.2,321,544,59.0,0,0.0,0.0,0,1,0,0,2,Matches
438,Borna Sosa\Borna-Sosa,hr CRO,DF,Stuttgart,22,1998,22.7,908,1289,70.4,15878,6758,451,516,87.4,344,458,75.1,98,259,37.8,9,5.9,+3.1,57,53,44,28,99,Matches
439,Cebio Soukou\Cebio-Soukou,bj BEN,FWMF,Arminia,27,1992,5.1,101,115,87.8,1669,288,46,50,92.0,39,44,88.6,10,13,76.9,0,0.1,-0.1,4,5,3,1,11,Matches
440,Djibril Sow\Djibril-Sow,ch SUI,MF,Eint Frankfurt,23,1997,24.2,1075,1215,88.5,19259,4660,479,522,91.8,474,530,89.4,110,138,79.7,2,1.6,+0.4,19,70,12,0,114,Matches
441,Jerry St. Juste\Jerry-St-Juste,nl NED,DF,Mainz 05,23,1996,32.0,1094,1342,81.5,24141,8655,296,344,86.0,573,625,91.7,216,337,64.1,1,0.2,+0.8,5,77,15,3,103,Matches
442,Benjamin Stambouli\Benjamin-Stambouli,fr FRA,MFDF,Schalke 04,29,1990,21.7,775,1035,74.9,16890,6491,222,269,82.5,404,477,84.7,138,258,53.5,2,0.5,+1.5,8,66,9,0,81,Matches
443,Josip Stanišić\Josip-Stanisic,de GER,DF,Bayern Munich,20,2000,1.0,55,61,90.2,1134,280,17,18,94.4,31,34,91.2,7,7,100.0,0,0.0,0.0,0,2,0,0,4,Matches
444,Niklas Stark\Niklas-Stark,de GER,DFMF,Hertha BSC,25,1995,31.0,1290,1520,84.9,30828,8379,237,280,84.6,716,787,91.0,331,431,76.8,0,0.2,-0.2,4,86,11,0,106,Matches
445,Renato Steffen\Renato-Steffen,ch SUI,FWMF,Wolfsburg,28,1991,17.4,481,661,72.8,8369,2196,239,293,81.6,178,239,74.5,53,95,55.8,4,2.5,+1.5,19,47,22,7,58,Matches
446,Pascal Stenzel\Pascal-Stenzel,de GER,DF,Stuttgart,24,1996,14.2,958,1115,85.9,20536,7498,291,319,91.2,483,529,91.3,177,246,72.0,1,0.3,+0.7,3,58,3,1,61,Matches
447,Lars Stindl\Lars-Stindl,de GER,MFFW,M'Gladbach,31,1988,21.8,860,1049,82.0,14563,3329,437,503,86.9,289,354,81.6,100,135,74.1,8,5.6,+2.4,44,69,21,4,87,Matches
448,Kevin Stöger\Kevin-Stoger,at AUT,MFFW,Mainz 05,26,1993,6.0,273,393,69.5,5108,1683,124,149,83.2,103,147,70.1,41,85,48.2,0,0.9,-0.9,10,25,9,4,32,Matches
449,Tobias Strobl\Tobias-Strobl,de GER,MF,Augsburg,30,1990,20.5,677,834,81.2,13071,3661,298,336,88.7,267,317,84.2,101,146,69.2,0,0.9,-0.9,14,59,9,1,72,Matches
450,Marek Suchý\Marek-Suchy,cz CZE,DF,Augsburg,32,1988,3.4,120,138,87.0,2444,873,30,35,85.7,73,76,96.1,16,26,61.5,0,0.0,0.0,0,5,1,1,8,Matches
451,Niklas Süle\Niklas-Sule,de GER,DF,Bayern Munich,24,1995,16.7,1194,1312,91.0,24844,8251,368,392,93.9,629,671,93.7,188,233,80.7,0,0.3,-0.3,8,98,14,4,94,Matches
452,Ádám Szalai\Adam-Szalai,hu HUN,FW,Mainz 05,32,1987,8.1,113,210,53.8,1679,512,65,114,57.0,27,49,55.1,10,19,52.6,0,0.6,-0.6,5,12,3,0,16,Matches
453,Frederik Sørensen\Frederik-Sorensen,dk DEN,DF,Köln,28,1992,1.1,38,50,76.0,896,428,4,7,57.1,26,28,92.9,7,13,53.8,0,0.1,-0.1,1,5,1,0,4,Matches
454,Alexander Sørloth\Alexander-Sorloth,no NOR,FW,RB Leipzig,24,1995,16.0,361,480,75.2,4886,962,228,278,82.0,98,139,70.5,14,24,58.3,3,2.2,+0.8,26,16,23,2,35,Matches
455,Jonathan Tah\Jonathan-Tah,de GER,DF,Leverkusen,24,1996,24.7,1773,1951,90.9,39040,9981,431,464,92.9,1003,1057,94.9,329,408,80.6,0,0.1,-0.1,2,101,5,1,105,Matches
456,Edmond Tapsoba\Edmond-Tapsoba,bf BFA,DF,Leverkusen,21,1999,29.5,2498,2746,91.0,57975,16066,543,580,93.6,1384,1465,94.5,557,670,83.1,0,0.5,-0.5,3,145,10,0,145,Matches
457,Niklas Tauer\Niklas-Tauer,de GER,MFDF,Mainz 05,19,2001,0.8,17,27,63.0,326,196,7,9,77.8,7,12,58.3,3,6,50.0,0,0.0,0.0,1,1,1,1,3,Matches
458,Lino Tempelmann\Lino-Tempelmann,de GER,MFDF,Freiburg,21,1999,3.0,126,161,78.3,2584,488,42,52,80.8,58,67,86.6,23,30,76.7,0,0.0,0.0,1,11,1,0,8,Matches
459,Cedric Teuchert\Cedric-Teuchert,de GER,FWMF,Union Berlin,23,1997,8.4,149,205,72.7,2471,781,78,103,75.7,46,57,80.7,17,29,58.6,1,1.0,0.0,8,15,5,0,19,Matches
460,Malick Thiaw\Malick-Thiaw,de GER,DF,Schalke 04,18,2001,16.1,622,761,81.7,13315,4134,160,196,81.6,349,383,91.1,107,166,64.5,0,0.1,-0.1,2,22,2,0,27,Matches
461,Jan Thielmann\Jan-Thielmann,de GER,FWMF,Köln,18,2002,11.4,229,359,63.8,3526,1201,121,149,81.2,79,113,69.9,17,51,33.3,3,0.7,+2.3,9,21,3,2,24,Matches
462,Erik Thommy\Erik-Thommy,de GER,DFFW,Stuttgart,25,1994,3.5,103,143,72.0,1928,471,52,59,88.1,32,46,69.6,17,28,60.7,2,0.9,+1.1,7,7,4,2,8,Matches
463,Marcus Thuram\Marcus-Thuram,fr FRA,FW,M'Gladbach,22,1997,19.2,420,590,71.2,6041,1408,266,343,77.6,120,172,69.8,22,39,56.4,3,2.0,+1.0,14,24,10,2,37,Matches
464,Steffen Tigges\Steffen-Tigges,de GER,FW,Dortmund,22,1998,0.6,11,22,50.0,213,78,4,10,40.0,3,6,50.0,3,5,60.0,0,0.0,0.0,0,2,0,0,4,Matches
465,Guus Til\Guus-Til,nl NED,FW,Freiburg,22,1997,1.4,22,35,62.9,261,44,13,16,81.3,7,13,53.8,0,0,,0,0.0,0.0,1,2,0,0,0,Matches
466,Corentin Tolisso\Corentin-Tolisso,fr FRA,MF,Bayern Munich,25,1994,8.7,469,546,85.9,9717,2625,171,196,87.2,205,223,91.9,86,106,81.1,0,0.5,-0.5,9,68,5,1,51,Matches
467,Ömer Toprak\Omer-Toprak,tr TUR,DF,Werder Bremen,31,1989,21.6,875,1050,83.3,18317,5850,264,287,92.0,468,522,89.7,139,227,61.2,0,0.0,0.0,1,43,0,0,56,Matches
468,Jordan Torunarigha\Jordan-Torunarigha,de GER,DF,Hertha BSC,22,1997,10.8,555,631,88.0,12994,4375,103,115,89.6,332,354,93.8,119,150,79.3,0,0.7,-0.7,4,33,1,0,35,Matches
469,Almamy Touré\Almamy-Toure,ml MLI,DF,Eint Frankfurt,24,1996,7.8,225,342,65.8,3865,2003,119,155,76.8,73,104,70.2,27,55,49.1,1,1.2,-0.2,12,15,21,14,33,Matches
470,Lucas Tousart\Lucas-Tousart,fr FRA,MF,Hertha BSC,23,1997,23.2,669,848,78.9,14897,3465,192,235,81.7,335,382,87.7,133,200,66.5,0,1.0,-1.0,7,70,3,1,59,Matches
471,Ibrahima Traoré\Ibrahima-Traore,gn GUI,FWDF,M'Gladbach,32,1988,1.1,33,50,66.0,427,135,18,24,75.0,10,15,66.7,1,5,20.0,0,0.2,-0.2,1,1,1,0,3,Matches
472,Kevin Trapp\Kevin-Trapp,de GER,GK,Eint Frankfurt,30,1990,33.0,944,1352,69.8,28685,19176,190,191,99.5,402,404,99.5,349,754,46.3,0,0.0,0.0,0,14,0,0,0,Matches
473,Christopher Trimmel\Christopher-Trimmel,at AUT,DF,Union Berlin,33,1987,28.6,1106,1548,71.4,21603,9056,484,545,88.8,416,528,78.8,193,417,46.3,9,4.9,+4.1,55,57,35,26,90,Matches
474,Tuta\Tuta,br BRA,DF,Eint Frankfurt,21,1999,16.2,850,994,85.5,17209,6042,267,304,87.8,438,481,91.1,132,189,69.8,0,0.3,-0.3,4,53,2,0,74,Matches
475,Dayot Upamecano\Dayot-Upamecano,fr FRA,DF,RB Leipzig,21,1998,25.9,1953,2192,89.1,45093,13305,438,490,89.4,1081,1164,92.9,420,511,82.2,0,0.9,-0.9,8,153,6,0,123,Matches
476,Mark Uth\Mark-Uth,de GER,FWMF,Schalke 04,28,1991,16.6,408,552,73.9,7998,1941,188,219,85.8,129,165,78.2,80,142,56.3,1,1.2,-0.2,22,37,10,0,43,Matches
477,Ruben Vargas\Ruben-Vargas,ch SUI,MFFW,Augsburg,21,1998,17.9,414,542,76.4,7404,1623,193,229,84.3,174,211,82.5,43,68,63.2,3,2.7,+0.3,25,29,18,1,47,Matches
478,Miloš Veljković\Milos-Veljkovic,rs SRB,DF,Werder Bremen,24,1995,19.1,625,834,74.9,15186,5577,126,148,85.1,332,374,88.8,164,299,54.8,0,0.0,0.0,1,45,4,0,48,Matches
479,Michel Vlap\Michel-Vlap,nl NED,MFFW,Arminia,23,1997,4.1,80,118,67.8,1411,388,30,46,65.2,29,34,85.3,12,22,54.5,1,0.6,+0.4,8,4,2,0,7,Matches
480,Andreas Voglsammer\Andreas-Voglsammer,de GER,FWMF,Arminia,28,1992,11.1,157,268,58.6,2505,697,90,139,64.7,48,84,57.1,13,29,44.8,2,1.8,+0.2,9,8,11,2,24,Matches
481,Kevin Vogt\Kevin-Vogt,de GER,DF,Hoffenheim,28,1991,20.5,1320,1480,89.2,33088,11628,253,266,95.1,684,727,94.1,380,479,79.3,1,0.6,+0.4,4,107,12,0,114,Matches
482,Silas Wamangituka\Silas-Wamangituka,cd COD,DFFW,Stuttgart,20,1999,21.3,344,492,69.9,5568,1598,185,228,81.1,128,178,71.9,25,52,48.1,4,5.1,-1.1,23,12,18,9,30,Matches
483,Wout Weghorst\Wout-Weghorst,nl NED,FW,Wolfsburg,27,1992,32.7,564,832,67.8,8537,1490,331,451,73.4,180,263,68.4,35,49,71.4,8,4.9,+3.1,41,31,17,1,54,Matches
484,Mitchell Weiser\Mitchell-Weiser,de GER,DF,Leverkusen,26,1994,2.5,177,210,84.3,2795,914,102,113,90.3,59,67,88.1,12,23,52.2,0,0.0,0.0,0,18,3,0,13,Matches
485,Wendell\Wendell,br BRA,DF,Leverkusen,27,1993,16.2,1032,1198,86.1,18108,4969,472,508,92.9,451,504,89.5,98,152,64.5,0,0.1,-0.1,1,69,12,3,80,Matches
486,Oscar Wendt\Oscar-Wendt,se SWE,DF,M'Gladbach,34,1985,13.9,558,717,77.8,9921,3932,252,284,88.7,252,316,79.7,53,95,55.8,1,1.0,0.0,8,31,9,3,51,Matches
487,William\William,br BRA,FW,Wolfsburg,25,1995,0.0,0,1,0.0,0,0,0,0,,0,0,,0,0,,0,0.0,0.0,0,0,0,0,0,Matches
488,William\William,br BRA,DFFW,Schalke 04,25,1995,5.3,137,234,58.5,2400,888,69,92,75.0,47,81,58.0,18,37,48.6,0,0.0,0.0,2,8,2,1,8,Matches
489,Marten Winkler\Marten-Winkler,de GER,FW,Hertha BSC,17,2002,0.0,0,0,,0,0,0,0,,0,0,,0,0,,0,0.0,0.0,0,0,0,0,0,Matches
490,Florian Wirtz\Florian-Wirtz,de GER,MF,Leverkusen,17,2003,24.7,819,1047,78.2,13255,3531,448,520,86.2,271,338,80.2,73,120,60.8,6,4.6,+1.4,49,92,28,4,103,Matches
491,Axel Witsel\Axel-Witsel,be BEL,MF,Dortmund,31,1989,12.6,752,800,94.0,13693,2946,325,340,95.6,334,352,94.9,82,93,88.2,0,0.6,-0.6,5,71,3,0,51,Matches
492,Hannes Wolf\Hannes-Wolf,at AUT,MFFW,M'Gladbach,21,1999,15.3,429,562,76.3,6095,1492,257,303,84.8,127,165,77.0,24,40,60.0,2,2.7,-0.7,17,31,13,1,46,Matches
493,Marius Wolf\Marius-Wolf,de GER,DFMF,Köln,25,1995,28.3,868,1263,68.7,15633,6765,409,499,82.0,338,437,77.3,101,223,45.3,2,3.2,-1.2,22,99,25,8,115,Matches
494,Nick Woltemade\Nick-Woltemade,de GER,MFFW,Werder Bremen,18,2002,1.6,24,39,61.5,430,115,10,14,71.4,11,17,64.7,3,5,60.0,1,0.3,+0.7,3,1,2,0,3,Matches
495,Jeong Woo-yeong\Jeong-Woo-yeong,kr KOR,FWMF,Freiburg,20,1999,9.1,283,374,75.7,4403,1441,160,197,81.2,90,115,78.3,22,39,56.4,0,1.5,-1.5,16,25,19,3,44,Matches
496,Joscha Wosz\Joscha-Wosz,de GER,DFFW,RB Leipzig,18,2002,0.4,11,15,73.3,204,59,4,5,80.0,6,7,85.7,1,2,50.0,0,0.0,0.0,0,1,0,0,0,Matches
497,Reinhold Yabo\Reinhold-Yabo,de GER,MFFW,Arminia,28,1992,7.2,126,166,75.9,2260,527,55,65,84.6,53,64,82.8,14,23,60.9,0,0.0,0.0,1,14,3,0,14,Matches
498,Amin Younes\Amin-Younes,de GER,MFFW,Eint Frankfurt,26,1993,15.5,514,690,74.5,8628,3156,286,334,85.6,154,212,72.6,59,96,61.5,3,1.7,+1.3,23,61,27,4,99,Matches
499,Dan-Axel Zagadou\Dan-Axel-Zagadou,fr FRA,DF,Dortmund,21,1999,3.1,209,242,86.4,4472,1376,51,54,94.4,128,143,89.5,29,43,67.4,0,0.0,0.0,0,10,0,0,3,Matches
500,Denis Zakaria\Denis-Zakaria,ch SUI,MFDF,M'Gladbach,23,1996,15.8,587,663,88.5,10762,2764,244,265,92.1,267,285,93.7,67,90,74.4,1,1.1,-0.1,9,50,7,1,55,Matches
501,Deyovaisio Zeefuik\Deyovaisio-Zeefuik,nl NED,DFMF,Hertha BSC,22,1998,10.1,370,489,75.7,6935,2299,151,183,82.5,166,216,76.9,46,68,67.6,0,1.7,-1.7,14,24,16,10,31,Matches
502,Robin Zentner\Robin-Zentner,de GER,GK,Mainz 05,25,1994,31.0,723,1081,66.9,21812,13230,145,148,98.0,307,310,99.0,267,617,43.3,0,0.3,-0.3,1,12,1,0,0,Matches
503,Ron-Robert Zieler\Ron-Robert-Zieler,de GER,GK,Köln,31,1989,0.6,18,23,78.3,608,390,3,3,100.0,7,7,100.0,8,13,61.5,0,0.0,0.0,0,0,0,0,0,Matches
504,Joshua Zirkzee\Joshua-Zirkzee,nl NED,FW,Bayern Munich,19,2001,1.0,24,30,80.0,301,15,18,21,85.7,6,8,75.0,0,0,,0,0.2,-0.2,1,2,0,0,0,Matches
505,Steven Zuber\Steven-Zuber,ch SUI,DFMF,Eint Frankfurt,28,1991,6.5,256,337,76.0,4462,1510,131,150,87.3,89,121,73.6,29,42,69.0,3,1.9,+1.1,13,21,11,6,30,Matches