Rk,Player,Nation,Pos,Squad,Age,Born,MP,Starts,Min,90s,Gls,Ast,G-PK,PK,PKatt,CrdY,CrdR,Gls,Ast,G+A,G-PK,G+A-PK,xG,npxG,xA,npxG+xA,xG,xA,xG+xA,npxG,npxG+xA,Matches
1,Issah Abbas\Issah-Abbas,gh GHA,DFFW,Mainz 05,21,1998,2,0,18,0.2,0,0,0,0,0,0,0,0.00,0.00,0.00,0.00,0.00,0.0,0.0,0.0,0.0,0.00,0.00,0.00,0.00,0.00,Matches
2,David Abraham\David-Abraham,ar ARG,DF,Eint Frankfurt,34,1986,14,14,1222,13.6,1,0,1,0,0,5,1,0.07,0.00,0.07,0.07,0.07,0.7,0.7,0.5,1.1,0.05,0.03,0.08,0.05,0.08,Matches
3,Amir Abrashi\Amir-Abrashi,al ALB,MF,Freiburg,30,1990,5,0,60,0.7,0,0,0,0,0,0,0,0.00,0.00,0.00,0.00,0.00,0.0,0.0,0.0,0.0,0.00,0.00,0.00,0.00,0.00,Matches
4,Ragnar Ache\Ragnar-Ache,de GER,FWDF,Eint Frankfurt,22,1998,7,0,100,1.1,1,0,1,0,0,1,0,0.90,0.00,0.90,0.90,0.90,0.3,0.3,0.0,0.3,0.24,0.00,0.24,0.24,0.24,Matches
5,Tyler Adams\Tyler-Adams,us USA,DFMF,RB Leipzig,21,1999,27,21,1850,20.6,1,1,1,0,0,3,0,0.05,0.05,0.10,0.05,0.10,0.9,0.9,0.9,1.8,0.04,0.04,0.09,0.04,0.09,Matches
6,Sargis Adamyan\Sargis-Adamyan,am ARM,FWMF,Hoffenheim,27,1993,18,3,479,5.3,2,3,2,0,0,2,0,0.38,0.56,0.94,0.38,0.94,2.2,2.2,1.8,4.0,0.41,0.33,0.75,0.41,0.75,Matches
7,Felix Agu\Felix-Agu,de GER,DF,Werder Bremen,20,1999,15,8,701,7.8,1,0,1,0,0,0,0,0.13,0.00,0.13,0.13,0.13,0.6,0.6,0.4,1.0,0.07,0.05,0.13,0.07,0.13,Matches
8,Naouirou Ahamada\Naouirou-Ahamada,fr FRA,MF,Stuttgart,18,2002,6,3,252,2.8,0,0,0,0,0,2,1,0.00,0.00,0.00,0.00,0.00,0.3,0.3,0.0,0.4,0.12,0.02,0.13,0.12,0.13,Matches
9,Manuel Akanji\Manuel-Akanji,ch SUI,DF,Dortmund,25,1995,28,26,2350,26.1,2,0,2,0,0,4,0,0.08,0.00,0.08,0.08,0.08,1.8,1.8,0.1,1.9,0.07,0.00,0.07,0.07,0.07,Matches
10,Kevin Akpoguma\Kevin-Akpoguma,ng NGA,DF,Hoffenheim,25,1995,16,14,1184,13.2,1,0,1,0,0,1,0,0.08,0.00,0.08,0.08,0.08,0.1,0.1,0.4,0.4,0.00,0.03,0.03,0.00,0.03,Matches
11,David Alaba\David-Alaba,at AUT,DFMF,Bayern Munich,28,1992,32,30,2675,29.7,2,4,2,0,0,4,0,0.07,0.13,0.20,0.07,0.20,1.3,1.3,2.3,3.6,0.04,0.08,0.12,0.04,0.12,Matches
12,Lucas Alario\Lucas-Alario,ar ARG,FW,Leverkusen,27,1992,25,12,1245,13.8,11,2,9,2,2,2,0,0.80,0.14,0.94,0.65,0.80,6.5,5.0,0.7,5.7,0.47,0.05,0.52,0.36,0.41,Matches
13,Omar Alderete\Omar-Alderete,py PAR,DF,Hertha BSC,23,1996,17,14,1299,14.4,0,0,0,0,0,2,0,0.00,0.00,0.00,0.00,0.00,0.5,0.5,0.1,0.6,0.03,0.01,0.04,0.03,0.04,Matches
14,Nadiem Amiri\Nadiem-Amiri,de GER,MF,Leverkusen,23,1996,29,20,1890,21.0,2,6,2,0,0,5,0,0.10,0.29,0.38,0.10,0.38,2.1,2.1,2.9,5.1,0.10,0.14,0.24,0.10,0.24,Matches
15,Sebastian Andersson\Sebastian-Andersson,se SWE,FW,Köln,29,1991,16,14,1126,12.5,3,0,2,1,1,1,0,0.24,0.00,0.24,0.16,0.16,5.5,4.7,0.3,5.1,0.44,0.03,0.47,0.38,0.41,Matches
16,Robert Andrich\Robert-Andrich,de GER,MF,Union Berlin,25,1994,29,29,2526,28.1,5,2,5,0,0,5,1,0.18,0.07,0.25,0.18,0.25,2.5,2.5,2.2,4.7,0.09,0.08,0.17,0.09,0.17,Matches
17,Angeliño\Angelino,es ESP,DFFW,RB Leipzig,23,1997,26,24,2161,24.0,4,4,4,0,0,2,0,0.17,0.17,0.33,0.17,0.33,3.8,3.8,5.0,8.8,0.16,0.21,0.37,0.16,0.37,Matches
18,Waldemar Anton\Waldemar-Anton,de GER,DF,Stuttgart,24,1996,31,30,2711,30.1,0,1,0,0,0,3,0,0.00,0.03,0.03,0.00,0.03,1.2,1.2,0.4,1.6,0.04,0.01,0.05,0.04,0.05,Matches
19,Charles Aránguiz\Charles-Aranguiz,cl CHI,MF,Leverkusen,31,1989,21,20,1669,18.5,0,0,0,0,0,4,0,0.00,0.00,0.00,0.00,0.00,0.7,0.7,0.8,1.4,0.04,0.04,0.08,0.04,0.08,Matches
20,Santiago Arias\Santiago-Arias,co COL,DF,Leverkusen,28,1992,1,1,90,1.0,0,0,0,0,0,0,0,0.00,0.00,0.00,0.00,0.00,0.0,0.0,0.0,0.0,0.00,0.00,0.00,0.00,0.00,Matches
21,Maximilian Arnold\Maximilian-Arnold,de GER,MF,Wolfsburg,26,1994,30,30,2585,28.7,3,6,3,0,0,7,1,0.10,0.21,0.31,0.10,0.31,2.0,2.0,4.8,6.8,0.07,0.17,0.24,0.07,0.24,Matches
22,Toluwalas Arokodare\Toluwalas-Arokodare,ng NGA,FW,Köln,19,2000,10,0,112,1.2,0,0,0,0,0,0,0,0.00,0.00,0.00,0.00,0.00,0.4,0.4,0.0,0.4,0.34,0.01,0.35,0.34,0.35,Matches
23,Santiago Ascacíbar\Santiago-Ascacibar,ar ARG,MF,Hertha BSC,23,1997,13,8,762,8.5,1,0,1,0,0,2,0,0.12,0.00,0.12,0.12,0.12,0.6,0.6,0.2,0.8,0.07,0.03,0.09,0.07,0.09,Matches
24,Ludwig Augustinsson\Ludwig-Augustinsson,se SWE,DF,Werder Bremen,26,1994,23,21,1957,21.7,0,4,0,0,0,4,0,0.00,0.18,0.18,0.00,0.18,0.9,0.9,2.8,3.7,0.04,0.13,0.17,0.04,0.17,Matches
25,Taiwo Awoniyi\Taiwo-Awoniyi,ng NGA,FW,Union Berlin,22,1997,21,16,1359,15.1,5,2,5,0,0,0,0,0.33,0.13,0.46,0.33,0.46,6.9,6.9,1.5,8.4,0.46,0.10,0.56,0.46,0.56,Matches
26,Mehmet-Can Aydin\Mehmet-Can-Aydin,de GER,DF,Schalke 04,18,2002,6,6,500,5.6,0,0,0,0,0,0,0,0.00,0.00,0.00,0.00,0.00,0.0,0.0,0.5,0.5,0.00,0.08,0.08,0.00,0.08,Matches
27,Leon Bailey\Leon-Bailey,jm JAM,FWMF,Leverkusen,22,1997,30,25,2141,23.8,9,8,9,0,0,6,0,0.38,0.34,0.71,0.38,0.71,6.9,6.9,6.1,13.0,0.29,0.26,0.55,0.29,0.55,Matches
28,Ridle Baku\Ridle-Baku,de GER,DF,Mainz 05,22,1998,2,2,180,2.0,0,0,0,0,0,0,0,0.00,0.00,0.00,0.00,0.00,0.0,0.0,0.0,0.0,0.00,0.00,0.00,0.00,0.00,Matches
29,Ridle Baku\Ridle-Baku,de GER,FWDF,Wolfsburg,22,1998,32,31,2678,29.8,6,7,6,0,0,1,0,0.20,0.24,0.44,0.20,0.44,3.3,3.3,4.5,7.8,0.11,0.15,0.26,0.11,0.26,Matches
30,Philipp Bargfrede\Philipp-Bargfrede,de GER,MF,Werder Bremen,31,1989,1,0,27,0.3,0,0,0,0,0,0,0,0.00,0.00,0.00,0.00,0.00,0.0,0.0,0.0,0.0,0.00,0.00,0.00,0.00,0.00,Matches
31,Aymen Barkok\Aymen-Barkok,ma MAR,FWMF,Eint Frankfurt,22,1998,26,9,977,10.9,2,3,2,0,0,5,0,0.18,0.28,0.46,0.18,0.46,1.6,1.6,3.0,4.6,0.15,0.27,0.42,0.15,0.42,Matches
32,Leandro Barreiro Martins\Leandro-Barreiro-Martins,lu LUX,MF,Mainz 05,20,2000,29,27,2303,25.6,2,2,2,0,0,5,0,0.08,0.08,0.16,0.08,0.16,3.3,3.3,2.1,5.4,0.13,0.08,0.21,0.13,0.21,Matches
33,Jacob Barrett Laursen\Jacob-Barrett-Laursen,dk DEN,DF,Arminia,25,1994,16,13,1108,12.3,0,1,0,0,0,1,0,0.00,0.08,0.08,0.00,0.08,0.0,0.0,1.2,1.3,0.00,0.10,0.10,0.00,0.10,Matches
34,Oliver Baumann\Oliver-Baumann,de GER,GK,Hoffenheim,30,1990,31,31,2790,31.0,0,0,0,0,0,1,0,0.00,0.00,0.00,0.00,0.00,0.0,0.0,0.0,0.0,0.00,0.00,0.00,0.00,0.00,Matches
35,Julian Baumgartlinger\Julian-Baumgartlinger,at AUT,MF,Leverkusen,32,1988,17,12,1072,11.9,2,0,2,0,0,1,0,0.17,0.00,0.17,0.17,0.17,1.4,1.4,0.3,1.6,0.11,0.02,0.14,0.11,0.14,Matches
36,Christoph Baumgartner\Christoph-Baumgartner,at AUT,MFFW,Hoffenheim,20,1999,31,28,2369,26.3,6,3,6,0,0,6,0,0.23,0.11,0.34,0.23,0.34,5.5,5.5,3.0,8.5,0.21,0.11,0.32,0.21,0.32,Matches
37,Noah Joel Sarenren Bazee\Noah-Joel-Sarenren-Bazee,ng NGA,FWMF,Augsburg,23,1996,5,0,36,0.4,0,1,0,0,0,1,0,0.00,2.50,2.50,0.00,2.50,0.0,0.0,0.7,0.7,0.00,1.77,1.77,0.00,1.77,Matches
38,Ihlas Bebou\Ihlas-Bebou,tg TOG,FW,Hoffenheim,26,1994,32,23,2200,24.4,9,7,9,0,0,3,0,0.37,0.29,0.65,0.37,0.65,9.1,9.1,5.0,14.1,0.37,0.20,0.58,0.37,0.58,Matches
39,Sheraldo Becker\Sheraldo-Becker,sr SUR,FWMF,Union Berlin,25,1995,18,15,1106,12.3,3,3,3,0,0,2,0,0.24,0.24,0.49,0.24,0.49,2.0,2.0,3.2,5.3,0.17,0.26,0.43,0.17,0.43,Matches
40,Timo Becker\Timo-Becker,de GER,DF,Schalke 04,23,1997,20,18,1640,18.2,0,0,0,0,0,1,0,0.00,0.00,0.00,0.00,0.00,0.2,0.2,0.3,0.5,0.01,0.02,0.03,0.01,0.03,Matches
41,Brian Behrendt\Brian-Behrendt,de GER,DF,Arminia,28,1991,3,0,79,0.9,0,0,0,0,0,0,0,0.00,0.00,0.00,0.00,0.00,0.0,0.0,0.0,0.0,0.05,0.00,0.05,0.05,0.05,Matches
42,Maximilian Beier\Maximilian-Beier,de GER,FW,Hoffenheim,17,2002,3,0,10,0.1,0,0,0,0,0,0,0,0.00,0.00,0.00,0.00,0.00,0.0,0.0,0.0,0.0,0.00,0.00,0.00,0.00,0.00,Matches
43,Ishak Belfodil\Ishak-Belfodil,dz ALG,FW,Hoffenheim,28,1992,14,7,596,6.6,0,1,0,0,0,0,0,0.00,0.15,0.15,0.00,0.15,1.6,1.6,1.0,2.6,0.23,0.15,0.39,0.23,0.39,Matches
44,Stefan Bell\Stefan-Bell,de GER,DF,Mainz 05,28,1991,16,16,1266,14.1,1,1,1,0,0,6,0,0.07,0.07,0.14,0.07,0.14,0.4,0.4,1.3,1.7,0.03,0.09,0.12,0.03,0.12,Matches
45,Karim Bellarabi\Karim-Bellarabi,de GER,FWMF,Leverkusen,30,1990,22,7,798,8.9,0,0,0,0,0,2,0,0.00,0.00,0.00,0.00,0.00,2.2,2.2,1.8,4.0,0.25,0.20,0.45,0.25,0.45,Matches
46,Jude Bellingham\Jude-Bellingham,eng ENG,MF,Dortmund,17,2003,29,19,1697,18.9,1,3,1,0,0,6,1,0.05,0.16,0.21,0.05,0.21,3.0,3.0,3.3,6.3,0.16,0.18,0.33,0.16,0.33,Matches
47,Lars Bender\Lars-Bender,de GER,DF,Leverkusen,31,1989,14,12,936,10.4,1,2,0,1,1,2,0,0.10,0.19,0.29,0.00,0.19,1.2,0.5,0.5,1.0,0.12,0.05,0.17,0.05,0.09,Matches
48,Sven Bender\Sven-Bender,de GER,DF,Leverkusen,31,1989,18,14,1170,13.0,0,0,0,0,0,1,0,0.00,0.00,0.00,0.00,0.00,0.1,0.1,0.4,0.5,0.01,0.03,0.04,0.01,0.04,Matches
49,László Bénes\Laszlo-Benes,sk SVK,MFFW,Augsburg,22,1997,12,9,660,7.3,1,1,1,0,0,3,0,0.14,0.14,0.27,0.14,0.27,0.4,0.4,0.6,1.1,0.06,0.09,0.14,0.06,0.14,Matches
50,László Bénes\Laszlo-Benes,sk SVK,MF,M'Gladbach,22,1997,7,1,150,1.7,0,1,0,0,0,0,0,0.00,0.60,0.60,0.00,0.60,0.1,0.1,0.4,0.4,0.03,0.21,0.25,0.03,0.25,Matches
51,Ramy Bensebaini\Ramy-Bensebaini,dz ALG,DF,M'Gladbach,25,1995,25,20,1811,20.1,4,0,3,1,1,7,0,0.20,0.00,0.20,0.15,0.15,2.3,1.6,0.4,2.0,0.12,0.02,0.14,0.08,0.10,Matches
52,Nabil Bentaleb\Nabil-Bentaleb,dz ALG,MF,Schalke 04,25,1994,9,6,548,6.1,0,0,0,0,1,2,0,0.00,0.00,0.00,0.00,0.00,0.8,0.0,0.1,0.1,0.12,0.01,0.14,0.00,0.01,Matches
53,Louis Beyer\Louis-Beyer,de GER,DF,M'Gladbach,20,2000,4,2,188,2.1,0,0,0,0,0,0,0,0.00,0.00,0.00,0.00,0.00,0.0,0.0,0.0,0.0,0.00,0.00,0.00,0.00,0.00,Matches
54,Bartosz Bialek\Bartosz-Bialek,pl POL,FWMF,Wolfsburg,18,2001,19,1,270,3.0,2,0,2,0,0,1,0,0.67,0.00,0.67,0.67,0.67,2.1,2.1,0.2,2.3,0.69,0.08,0.77,0.69,0.77,Matches
55,Ermin Bičakčić\Ermin-Bicakcic,ba BIH,DF,Hoffenheim,30,1990,2,2,128,1.4,1,0,1,0,0,1,0,0.70,0.00,0.70,0.70,0.70,0.4,0.4,0.0,0.4,0.25,0.00,0.25,0.25,0.25,Matches
56,Leonardo Bittencourt\Leonardo-Bittencourt,de GER,MFFW,Werder Bremen,26,1993,27,19,1514,16.8,4,1,3,1,1,3,0,0.24,0.06,0.30,0.18,0.24,4.4,3.7,1.3,5.0,0.26,0.08,0.34,0.22,0.30,Matches
57,Jérôme Boateng\Jerome-Boateng,de GER,DF,Bayern Munich,31,1988,29,29,2368,26.3,1,1,1,0,0,6,0,0.04,0.04,0.08,0.04,0.08,0.3,0.3,0.6,0.9,0.01,0.02,0.03,0.01,0.03,Matches
58,Jean-Paul Boëtius\Jean-Paul-Boetius,nl NED,MFFW,Mainz 05,26,1994,31,23,2065,22.9,2,4,2,0,0,5,0,0.09,0.17,0.26,0.09,0.26,2.8,2.8,6.0,8.8,0.12,0.26,0.38,0.12,0.38,Matches
59,Melayro Bogarde\Melayro-Bogarde,nl NED,DFMF,Hoffenheim,18,2002,9,2,277,3.1,0,1,0,0,0,1,0,0.00,0.32,0.32,0.00,0.32,0.1,0.1,0.2,0.3,0.03,0.06,0.09,0.03,0.09,Matches
60,Elias Bördner\Elias-Bordner,de GER,GK,Eint Frankfurt,18,2002,1,1,90,1.0,0,0,0,0,0,0,0,0.00,0.00,0.00,0.00,0.00,0.0,0.0,0.0,0.0,0.00,0.00,0.00,0.00,0.00,Matches
61,Dennis Borkowski\Dennis-Borkowski,de GER,MF,RB Leipzig,18,2002,2,0,11,0.1,0,0,0,0,0,0,0,0.00,0.00,0.00,0.00,0.00,0.0,0.0,0.0,0.0,0.00,0.00,0.00,0.00,0.00,Matches
62,Sebastiaan Bornauw\Sebastiaan-Bornauw,be BEL,DF,Köln,21,1999,24,23,2083,23.1,1,1,1,0,0,3,0,0.04,0.04,0.09,0.04,0.09,1.3,1.3,0.0,1.4,0.06,0.00,0.06,0.06,0.06,Matches
63,Nassim Boujellab\Nassim-Boujellab,ma MAR,MFFW,Schalke 04,21,1999,12,6,605,6.7,1,0,1,0,0,2,0,0.15,0.00,0.15,0.15,0.15,1.4,1.4,0.2,1.6,0.21,0.03,0.24,0.21,0.24,Matches
64,Dedryck Boyata\Dedryck-Boyata,be BEL,DF,Hertha BSC,29,1990,19,17,1545,17.2,1,0,1,0,0,3,0,0.06,0.00,0.06,0.06,0.06,0.6,0.6,0.7,1.3,0.04,0.04,0.08,0.04,0.08,Matches
65,Can Bozdogan\Can-Bozdogan,de GER,MF,Schalke 04,19,2001,14,5,651,7.2,0,2,0,0,0,0,0,0.00,0.28,0.28,0.00,0.28,0.4,0.4,0.5,1.0,0.06,0.07,0.13,0.06,0.13,Matches
66,Julian Brandt\Julian-Brandt,de GER,FWMF,Dortmund,24,1996,31,17,1495,16.6,3,2,3,0,0,0,0,0.18,0.12,0.30,0.18,0.30,3.0,3.0,2.8,5.9,0.18,0.17,0.35,0.18,0.35,Matches
67,Fabian Bredlow\Fabian-Bredlow,de GER,GK,Stuttgart,25,1995,1,1,90,1.0,0,0,0,0,0,0,0,0.00,0.00,0.00,0.00,0.00,0.0,0.0,0.0,0.0,0.00,0.00,0.00,0.00,0.00,Matches
68,Josip Brekalo\Josip-Brekalo,hr CRO,FW,Wolfsburg,22,1998,29,22,1814,20.2,7,3,7,0,0,1,0,0.35,0.15,0.50,0.35,0.50,3.7,3.7,3.4,7.1,0.18,0.17,0.35,0.18,0.35,Matches
69,Joshua Brenet\Joshua-Brenet,nl NED,DF,Hoffenheim,26,1994,1,0,1,0.0,0,0,0,0,0,0,0,0.00,0.00,0.00,0.00,0.00,0.0,0.0,0.0,0.0,0.00,0.00,0.00,0.00,0.00,Matches
70,John Brooks\John-Brooks,us USA,DF,Wolfsburg,27,1993,32,31,2774,30.8,2,0,2,0,0,5,0,0.06,0.00,0.06,0.06,0.06,1.6,1.6,0.5,2.2,0.05,0.02,0.07,0.05,0.07,Matches
71,Daniel Brosinski\Daniel-Brosinski,de GER,DF,Mainz 05,32,1988,21,16,1430,15.9,2,1,0,2,2,0,0,0.13,0.06,0.19,0.00,0.06,1.8,0.3,2.4,2.7,0.12,0.15,0.27,0.02,0.17,Matches
72,Cédric Brunner\Cedric-Brunner,ch SUI,DF,Arminia,26,1994,31,30,2655,29.5,0,1,0,0,0,6,0,0.00,0.03,0.03,0.00,0.03,0.4,0.4,1.1,1.4,0.01,0.04,0.05,0.01,0.05,Matches
73,Jacob Bruun Larsen\Jacob-Bruun-Larsen,dk DEN,FW,Hoffenheim,21,1998,2,1,89,1.0,0,0,0,0,0,0,0,0.00,0.00,0.00,0.00,0.00,0.0,0.0,0.0,0.0,0.00,0.00,0.00,0.00,0.00,Matches
74,Marius Bülter\Marius-Bulter,de GER,FWMF,Union Berlin,27,1993,26,8,977,10.9,1,0,1,0,0,1,0,0.09,0.00,0.09,0.09,0.09,2.0,2.0,1.2,3.1,0.18,0.11,0.29,0.18,0.29,Matches
75,Jonathan Burkardt\Jonathan-Burkardt,de GER,FWDF,Mainz 05,20,2000,29,16,1373,15.3,2,0,2,0,0,0,0,0.13,0.00,0.13,0.13,0.13,4.5,4.5,1.5,6.1,0.30,0.10,0.40,0.30,0.40,Matches
76,Nishan Burkart\Nishan-Burkart,ch SUI,MF,Freiburg,20,2000,1,0,15,0.2,0,0,0,0,0,0,0,0.00,0.00,0.00,0.00,0.00,0.0,0.0,0.0,0.0,0.00,0.00,0.00,0.00,0.00,Matches
77,Roman Bürki\Roman-Burki,ch SUI,GK,Dortmund,29,1990,19,18,1665,18.5,0,0,0,0,0,0,0,0.00,0.00,0.00,0.00,0.00,0.0,0.0,0.0,0.0,0.00,0.00,0.00,0.00,0.00,Matches
78,Kerim Calhanoglu\Kerim-Calhanoglu,de GER,DF,Schalke 04,17,2002,4,4,296,3.3,0,0,0,0,0,0,0,0.00,0.00,0.00,0.00,0.00,0.1,0.1,0.0,0.1,0.03,0.00,0.03,0.03,0.03,Matches
79,Daniel Caligiuri\Daniel-Caligiuri,it ITA,MFFW,Augsburg,32,1988,33,31,2665,29.6,6,4,4,2,3,5,0,0.20,0.14,0.34,0.14,0.27,4.8,2.6,3.7,6.3,0.16,0.13,0.29,0.09,0.21,Matches
80,Emre Can\Emre-Can,de GER,DFMF,Dortmund,26,1994,28,23,2133,23.7,1,4,1,0,0,5,0,0.04,0.17,0.21,0.04,0.21,0.8,0.8,2.4,3.2,0.03,0.10,0.13,0.03,0.13,Matches
81,Koen Casteels\Koen-Casteels,be BEL,GK,Wolfsburg,28,1992,32,32,2880,32.0,0,0,0,0,0,0,0,0.00,0.00,0.00,0.00,0.00,0.0,0.0,0.0,0.0,0.00,0.00,0.00,0.00,0.00,Matches
82,Gonzalo Castro\Gonzalo-Castro,de GER,MFFW,Stuttgart,33,1987,26,23,1729,19.2,4,2,4,0,0,9,0,0.21,0.10,0.31,0.21,0.31,3.3,3.3,3.0,6.4,0.17,0.16,0.33,0.17,0.33,Matches
83,Sava Cestic\Sava-Cestic,rs SRB,DF,Köln,19,2001,11,11,899,10.0,0,0,0,0,0,3,0,0.00,0.00,0.00,0.00,0.00,0.1,0.1,0.1,0.2,0.01,0.01,0.02,0.01,0.02,Matches
84,Timothy Chandler\Timothy-Chandler,us USA,DF,Eint Frankfurt,30,1990,15,3,432,4.8,1,0,1,0,0,2,0,0.21,0.00,0.21,0.21,0.21,0.9,0.9,0.3,1.2,0.18,0.07,0.25,0.18,0.25,Matches
85,Kwon Chang-hoon\Kwon-Chang-hoon,kr KOR,MFFW,Freiburg,26,1994,12,1,216,2.4,0,0,0,0,0,2,0,0.00,0.00,0.00,0.00,0.00,0.1,0.1,0.0,0.1,0.04,0.01,0.05,0.04,0.05,Matches
86,Tahith Chong\Tahith-Chong,nl NED,FWMF,Werder Bremen,20,1999,13,4,386,4.3,0,1,0,0,0,1,0,0.00,0.23,0.23,0.00,0.23,0.3,0.3,0.5,0.8,0.06,0.12,0.18,0.06,0.18,Matches
87,Darko Churlinov\Darko-Churlinov,mk MKD,DFFW,Stuttgart,20,2000,14,0,216,2.4,0,1,0,0,0,0,0,0.00,0.42,0.42,0.00,0.42,0.1,0.1,0.4,0.5,0.05,0.16,0.20,0.05,0.20,Matches
88,Tim Civeja\Tim-Civeja,de GER,MFDF,Augsburg,18,2002,3,0,34,0.4,0,0,0,0,0,0,0,0.00,0.00,0.00,0.00,0.00,0.0,0.0,0.0,0.0,0.00,0.00,0.00,0.00,0.00,Matches
89,Kingsley Coman\Kingsley-Coman,fr FRA,FWMF,Bayern Munich,24,1996,29,23,1752,19.5,5,10,5,0,0,1,0,0.26,0.51,0.77,0.26,0.77,4.1,4.1,6.6,10.8,0.21,0.34,0.55,0.21,0.55,Matches
90,Jhon Córdoba\Jhon-Cordoba,co COL,FW,Hertha BSC,27,1993,21,17,1537,17.1,7,1,7,0,0,3,0,0.41,0.06,0.47,0.41,0.47,7.4,7.4,1.8,9.3,0.44,0.11,0.54,0.44,0.54,Matches
91,Sergio Córdova\Sergio-Cordova,ve VEN,FWMF,Arminia,22,1997,23,13,1090,12.1,2,1,2,0,0,0,0,0.17,0.08,0.25,0.17,0.25,3.1,3.1,1.2,4.4,0.26,0.10,0.36,0.26,0.36,Matches
92,Danny da Costa\Danny-da-Costa,de GER,DF,Mainz 05,27,1993,16,15,1208,13.4,0,1,0,0,0,2,0,0.00,0.07,0.07,0.00,0.07,0.2,0.2,1.7,1.8,0.01,0.12,0.14,0.01,0.14,Matches
93,Danny da Costa\Danny-da-Costa,de GER,DF,Eint Frankfurt,27,1993,6,1,110,1.2,0,0,0,0,0,0,0,0.00,0.00,0.00,0.00,0.00,0.2,0.2,0.0,0.2,0.14,0.00,0.14,0.14,0.14,Matches
94,Douglas Costa\Douglas-Costa,br BRA,FWMF,Bayern Munich,29,1990,11,3,320,3.6,1,1,1,0,0,0,0,0.28,0.28,0.56,0.28,0.56,0.1,0.1,0.7,0.8,0.04,0.19,0.23,0.04,0.23,Matches
95,Tanguy Coulibaly\Tanguy-Coulibaly,fr FRA,DFFW,Stuttgart,19,2001,31,17,1506,16.7,2,1,2,0,0,2,0,0.12,0.06,0.18,0.12,0.18,3.2,3.2,1.8,5.0,0.19,0.11,0.30,0.19,0.30,Matches
96,Mickaël Cuisance\Mickael-Cuisance,fr FRA,FW,Bayern Munich,20,1999,1,0,18,0.2,0,0,0,0,0,0,0,0.00,0.00,0.00,0.00,0.00,0.0,0.0,0.0,0.0,0.00,0.00,0.00,0.00,0.00,Matches
97,Matheus Cunha\Matheus-Cunha,br BRA,FWMF,Hertha BSC,21,1999,27,25,2149,23.9,7,4,5,2,3,9,0,0.29,0.17,0.46,0.21,0.38,8.1,5.8,5.0,10.8,0.34,0.21,0.55,0.24,0.45,Matches
98,Rafael Czichos\Rafael-Czichos,de GER,DF,Köln,30,1990,28,26,2259,25.1,1,0,1,0,0,7,0,0.04,0.00,0.04,0.04,0.04,1.5,1.5,0.1,1.6,0.06,0.00,0.06,0.06,0.06,Matches
99,Moanes Dabour\Moanes-Dabour,il ISR,FW,Hoffenheim,28,1992,22,11,999,11.1,4,0,4,0,1,2,0,0.36,0.00,0.36,0.36,0.36,5.1,4.3,1.0,5.3,0.46,0.09,0.55,0.39,0.48,Matches
100,Finn Dahmen\Finn-Dahmen,de GER,GK,Mainz 05,22,1998,3,3,270,3.0,0,0,0,0,0,0,0,0.00,0.00,0.00,0.00,0.00,0.0,0.0,0.0,0.0,0.00,0.00,0.00,0.00,0.00,Matches
101,Mahmoud Dahoud\Mahmoud-Dahoud,de GER,MF,Dortmund,24,1996,21,15,1258,14.0,1,1,1,0,0,2,0,0.07,0.07,0.14,0.07,0.14,0.5,0.5,1.2,1.7,0.04,0.08,0.12,0.04,0.12,Matches
102,Leon Dajaku\Leon-Dajaku,de GER,FW,Union Berlin,19,2001,2,0,37,0.4,0,0,0,0,0,0,0,0.00,0.00,0.00,0.00,0.00,0.0,0.0,0.0,0.0,0.00,0.00,0.00,0.00,0.00,Matches
103,Tiago Dantas\Tiago-Dantas,pt POR,MF,Bayern Munich,19,2000,2,1,69,0.8,0,0,0,0,0,0,0,0.00,0.00,0.00,0.00,0.00,0.0,0.0,0.0,0.0,0.00,0.05,0.05,0.00,0.05,Matches
104,Márton Dárdai\Marton-Dardai,de GER,DF,Hertha BSC,18,2002,12,9,821,9.1,0,1,0,0,0,0,0,0.00,0.11,0.11,0.00,0.11,0.1,0.1,0.2,0.3,0.01,0.02,0.03,0.01,0.03,Matches
105,Vladimír Darida\Vladimir-Darida,cz CZE,MF,Hertha BSC,29,1990,27,24,1903,21.1,1,6,1,0,0,5,1,0.05,0.28,0.33,0.05,0.33,1.4,1.4,5.8,7.2,0.07,0.27,0.34,0.07,0.34,Matches
106,Alphonso Davies\Alphonso-Davies,ca CAN,DF,Bayern Munich,19,2000,23,22,1763,19.6,1,2,1,0,0,2,1,0.05,0.10,0.15,0.05,0.15,0.2,0.2,0.8,1.0,0.01,0.04,0.05,0.01,0.05,Matches
107,Thomas Delaney\Thomas-Delaney,dk DEN,MF,Dortmund,28,1991,20,14,1286,14.3,1,1,1,0,0,6,0,0.07,0.07,0.14,0.07,0.14,0.4,0.4,0.2,0.6,0.03,0.01,0.04,0.03,0.04,Matches
108,Kerem Demirbay\Kerem-Demirbay,de GER,MF,Leverkusen,27,1993,29,20,1744,19.4,4,3,4,0,0,2,0,0.21,0.15,0.36,0.21,0.36,2.4,2.4,2.6,5.0,0.12,0.13,0.26,0.12,0.26,Matches
109,Ermedin Demirović\Ermedin-Demirovic,ba BIH,FW,Freiburg,22,1998,30,19,1498,16.6,5,6,5,0,0,7,0,0.30,0.36,0.66,0.30,0.66,4.7,4.7,3.1,7.8,0.28,0.19,0.47,0.28,0.47,Matches
110,Emmanuel Dennis\Emmanuel-Dennis,ng NGA,FW,Köln,22,1997,9,6,474,5.3,0,1,0,0,0,0,0,0.00,0.19,0.19,0.00,0.19,0.6,0.6,1.2,1.7,0.10,0.22,0.33,0.10,0.33,Matches
111,Mike van der Hoorn\Mike-van-der-Hoorn,nl NED,DF,Arminia,27,1992,22,15,1356,15.1,0,0,0,0,0,3,0,0.00,0.00,0.00,0.00,0.00,0.3,0.3,0.1,0.4,0.02,0.01,0.03,0.02,0.03,Matches
112,Moussa Diaby\Moussa-Diaby,fr FRA,FWMF,Leverkusen,21,1999,32,28,2388,26.5,4,11,4,0,0,5,0,0.15,0.41,0.57,0.15,0.57,5.6,5.6,6.8,12.5,0.21,0.26,0.47,0.21,0.47,Matches
113,Daniel Didavi\Daniel-Didavi,de GER,FWMF,Stuttgart,30,1990,23,10,970,10.8,4,3,4,0,0,2,0,0.37,0.28,0.65,0.37,0.65,3.2,3.2,3.0,6.2,0.29,0.28,0.58,0.29,0.58,Matches
114,Javairô Dilrosun\Javairo-Dilrosun,nl NED,FWMF,Hertha BSC,22,1998,12,5,529,5.9,0,1,0,0,0,0,0,0.00,0.17,0.17,0.00,0.17,0.8,0.8,0.5,1.3,0.13,0.09,0.22,0.13,0.22,Matches
115,Eren Dinkçi\Eren-Dinkci,de GER,FWMF,Werder Bremen,18,2001,8,1,108,1.2,1,0,1,0,0,0,1,0.83,0.00,0.83,0.83,0.83,0.4,0.4,0.1,0.5,0.37,0.08,0.45,0.37,0.45,Matches
116,Ritsu Doan\Ritsu-Doan,jp JPN,MFFW,Arminia,22,1998,34,33,2768,30.8,5,2,5,0,0,1,0,0.16,0.07,0.23,0.16,0.23,5.2,5.0,3.3,8.3,0.17,0.11,0.28,0.16,0.27,Matches
117,Ji Dong-won\Ji-Dong-won,kr KOR,FW,Mainz 05,29,1991,6,0,62,0.7,0,0,0,0,0,1,0,0.00,0.00,0.00,0.00,0.00,0.0,0.0,0.0,0.0,0.00,0.05,0.05,0.00,0.05,Matches
118,Bas Dost\Bas-Dost,nl NED,FW,Eint Frankfurt,31,1989,12,9,817,9.1,4,2,3,1,1,3,0,0.44,0.22,0.66,0.33,0.55,4.3,3.5,2.3,5.8,0.47,0.25,0.73,0.39,0.64,Matches
119,Aleksandar Dragović\Aleksandar-Dragovic,at AUT,DF,Leverkusen,29,1991,18,11,1136,12.6,1,0,1,0,0,3,0,0.08,0.00,0.08,0.08,0.08,0.3,0.3,0.4,0.7,0.02,0.03,0.06,0.02,0.06,Matches
120,Dominick Drexler\Dominick-Drexler,de GER,MFFW,Köln,30,1990,27,11,1233,13.7,2,1,2,0,0,1,0,0.15,0.07,0.22,0.15,0.22,2.8,2.8,1.6,4.4,0.20,0.12,0.32,0.20,0.32,Matches
121,Ondrej Duda\Ondrej-Duda,sk SVK,FWMF,Köln,25,1994,32,32,2537,28.2,7,5,4,3,4,8,1,0.25,0.18,0.43,0.14,0.32,5.8,2.8,4.1,6.9,0.21,0.14,0.35,0.10,0.24,Matches
122,Erik Durm\Erik-Durm,de GER,DF,Eint Frankfurt,28,1992,21,19,1480,16.4,1,2,1,0,0,1,0,0.06,0.12,0.18,0.06,0.18,1.6,1.6,2.1,3.8,0.10,0.13,0.23,0.10,0.23,Matches
123,Johannes Eggestein\Johannes-Eggestein,de GER,FWMF,Werder Bremen,22,1998,2,0,33,0.4,0,0,0,0,0,0,0,0.00,0.00,0.00,0.00,0.00,0.0,0.0,0.0,0.0,0.00,0.09,0.09,0.00,0.09,Matches
124,Maximilian Eggestein\Maximilian-Eggestein,de GER,MF,Werder Bremen,23,1996,33,33,2942,32.7,2,5,2,0,0,5,0,0.06,0.15,0.21,0.06,0.21,1.1,1.1,3.3,4.4,0.03,0.10,0.13,0.03,0.13,Matches
125,Lilian Egloff\Lilian-Egloff,de GER,MF,Stuttgart,17,2002,2,0,16,0.2,0,0,0,0,0,0,0,0.00,0.00,0.00,0.00,0.00,0.0,0.0,0.0,0.0,0.00,0.00,0.00,0.00,0.00,Matches
126,Kingsley Ehizibue\Kingsley-Ehizibue,nl NED,DF,Köln,25,1995,21,15,1133,12.6,0,1,0,0,0,5,0,0.00,0.08,0.08,0.00,0.08,0.5,0.5,0.7,1.2,0.04,0.06,0.10,0.04,0.10,Matches
127,Nico Elvedi\Nico-Elvedi,ch SUI,DF,M'Gladbach,23,1996,29,29,2536,28.2,3,1,3,0,0,1,0,0.11,0.04,0.14,0.11,0.14,2.0,2.0,0.2,2.2,0.07,0.01,0.08,0.07,0.08,Matches
128,Breel Embolo\Breel-Embolo,ch SUI,FWMF,M'Gladbach,23,1997,31,16,1440,16.0,5,2,5,0,0,4,0,0.31,0.12,0.44,0.31,0.44,7.0,7.0,1.0,8.0,0.44,0.06,0.50,0.44,0.50,Matches
129,Keita Endo\Keita-Endo,jp JPN,MFFW,Union Berlin,22,1997,16,4,456,5.1,1,0,1,0,0,0,0,0.20,0.00,0.20,0.20,0.20,1.2,1.2,1.1,2.3,0.23,0.22,0.45,0.23,0.45,Matches
130,Wataru Endo\Wataru-Endo,jp JPN,MF,Stuttgart,27,1993,33,33,2955,32.8,3,3,3,0,0,5,0,0.09,0.09,0.18,0.09,0.18,2.3,2.3,2.1,4.4,0.07,0.06,0.13,0.07,0.13,Matches
131,Patrick Erras\Patrick-Erras,de GER,FWMF,Werder Bremen,25,1995,4,0,26,0.3,0,0,0,0,0,0,0,0.00,0.00,0.00,0.00,0.00,0.0,0.0,0.0,0.0,0.00,0.11,0.11,0.00,0.11,Matches
132,Ralf Fährmann\Ralf-Fahrmann,de GER,GK,Schalke 04,31,1988,22,22,1876,20.8,0,0,0,0,0,2,0,0.00,0.00,0.00,0.00,0.00,0.1,0.1,0.1,0.1,0.00,0.00,0.01,0.00,0.01,Matches
133,Ohis Felix Uduokhai\Ohis-Felix-Uduokhai,de GER,DF,Augsburg,22,1997,29,29,2610,29.0,1,0,1,0,0,5,0,0.03,0.00,0.03,0.03,0.03,1.2,1.2,0.2,1.4,0.04,0.01,0.05,0.04,0.05,Matches
134,Edimilson Fernandes\Edimilson-Fernandes,ch SUI,MFDF,Mainz 05,24,1996,14,9,841,9.3,0,1,0,0,0,1,0,0.00,0.11,0.11,0.00,0.11,0.7,0.7,0.9,1.6,0.07,0.10,0.17,0.07,0.17,Matches
135,Alfreð Finnbogason\Alfred-Finnbogason,is ISL,FW,Augsburg,31,1989,17,4,544,6.0,0,1,0,0,2,0,0,0.00,0.17,0.17,0.00,0.17,3.1,1.6,1.4,3.0,0.51,0.24,0.75,0.26,0.50,Matches
136,Mark Flekken\Mark-Flekken,nl NED,GK,Freiburg,27,1993,3,3,270,3.0,0,0,0,0,0,0,0,0.00,0.00,0.00,0.00,0.00,0.0,0.0,0.0,0.0,0.00,0.00,0.00,0.00,0.00,Matches
137,Florian Flick\Florian-Flick,de GER,MF,Schalke 04,20,2000,4,4,360,4.0,1,0,1,0,0,1,0,0.25,0.00,0.25,0.25,0.25,0.5,0.5,0.0,0.5,0.12,0.00,0.12,0.12,0.12,Matches
138,Emil Forsberg\Emil-Forsberg,se SWE,FWMF,RB Leipzig,28,1991,29,20,1539,17.1,7,4,5,2,3,0,0,0.41,0.23,0.64,0.29,0.53,5.8,3.6,5.3,8.9,0.34,0.31,0.65,0.21,0.52,Matches
139,Philipp Förster\Philipp-Forster,de GER,FWMF,Stuttgart,25,1995,25,17,1509,16.8,3,1,3,0,1,4,0,0.18,0.06,0.24,0.18,0.24,4.2,3.3,2.6,5.9,0.25,0.16,0.41,0.19,0.35,Matches
140,Timothy Fosu-Mensah\Timothy-Fosu-Mensah,nl NED,DF,Leverkusen,22,1998,6,5,409,4.5,0,0,0,0,0,2,0,0.00,0.00,0.00,0.00,0.00,0.2,0.2,0.1,0.4,0.05,0.03,0.08,0.05,0.08,Matches
141,Raphael Framberger\Raphael-Framberger,de GER,DF,Augsburg,24,1995,21,19,1540,17.1,0,1,0,0,0,6,1,0.00,0.06,0.06,0.00,0.06,0.0,0.0,2.0,2.0,0.00,0.12,0.12,0.00,0.12,Matches
142,Marco Friedl\Marco-Friedl,at AUT,DF,Werder Bremen,22,1998,32,31,2785,30.9,0,0,0,0,0,6,0,0.00,0.00,0.00,0.00,0.00,0.7,0.7,0.6,1.2,0.02,0.02,0.04,0.02,0.04,Matches
143,Marvin Friedrich\Marvin-Friedrich,de GER,DF,Union Berlin,24,1995,34,34,3060,34.0,5,2,5,0,0,1,0,0.15,0.06,0.21,0.15,0.21,1.3,1.3,0.8,2.2,0.04,0.02,0.06,0.04,0.06,Matches
144,Jeremie Frimpong\Jeremie-Frimpong,nl NED,DFFW,Leverkusen,19,2000,10,4,436,4.8,0,0,0,0,0,1,0,0.00,0.00,0.00,0.00,0.00,0.1,0.1,0.6,0.7,0.02,0.13,0.15,0.02,0.15,Matches
145,Niclas Füllkrug\Niclas-Fullkrug,de GER,FWMF,Werder Bremen,27,1993,19,10,877,9.7,6,0,4,2,2,1,0,0.62,0.00,0.62,0.41,0.41,6.0,4.5,0.2,4.7,0.62,0.02,0.64,0.46,0.49,Matches
146,Mijat Gaćinović\Mijat-Gacinovic,rs SRB,DFMF,Hoffenheim,25,1995,23,7,822,9.1,0,2,0,0,0,5,0,0.00,0.22,0.22,0.00,0.22,1.8,1.8,1.9,3.7,0.20,0.21,0.41,0.20,0.41,Matches
147,Christian Gebauer\Christian-Gebauer,at AUT,MFFW,Arminia,26,1993,23,5,687,7.6,1,1,1,0,0,0,0,0.13,0.13,0.26,0.13,0.26,2.0,2.0,0.6,2.6,0.26,0.08,0.34,0.26,0.34,Matches
148,Theodor Gebre Selassie\Theodor-Gebre-Selassie,cz CZE,DF,Werder Bremen,33,1986,34,34,3032,33.7,3,1,3,0,0,3,0,0.09,0.03,0.12,0.09,0.12,1.4,1.4,1.2,2.6,0.04,0.04,0.08,0.04,0.08,Matches
149,Emrehan Gedikli\Emrehan-Gedikli,de GER,FW,Leverkusen,17,2003,1,0,25,0.3,0,0,0,0,0,0,0,0.00,0.00,0.00,0.00,0.00,0.0,0.0,0.0,0.0,0.00,0.00,0.00,0.00,0.00,Matches
150,Dennis Geiger\Dennis-Geiger,de GER,MF,Hoffenheim,22,1998,9,9,658,7.3,1,1,1,0,0,4,1,0.14,0.14,0.27,0.14,0.27,0.3,0.3,1.7,1.9,0.04,0.23,0.26,0.04,0.26,Matches
151,Christian Gentner\Christian-Gentner,de GER,MF,Union Berlin,34,1985,22,13,1033,11.5,0,0,0,0,0,0,0,0.00,0.00,0.00,0.00,0.00,0.3,0.3,1.0,1.3,0.03,0.09,0.12,0.03,0.12,Matches
152,Yannick Gerhardt\Yannick-Gerhardt,de GER,MFFW,Wolfsburg,26,1994,29,21,1936,21.5,2,4,2,0,0,3,0,0.09,0.19,0.28,0.09,0.28,3.9,3.9,3.4,7.4,0.18,0.16,0.34,0.18,0.34,Matches
153,Hamadi Al Ghaddioui\Hamadi-Al-Ghaddioui,ma MAR,FWMF,Stuttgart,29,1990,6,0,46,0.5,0,0,0,0,0,0,0,0.00,0.00,0.00,0.00,0.00,0.2,0.2,0.0,0.2,0.33,0.00,0.33,0.33,0.33,Matches
154,Niko Gießelmann\Niko-Giesselmann,de GER,DF,Union Berlin,28,1991,13,4,430,4.8,0,0,0,0,0,3,0,0.00,0.00,0.00,0.00,0.00,0.1,0.1,0.3,0.4,0.02,0.07,0.09,0.02,0.09,Matches
155,Rafał Gikiewicz\Rafal-Gikiewicz,pl POL,GK,Augsburg,32,1987,34,34,3060,34.0,0,0,0,0,0,3,0,0.00,0.00,0.00,0.00,0.00,0.0,0.0,0.0,0.0,0.00,0.00,0.00,0.00,0.00,Matches
156,Daniel Ginczek\Daniel-Ginczek,de GER,FWMF,Wolfsburg,29,1991,11,1,215,2.4,0,0,0,0,0,0,0,0.00,0.00,0.00,0.00,0.00,0.4,0.4,0.3,0.7,0.18,0.13,0.30,0.18,0.30,Matches
157,Matthias Ginter\Matthias-Ginter,de GER,DF,M'Gladbach,26,1994,34,34,3060,34.0,2,1,2,0,0,2,0,0.06,0.03,0.09,0.06,0.09,2.1,2.1,2.0,4.1,0.06,0.06,0.12,0.06,0.12,Matches
158,Robert Glatzel\Robert-Glatzel,de GER,FW,Mainz 05,26,1994,13,3,359,4.0,2,1,2,0,0,0,0,0.50,0.25,0.75,0.50,0.75,2.9,2.9,0.6,3.5,0.74,0.14,0.88,0.74,0.88,Matches
159,Serge Gnabry\Serge-Gnabry,de GER,FWMF,Bayern Munich,25,1995,27,20,1644,18.3,10,2,10,0,0,4,0,0.55,0.11,0.66,0.55,0.66,8.0,8.0,4.6,12.5,0.44,0.25,0.69,0.44,0.69,Matches
160,Akaki Gogia\Akaki-Gogia,de GER,FW,Union Berlin,28,1992,7,0,140,1.6,0,1,0,0,0,1,0,0.00,0.64,0.64,0.00,0.64,0.1,0.1,0.4,0.6,0.09,0.28,0.37,0.09,0.37,Matches
161,Nicolás González\Nicolas-Gonzalez,ar ARG,FWDF,Stuttgart,22,1998,15,10,934,10.4,6,2,3,3,4,5,0,0.58,0.19,0.77,0.29,0.48,8.1,5.2,2.0,7.1,0.78,0.19,0.97,0.50,0.69,Matches
162,Leon Goretzka\Leon-Goretzka,de GER,MF,Bayern Munich,25,1995,24,18,1705,18.9,5,5,5,0,0,2,0,0.26,0.26,0.53,0.26,0.53,4.1,4.1,2.6,6.7,0.21,0.14,0.35,0.21,0.35,Matches
163,Jeffrey Gouweleeuw\Jeffrey-Gouweleeuw,nl NED,DF,Augsburg,29,1991,32,32,2835,31.5,1,0,1,0,0,9,0,0.03,0.00,0.03,0.03,0.03,0.4,0.4,0.2,0.6,0.01,0.01,0.02,0.01,0.02,Matches
164,Demarai Gray\Demarai-Gray,eng ENG,FW,Leverkusen,24,1996,10,5,442,4.9,1,2,1,0,0,0,0,0.20,0.41,0.61,0.20,0.61,1.2,1.2,0.8,2.0,0.24,0.17,0.40,0.24,0.40,Matches
165,Michael Gregoritsch\Michael-Gregoritsch,at AUT,FWMF,Augsburg,26,1994,24,9,835,9.3,1,2,1,0,0,1,0,0.11,0.22,0.32,0.11,0.32,1.0,1.0,1.3,2.4,0.11,0.14,0.25,0.11,0.25,Matches
166,Sebastian Griesbeck\Sebastian-Griesbeck,de GER,MF,Union Berlin,29,1990,24,8,890,9.9,0,0,0,0,0,3,0,0.00,0.00,0.00,0.00,0.00,0.4,0.4,0.0,0.5,0.04,0.00,0.05,0.04,0.05,Matches
167,Vincenzo Grifo\Vincenzo-Grifo,it ITA,MFFW,Freiburg,27,1993,31,27,2313,25.7,9,10,5,4,4,2,0,0.35,0.39,0.74,0.19,0.58,7.9,4.9,6.2,11.1,0.31,0.24,0.55,0.19,0.43,Matches
168,Lennart Grill\Lennart-Grill,de GER,GK,Leverkusen,21,1999,4,4,360,4.0,0,0,0,0,0,0,0,0.00,0.00,0.00,0.00,0.00,0.0,0.0,0.0,0.0,0.00,0.00,0.00,0.00,0.00,Matches
169,Florian Grillitsch\Florian-Grillitsch,at AUT,MFDF,Hoffenheim,24,1995,26,22,1879,20.9,2,1,2,0,0,6,1,0.10,0.05,0.14,0.10,0.14,2.0,2.0,1.7,3.7,0.10,0.08,0.18,0.10,0.18,Matches
170,Christian Groß\Christian-Gross,de GER,MFDF,Werder Bremen,31,1989,23,17,1468,16.3,0,1,0,0,0,8,1,0.00,0.06,0.06,0.00,0.06,0.4,0.4,0.6,1.0,0.03,0.03,0.06,0.03,0.06,Matches
171,Ilia Gruev\Ilia-Gruev,bg BUL,FW,Werder Bremen,20,2000,1,0,1,0.0,0,0,0,0,0,0,0,0.00,0.00,0.00,0.00,0.00,0.0,0.0,0.0,0.0,0.00,0.00,0.00,0.00,0.00,Matches
172,Carlos Gruezo\Carlos-Gruezo,ec ECU,MF,Augsburg,25,1995,28,23,2084,23.2,0,0,0,0,0,4,0,0.00,0.00,0.00,0.00,0.00,0.3,0.3,0.6,0.9,0.01,0.03,0.04,0.01,0.04,Matches
173,Mattéo Guendouzi\Matteo-Guendouzi,fr FRA,MF,Hertha BSC,21,1999,24,19,1818,20.2,2,1,2,0,0,5,0,0.10,0.05,0.15,0.10,0.15,1.0,1.0,1.4,2.4,0.05,0.07,0.12,0.05,0.12,Matches
174,Raphaël Guerreiro\Raphael-Guerreiro,pt POR,DF,Dortmund,26,1993,27,25,2218,24.6,5,10,5,0,0,1,0,0.20,0.41,0.61,0.20,0.61,3.8,3.8,7.0,10.9,0.16,0.28,0.44,0.16,0.44,Matches
175,Josuha Guilavogui\Josuha-Guilavogui,fr FRA,MFDF,Wolfsburg,29,1990,20,7,747,8.3,0,1,0,0,0,3,0,0.00,0.12,0.12,0.00,0.12,0.3,0.3,0.1,0.5,0.04,0.02,0.06,0.04,0.06,Matches
176,Péter Gulácsi\Peter-Gulacsi,hu HUN,GK,RB Leipzig,30,1990,33,33,2970,33.0,0,0,0,0,0,0,0,0.00,0.00,0.00,0.00,0.00,0.0,0.0,0.0,0.0,0.00,0.00,0.00,0.00,0.00,Matches
177,Manuel Gulde\Manuel-Gulde,de GER,DF,Freiburg,29,1991,27,22,1954,21.7,2,0,2,0,0,3,0,0.09,0.00,0.09,0.09,0.09,1.1,1.1,0.0,1.1,0.05,0.00,0.05,0.05,0.05,Matches
178,Robert Gumny\Robert-Gumny,pl POL,DF,Augsburg,22,1998,24,14,1377,15.3,1,0,1,0,0,4,0,0.07,0.00,0.07,0.07,0.07,0.8,0.8,0.5,1.3,0.05,0.03,0.08,0.05,0.08,Matches
179,Christian Günter\Christian-Gunter,de GER,DF,Freiburg,27,1993,34,34,3060,34.0,3,3,3,0,0,2,0,0.09,0.09,0.18,0.09,0.18,0.9,0.9,5.9,6.8,0.03,0.17,0.20,0.03,0.20,Matches
180,Erling Haaland\Erling-Haaland,no NOR,FW,Dortmund,20,2000,28,27,2407,26.7,27,6,25,2,4,2,0,1.01,0.22,1.23,0.93,1.16,23.7,20.5,5.4,25.9,0.89,0.20,1.09,0.77,0.97,Matches
181,Janik Haberer\Janik-Haberer,de GER,MFFW,Freiburg,26,1994,14,5,486,5.4,0,0,0,0,0,0,0,0.00,0.00,0.00,0.00,0.00,1.1,1.1,0.1,1.1,0.20,0.01,0.20,0.20,0.20,Matches
182,Alexander Hack\Alexander-Hack,de GER,DF,Mainz 05,26,1993,21,14,1370,15.2,1,0,1,0,0,2,0,0.07,0.00,0.07,0.07,0.07,0.3,0.3,0.4,0.8,0.02,0.03,0.05,0.02,0.05,Matches
183,André Hahn\Andre-Hahn,de GER,FWMF,Augsburg,29,1990,29,24,2037,22.6,8,3,8,0,0,4,0,0.35,0.13,0.49,0.35,0.49,5.4,5.4,1.8,7.2,0.24,0.08,0.32,0.24,0.32,Matches
184,Amadou Haidara\Amadou-Haidara,ml MLI,MFDF,RB Leipzig,22,1998,31,21,1905,21.2,3,1,3,0,0,4,0,0.14,0.05,0.19,0.14,0.19,4.4,4.4,2.6,7.0,0.21,0.12,0.33,0.21,0.33,Matches
185,Marcel Halstenberg\Marcel-Halstenberg,de GER,DF,RB Leipzig,28,1991,24,19,1651,18.3,2,2,1,1,1,2,0,0.11,0.11,0.22,0.05,0.16,1.9,1.1,2.5,3.7,0.10,0.14,0.24,0.06,0.20,Matches
186,Amine Harit\Amine-Harit,ma MAR,MFFW,Schalke 04,23,1997,28,25,2101,23.3,2,5,2,0,0,4,0,0.09,0.21,0.30,0.09,0.30,1.4,1.4,4.9,6.3,0.06,0.21,0.27,0.06,0.27,Matches
187,Marcel Hartel\Marcel-Hartel,de GER,MF,Arminia,24,1996,22,20,1681,18.7,0,0,0,0,0,1,0,0.00,0.00,0.00,0.00,0.00,1.2,1.2,1.2,2.4,0.06,0.07,0.13,0.06,0.13,Matches
188,Makoto Hasebe\Makoto-Hasebe,jp JPN,DFMF,Eint Frankfurt,36,1984,29,26,2288,25.4,0,0,0,0,0,5,0,0.00,0.00,0.00,0.00,0.00,0.2,0.2,0.2,0.4,0.01,0.01,0.01,0.01,0.01,Matches
189,Thorgan Hazard\Thorgan-Hazard,be BEL,FWMF,Dortmund,27,1993,16,8,654,7.3,1,3,1,0,0,0,0,0.14,0.41,0.55,0.14,0.55,0.6,0.6,2.8,3.4,0.08,0.39,0.47,0.08,0.47,Matches
190,Jonas Hector\Jonas-Hector,de GER,MF,Köln,30,1990,19,15,1290,14.3,3,1,3,0,0,2,0,0.21,0.07,0.28,0.21,0.28,3.4,3.4,1.6,5.0,0.24,0.12,0.35,0.24,0.35,Matches
191,Hwang Hee-chan\Hwang-Hee-chan,kr KOR,FWMF,RB Leipzig,24,1996,18,3,460,5.1,0,1,0,0,0,2,0,0.00,0.20,0.20,0.00,0.20,1.6,1.6,0.9,2.5,0.31,0.17,0.48,0.31,0.48,Matches
192,Dominique Heintz\Dominique-Heintz,de GER,DF,Freiburg,26,1993,21,14,1369,15.2,0,0,0,0,0,3,0,0.00,0.00,0.00,0.00,0.00,0.3,0.3,0.4,0.6,0.02,0.02,0.04,0.02,0.04,Matches
193,Benjamin Henrichs\Benjamin-Henrichs,de GER,DFMF,RB Leipzig,23,1997,13,5,540,6.0,0,1,0,0,0,3,0,0.00,0.17,0.17,0.00,0.17,0.2,0.2,0.6,0.8,0.04,0.09,0.14,0.04,0.14,Matches
194,Lucas Hernández\Lucas-Hernandez,fr FRA,DF,Bayern Munich,24,1996,23,18,1597,17.7,0,2,0,0,0,4,0,0.00,0.11,0.11,0.00,0.11,0.8,0.8,1.2,2.0,0.05,0.07,0.11,0.05,0.11,Matches
195,Patrick Herrmann\Patrick-Herrmann,de GER,FW,M'Gladbach,29,1991,27,9,876,9.7,0,3,0,0,0,3,0,0.00,0.31,0.31,0.00,0.31,2.6,2.6,1.7,4.2,0.26,0.17,0.44,0.26,0.44,Matches
196,Martin Hinteregger\Martin-Hinteregger,at AUT,DF,Eint Frankfurt,27,1992,29,29,2527,28.1,2,1,2,0,0,4,0,0.07,0.04,0.11,0.07,0.11,2.0,2.0,0.7,2.7,0.07,0.03,0.10,0.07,0.10,Matches
197,Marwin Hitz\Marwin-Hitz,ch SUI,GK,Dortmund,32,1987,16,16,1395,15.5,0,0,0,0,0,1,0,0.00,0.00,0.00,0.00,0.00,0.0,0.0,0.0,0.0,0.00,0.00,0.00,0.00,0.00,Matches
198,Nicolas Höfler\Nicolas-Hofler,de GER,MF,Freiburg,30,1990,31,30,2729,30.3,1,3,1,0,0,11,0,0.03,0.10,0.13,0.03,0.13,1.5,1.5,1.5,3.0,0.05,0.05,0.10,0.05,0.10,Matches
199,Jonas Hofmann\Jonas-Hofmann,de GER,FWMF,M'Gladbach,28,1992,24,21,1817,20.2,6,11,3,3,3,1,0,0.30,0.54,0.84,0.15,0.69,4.9,2.7,5.5,8.1,0.24,0.27,0.52,0.13,0.40,Matches
200,Marco Höger\Marco-Hoger,de GER,DF,Köln,30,1989,3,1,53,0.6,0,0,0,0,0,0,0,0.00,0.00,0.00,0.00,0.00,0.0,0.0,0.0,0.0,0.00,0.00,0.00,0.00,0.00,Matches
201,Lucas Höler\Lucas-Holer,de GER,FWMF,Freiburg,26,1994,33,22,2089,23.2,4,4,4,0,0,5,0,0.17,0.17,0.34,0.17,0.34,7.4,7.4,3.0,10.5,0.32,0.13,0.45,0.32,0.45,Matches
202,Matthew Hoppe\Matthew-Hoppe,us USA,FW,Schalke 04,19,2001,22,15,1305,14.5,6,1,6,0,0,3,0,0.41,0.07,0.48,0.41,0.48,3.4,3.4,0.8,4.2,0.24,0.05,0.29,0.24,0.29,Matches
203,Jannes Horn\Jannes-Horn,de GER,DF,Köln,23,1997,29,20,1768,19.6,0,1,0,0,0,6,0,0.00,0.05,0.05,0.00,0.05,0.2,0.2,1.6,1.8,0.01,0.08,0.09,0.01,0.09,Matches
204,Timo Horn\Timo-Horn,de GER,GK,Köln,27,1993,34,34,3009,33.4,0,0,0,0,0,0,0,0.00,0.00,0.00,0.00,0.00,0.0,0.0,0.0,0.0,0.00,0.00,0.00,0.00,0.00,Matches
205,Lukáš Hrádecký\Lukas-Hradecky,fi FIN,GK,Leverkusen,30,1989,29,29,2565,28.5,0,0,0,0,0,1,0,0.00,0.00,0.00,0.00,0.00,0.0,0.0,0.0,0.0,0.00,0.00,0.00,0.00,0.00,Matches
206,Ajdin Hrustic\Ajdin-Hrustic,au AUS,MFFW,Eint Frankfurt,24,1996,11,1,272,3.0,1,0,1,0,0,2,0,0.33,0.00,0.33,0.33,0.33,0.3,0.3,0.4,0.7,0.10,0.14,0.24,0.10,0.24,Matches
207,Florian Hübner\Florian-Hubner,de GER,DF,Union Berlin,29,1991,6,6,525,5.8,0,0,0,0,0,3,0,0.00,0.00,0.00,0.00,0.00,0.1,0.1,0.0,0.1,0.01,0.00,0.01,0.01,0.01,Matches
208,Mats Hummels\Mats-Hummels,de GER,DF,Dortmund,31,1988,33,32,2813,31.3,5,0,5,0,0,6,0,0.16,0.00,0.16,0.16,0.16,3.4,3.4,0.9,4.4,0.11,0.03,0.14,0.11,0.14,Matches
209,Klaas-Jan Huntelaar\Klaas-Jan-Huntelaar,nl NED,FW,Schalke 04,36,1983,9,7,588,6.5,2,1,2,0,1,2,0,0.31,0.15,0.46,0.31,0.46,3.4,2.5,0.5,2.9,0.52,0.07,0.59,0.38,0.45,Matches
210,Iago\Iago,br BRA,DF,Augsburg,23,1997,18,18,1560,17.3,1,1,1,0,0,2,0,0.06,0.06,0.12,0.06,0.12,0.9,0.9,1.1,2.0,0.05,0.06,0.12,0.05,0.12,Matches
211,Vedad Ibišević\Vedad-Ibisevic,ba BIH,FW,Schalke 04,35,1984,4,1,156,1.7,0,0,0,0,0,1,0,0.00,0.00,0.00,0.00,0.00,0.5,0.5,0.0,0.6,0.31,0.02,0.34,0.31,0.34,Matches
212,Blendi Idrizi\Blendi-Idrizi,xk KVX,MF,Schalke 04,22,1998,3,3,238,2.6,1,0,1,0,0,1,0,0.38,0.00,0.38,0.38,0.38,0.5,0.5,0.2,0.6,0.17,0.07,0.25,0.17,0.25,Matches
213,Stefan Ilsanker\Stefan-Ilsanker,at AUT,MFDF,Eint Frankfurt,31,1989,27,17,1578,17.5,1,0,1,0,0,4,0,0.06,0.00,0.06,0.06,0.06,1.2,1.2,0.2,1.4,0.07,0.01,0.08,0.07,0.08,Matches
214,Marcus Ingvartsen\Marcus-Ingvartsen,dk DEN,MFFW,Union Berlin,24,1996,30,24,1963,21.8,3,5,3,0,1,4,0,0.14,0.23,0.37,0.14,0.37,4.1,3.4,2.1,5.4,0.19,0.09,0.28,0.16,0.25,Matches
215,Ismail Jakobs\Ismail-Jakobs,de GER,DFMF,Köln,20,1999,23,18,1726,19.2,1,1,1,0,0,6,0,0.05,0.05,0.10,0.05,0.10,2.0,2.0,2.0,4.0,0.10,0.10,0.21,0.10,0.21,Matches
216,Tony Jantschke\Tony-Jantschke,de GER,DF,M'Gladbach,30,1990,8,3,269,3.0,0,0,0,0,0,1,0,0.00,0.00,0.00,0.00,0.00,0.2,0.2,0.0,0.2,0.07,0.00,0.07,0.07,0.07,Matches
217,Rune Jarstein\Rune-Jarstein,no NOR,GK,Hertha BSC,35,1984,8,8,720,8.0,0,0,0,0,0,0,0,0.00,0.00,0.00,0.00,0.00,0.0,0.0,0.0,0.0,0.00,0.00,0.00,0.00,0.00,Matches
218,Tin Jedvaj\Tin-Jedvaj,hr CRO,DF,Leverkusen,24,1995,3,2,152,1.7,0,0,0,0,0,0,0,0.00,0.00,0.00,0.00,0.00,0.0,0.0,0.0,0.0,0.02,0.00,0.02,0.02,0.02,Matches
219,Fredrik Jensen\Fredrik-Jensen,fi FIN,FWMF,Augsburg,22,1997,13,1,377,4.2,0,1,0,0,0,0,0,0.00,0.24,0.24,0.00,0.24,0.3,0.3,1.0,1.3,0.06,0.25,0.31,0.06,0.31,Matches
220,Marco John\Marco-John,de GER,DF,Hoffenheim,18,2002,14,12,997,11.1,0,0,0,0,0,1,0,0.00,0.00,0.00,0.00,0.00,0.2,0.2,1.6,1.8,0.02,0.15,0.16,0.02,0.16,Matches
221,Luka Jović\Luka-Jovic,rs SRB,FWMF,Eint Frankfurt,22,1997,18,8,894,9.9,4,1,4,0,0,2,0,0.40,0.10,0.50,0.40,0.50,2.7,2.7,0.6,3.4,0.28,0.06,0.34,0.28,0.34,Matches
222,Ozan Kabak\Ozan-Kabak,tr TUR,DF,Schalke 04,20,2000,14,14,1243,13.8,0,0,0,0,0,6,1,0.00,0.00,0.00,0.00,0.00,1.0,1.0,0.2,1.2,0.07,0.01,0.09,0.07,0.09,Matches
223,Pavel Kadeřábek\Pavel-Kaderabek,cz CZE,DF,Hoffenheim,28,1992,20,17,1588,17.6,0,4,0,0,0,3,0,0.00,0.23,0.23,0.00,0.23,1.2,1.2,3.3,4.5,0.07,0.19,0.25,0.07,0.25,Matches
224,Florian Kainz\Florian-Kainz,at AUT,FWMF,Köln,27,1992,8,6,447,5.0,1,0,1,0,0,0,0,0.20,0.00,0.20,0.20,0.20,0.6,0.6,1.0,1.6,0.12,0.21,0.32,0.12,0.32,Matches
225,Sasa Kalajdzic\Sasa-Kalajdzic,at AUT,FW,Stuttgart,23,1997,33,23,2136,23.7,16,5,16,0,0,1,0,0.67,0.21,0.88,0.67,0.88,9.0,9.0,3.5,12.5,0.38,0.15,0.53,0.38,0.53,Matches
226,Daichi Kamada\Daichi-Kamada,jp JPN,MFFW,Eint Frankfurt,23,1996,32,28,2356,26.2,5,12,5,0,0,3,0,0.19,0.46,0.65,0.19,0.65,5.6,5.6,7.5,13.0,0.21,0.28,0.50,0.21,0.50,Matches
227,Marcin Kamiński\Marcin-Kaminski,pl POL,DF,Stuttgart,28,1992,5,2,219,2.4,0,0,0,0,0,0,0,0.00,0.00,0.00,0.00,0.00,0.0,0.0,0.2,0.2,0.00,0.10,0.10,0.00,0.10,Matches
228,Kevin Kampl\Kevin-Kampl,si SVN,MF,RB Leipzig,29,1990,27,24,1932,21.5,0,1,0,0,0,6,0,0.00,0.05,0.05,0.00,0.05,1.2,1.2,1.9,3.1,0.05,0.09,0.14,0.05,0.14,Matches
229,Jimmy Kaparos\Jimmy-Kaparos,de GER,MF,Schalke 04,18,2001,1,0,18,0.2,0,0,0,0,0,0,0,0.00,0.00,0.00,0.00,0.00,0.0,0.0,0.0,0.0,0.00,0.00,0.00,0.00,0.00,Matches
230,Atakan Karazor\Atakan-Karazor,de GER,DFMF,Stuttgart,23,1996,19,10,1037,11.5,0,0,0,0,0,3,0,0.00,0.00,0.00,0.00,0.00,0.1,0.1,0.1,0.3,0.01,0.01,0.02,0.01,0.02,Matches
231,Loris Karius\Loris-Karius,de GER,GK,Union Berlin,27,1993,4,3,292,3.2,0,0,0,0,0,0,0,0.00,0.00,0.00,0.00,0.00,0.0,0.0,0.0,0.0,0.00,0.00,0.00,0.00,0.00,Matches
232,Noah Katterbach\Noah-Katterbach,de GER,DF,Köln,19,2001,21,12,1111,12.3,0,0,0,0,0,1,0,0.00,0.00,0.00,0.00,0.00,0.2,0.2,1.2,1.4,0.01,0.10,0.11,0.01,0.11,Matches
233,Yannik Keitel\Yannik-Keitel,de GER,MF,Freiburg,20,2000,12,4,498,5.5,0,0,0,0,0,1,0,0.00,0.00,0.00,0.00,0.00,0.3,0.3,0.2,0.5,0.06,0.04,0.10,0.06,0.10,Matches
234,Marc-Oliver Kempf\Marc-Oliver-Kempf,de GER,DF,Stuttgart,25,1995,32,32,2727,30.3,2,1,2,0,0,5,0,0.07,0.03,0.10,0.07,0.10,1.3,1.3,0.4,1.7,0.04,0.01,0.06,0.04,0.06,Matches
235,Rani Khedira\Rani-Khedira,de GER,MF,Augsburg,26,1994,27,23,1818,20.2,1,0,1,0,0,5,0,0.05,0.00,0.05,0.05,0.05,1.0,1.0,0.2,1.2,0.05,0.01,0.06,0.05,0.06,Matches
236,Sami Khedira\Sami-Khedira,de GER,MF,Hertha BSC,33,1987,9,4,395,4.4,0,1,0,0,0,1,0,0.00,0.23,0.23,0.00,0.23,0.0,0.0,0.5,0.5,0.01,0.11,0.12,0.01,0.12,Matches
237,Luca Kilian\Luca-Kilian,de GER,DF,Mainz 05,20,1999,6,4,381,4.2,0,0,0,0,0,1,0,0.00,0.00,0.00,0.00,0.00,0.0,0.0,0.0,0.1,0.01,0.00,0.02,0.01,0.02,Matches
238,Joshua Kimmich\Joshua-Kimmich,de GER,MF,Bayern Munich,25,1995,27,25,2194,24.4,4,10,4,0,0,4,0,0.16,0.41,0.57,0.16,0.57,2.5,2.5,6.6,9.0,0.10,0.27,0.37,0.10,0.37,Matches
239,Davy Klaassen\Davy-Klaassen,nl NED,MF,Werder Bremen,27,1993,3,3,222,2.5,0,0,0,0,0,1,0,0.00,0.00,0.00,0.00,0.00,0.1,0.1,0.0,0.1,0.05,0.00,0.05,0.05,0.05,Matches
240,Felix Klaus\Felix-Klaus,de GER,DFMF,Wolfsburg,27,1992,6,1,137,1.5,0,0,0,0,0,0,0,0.00,0.00,0.00,0.00,0.00,0.0,0.0,0.0,0.0,0.01,0.00,0.01,0.01,0.01,Matches
241,Klauss\Klauss,br BRA,FW,Hoffenheim,23,1997,4,0,51,0.6,0,0,0,0,0,0,0,0.00,0.00,0.00,0.00,0.00,0.1,0.1,0.3,0.4,0.18,0.46,0.64,0.18,0.64,Matches
242,Philipp Klement\Philipp-Klement,de GER,MFFW,Stuttgart,27,1992,18,2,421,4.7,1,2,1,0,0,0,0,0.21,0.43,0.64,0.21,0.64,0.3,0.3,1.7,1.9,0.06,0.35,0.41,0.06,0.41,Matches
243,Mateo Klimowicz\Mateo-Klimowicz,de GER,FWMF,Stuttgart,20,2000,25,12,1198,13.3,1,1,1,0,0,1,0,0.08,0.08,0.15,0.08,0.15,3.8,3.8,1.2,5.1,0.29,0.09,0.38,0.29,0.38,Matches
244,Fabian Klos\Fabian-Klos,de GER,FW,Arminia,32,1987,34,32,2709,30.1,5,2,4,1,2,4,0,0.17,0.07,0.23,0.13,0.20,7.9,6.4,3.5,9.8,0.26,0.11,0.38,0.21,0.33,Matches
245,Lukas Klostermann\Lukas-Klostermann,de GER,DF,RB Leipzig,24,1996,23,15,1446,16.1,1,0,1,0,0,2,0,0.06,0.00,0.06,0.06,0.06,0.8,0.8,0.5,1.3,0.05,0.03,0.08,0.05,0.08,Matches
246,Justin Kluivert\Justin-Kluivert,nl NED,FW,RB Leipzig,21,1999,19,8,813,9.0,3,1,3,0,0,2,0,0.33,0.11,0.44,0.33,0.44,3.6,3.6,1.2,4.9,0.40,0.14,0.54,0.40,0.54,Matches
247,Lukas Klünter\Lukas-Klunter,de GER,DF,Hertha BSC,24,1996,11,11,990,11.0,0,0,0,0,0,0,0,0.00,0.00,0.00,0.00,0.00,0.0,0.0,0.3,0.3,0.00,0.03,0.03,0.00,0.03,Matches
248,Ansgar Knauff\Ansgar-Knauff,de GER,FWMF,Dortmund,18,2002,4,0,71,0.8,1,1,1,0,0,0,0,1.27,1.27,2.54,1.27,2.54,0.1,0.1,1.0,1.1,0.12,1.23,1.36,0.12,1.36,Matches
249,Robin Knoche\Robin-Knoche,de GER,DF,Union Berlin,28,1992,34,34,3042,33.8,1,0,1,0,0,4,0,0.03,0.00,0.03,0.03,0.03,0.9,0.9,0.3,1.2,0.03,0.01,0.04,0.03,0.04,Matches
250,Gregor Kobel\Gregor-Kobel,ch SUI,GK,Stuttgart,22,1997,33,33,2970,33.0,0,0,0,0,0,0,0,0.00,0.00,0.00,0.00,0.00,0.0,0.0,0.0,0.0,0.00,0.00,0.00,0.00,0.00,Matches
251,Dominik Kohr\Dominik-Kohr,de GER,MF,Mainz 05,26,1994,17,14,1268,14.1,1,1,1,0,0,3,0,0.07,0.07,0.14,0.07,0.14,0.9,0.9,1.2,2.1,0.06,0.09,0.15,0.06,0.15,Matches
252,Dominik Kohr\Dominik-Kohr,de GER,MFFW,Eint Frankfurt,26,1994,7,2,260,2.9,0,0,0,0,0,1,0,0.00,0.00,0.00,0.00,0.00,0.5,0.5,0.0,0.6,0.19,0.01,0.20,0.19,0.20,Matches
253,Sead Kolašinac\Sead-Kolasinac,ba BIH,DFMF,Schalke 04,27,1993,17,16,1426,15.8,1,1,1,0,0,5,0,0.06,0.06,0.13,0.06,0.13,0.4,0.4,1.6,2.0,0.02,0.10,0.13,0.02,0.13,Matches
254,Ibrahima Konaté\Ibrahima-Konate,fr FRA,DF,RB Leipzig,21,1999,14,8,695,7.7,1,0,1,0,0,2,0,0.13,0.00,0.13,0.13,0.13,0.5,0.5,0.0,0.5,0.06,0.00,0.06,0.06,0.06,Matches
255,Filip Kostić\Filip-Kostic,rs SRB,DF,Eint Frankfurt,27,1992,30,29,2534,28.2,4,14,4,0,0,4,0,0.14,0.50,0.64,0.14,0.64,3.9,3.9,11.5,15.4,0.14,0.41,0.55,0.14,0.55,Matches
256,Nianzou Kouassi\Nianzou-Kouassi,fr FRA,DFMF,Bayern Munich,18,2002,6,0,118,1.3,0,0,0,0,0,1,1,0.00,0.00,0.00,0.00,0.00,0.0,0.0,0.0,0.0,0.00,0.00,0.00,0.00,0.00,Matches
257,Andrej Kramarić\Andrej-Kramaric,hr CRO,FWMF,Hoffenheim,29,1991,28,26,2379,26.4,20,5,15,5,5,2,0,0.76,0.19,0.95,0.57,0.76,16.4,12.6,4.7,17.3,0.62,0.18,0.80,0.48,0.65,Matches
258,Christoph Kramer\Christoph-Kramer,de GER,MF,M'Gladbach,29,1991,28,23,2033,22.6,0,2,0,0,0,5,0,0.00,0.09,0.09,0.00,0.09,0.4,0.4,1.2,1.6,0.02,0.05,0.07,0.02,0.07,Matches
259,Max Kruse\Max-Kruse,de GER,FWMF,Union Berlin,32,1988,22,19,1629,18.1,11,5,6,5,6,0,0,0.61,0.28,0.88,0.33,0.61,6.6,2.0,4.5,6.5,0.37,0.25,0.62,0.11,0.36,Matches
260,Lukas Kübler\Lukas-Kubler,de GER,DF,Freiburg,27,1992,19,11,884,9.8,0,1,0,0,0,2,0,0.00,0.10,0.10,0.00,0.10,0.1,0.1,0.3,0.4,0.01,0.04,0.04,0.01,0.04,Matches
261,Pierre Kunde\Pierre-Kunde,cm CMR,MF,Mainz 05,25,1995,11,6,513,5.7,0,0,0,0,0,1,0,0.00,0.00,0.00,0.00,0.00,0.1,0.1,0.9,1.0,0.03,0.15,0.18,0.03,0.18,Matches
262,Fabian Kunze\Fabian-Kunze,de GER,MF,Arminia,22,1998,26,12,1270,14.1,0,0,0,0,0,6,0,0.00,0.00,0.00,0.00,0.00,0.5,0.5,0.4,0.9,0.04,0.03,0.06,0.04,0.06,Matches
263,Ahmed Kutucu\Ahmed-Kutucu,tr TUR,FWMF,Schalke 04,20,2000,7,0,108,1.2,0,0,0,0,0,1,0,0.00,0.00,0.00,0.00,0.00,0.3,0.3,0.0,0.3,0.21,0.01,0.22,0.21,0.22,Matches
264,Maxence Lacroix\Maxence-Lacroix,fr FRA,DF,Wolfsburg,20,2000,30,29,2590,28.8,1,1,1,0,0,5,0,0.03,0.03,0.07,0.03,0.07,1.6,1.6,0.4,1.9,0.05,0.01,0.07,0.05,0.07,Matches
265,Konrad Laimer\Konrad-Laimer,at AUT,DFFW,RB Leipzig,23,1997,3,1,84,0.9,0,0,0,0,0,0,0,0.00,0.00,0.00,0.00,0.00,0.4,0.4,0.0,0.4,0.41,0.00,0.41,0.41,0.41,Matches
266,Stefan Lainer\Stefan-Lainer,at AUT,DF,M'Gladbach,27,1992,33,31,2768,30.8,2,2,2,0,0,2,0,0.07,0.07,0.13,0.07,0.13,2.3,2.3,2.4,4.7,0.08,0.08,0.15,0.08,0.15,Matches
267,Michael Langer\Michael-Langer,at AUT,GK,Schalke 04,35,1985,3,2,239,2.7,0,0,0,0,0,0,0,0.00,0.00,0.00,0.00,0.00,0.0,0.0,0.0,0.0,0.00,0.00,0.00,0.00,0.00,Matches
268,Danny Latza\Danny-Latza,de GER,MF,Mainz 05,30,1989,29,21,1800,20.0,0,2,0,0,0,8,0,0.00,0.10,0.10,0.00,0.10,1.9,1.9,2.2,4.1,0.10,0.11,0.20,0.10,0.20,Matches
269,Valentino Lazaro\Valentino-Lazaro,at AUT,DFFW,M'Gladbach,24,1996,22,13,1240,13.8,2,0,2,0,0,3,0,0.15,0.00,0.15,0.15,0.15,2.0,2.0,1.0,3.1,0.15,0.08,0.22,0.15,0.22,Matches
270,Mathew Leckie\Mathew-Leckie,au AUS,FWDF,Hertha BSC,29,1991,17,5,506,5.6,0,1,0,0,0,0,0,0.00,0.18,0.18,0.00,0.18,0.1,0.1,0.6,0.8,0.02,0.12,0.13,0.02,0.13,Matches
271,Christopher Lenz\Christopher-Lenz,de GER,DF,Union Berlin,25,1994,27,27,2248,25.0,0,3,0,0,0,3,0,0.00,0.12,0.12,0.00,0.12,0.9,0.9,2.0,3.0,0.04,0.08,0.12,0.04,0.12,Matches
272,Robert Lewandowski\Robert-Lewandowski,pl POL,FW,Bayern Munich,31,1988,29,28,2458,27.3,41,7,33,8,9,4,0,1.50,0.26,1.76,1.21,1.46,31.6,24.7,3.6,28.4,1.16,0.13,1.29,0.90,1.04,Matches
273,Philipp Lienhart\Philipp-Lienhart,at AUT,DF,Freiburg,24,1996,34,34,2993,33.3,4,0,4,0,0,4,0,0.12,0.00,0.12,0.12,0.12,2.1,2.1,0.3,2.4,0.06,0.01,0.07,0.06,0.07,Matches
274,Dimitris Limnios\Dimitris-Limnios,gr GRE,MFFW,Köln,22,1998,12,2,378,4.2,0,0,0,0,0,0,0,0.00,0.00,0.00,0.00,0.00,0.6,0.6,0.5,1.1,0.14,0.13,0.27,0.14,0.27,Matches
275,Niklas Lomb\Niklas-Lomb,de GER,GK,Leverkusen,27,1993,2,1,135,1.5,0,0,0,0,0,0,0,0.00,0.00,0.00,0.00,0.00,0.0,0.0,0.0,0.0,0.00,0.00,0.00,0.00,0.00,Matches
276,Eduard Löwen\Eduard-Lowen,de GER,MFDF,Hertha BSC,23,1997,7,1,85,0.9,0,0,0,0,0,0,0,0.00,0.00,0.00,0.00,0.00,0.0,0.0,0.0,0.0,0.04,0.00,0.04,0.04,0.04,Matches
277,Jan Luca Schuler\Jan-Luca-Schuler,de GER,FW,Schalke 04,21,1999,2,0,40,0.4,0,0,0,0,0,0,0,0.00,0.00,0.00,0.00,0.00,0.1,0.1,0.0,0.1,0.12,0.00,0.12,0.12,0.12,Matches
278,Anderson Lucoqui\Anderson-Lucoqui,ao ANG,DF,Arminia,23,1997,21,18,1604,17.8,0,0,0,0,0,5,0,0.00,0.00,0.00,0.00,0.00,0.1,0.1,0.1,0.3,0.01,0.01,0.02,0.01,0.02,Matches
279,Kilian Ludewig\Kilian-Ludewig,de GER,DF,Schalke 04,20,2000,6,6,520,5.8,0,0,0,0,0,1,0,0.00,0.00,0.00,0.00,0.00,0.0,0.0,0.3,0.3,0.00,0.05,0.05,0.00,0.05,Matches
280,Dodi Lukebakio\Dodi-Lukebakio,be BEL,FWMF,Hertha BSC,22,1997,29,21,1855,20.6,5,5,3,2,2,4,1,0.24,0.24,0.49,0.15,0.39,6.9,5.3,2.5,7.8,0.33,0.12,0.45,0.26,0.38,Matches
281,Andreas Luthe\Andreas-Luthe,de GER,GK,Union Berlin,33,1987,31,31,2768,30.8,0,0,0,0,0,1,0,0.00,0.00,0.00,0.00,0.00,0.0,0.0,0.0,0.0,0.00,0.00,0.00,0.00,0.00,Matches
282,Tim Maciejewski\Tim-Maciejewski,de GER,MF,Union Berlin,19,2001,1,0,8,0.1,0,0,0,0,0,0,0,0.00,0.00,0.00,0.00,0.00,0.0,0.0,0.0,0.0,0.00,0.00,0.00,0.00,0.00,Matches
283,Luca Mack\Luca-Mack,de GER,MF,Stuttgart,20,2000,1,0,6,0.1,0,0,0,0,0,0,0,0.00,0.00,0.00,0.00,0.00,0.0,0.0,0.0,0.0,0.00,0.00,0.00,0.00,0.00,Matches
284,Mikail Maden\Mikail-Maden,no NOR,FW,Schalke 04,18,2002,1,0,6,0.1,0,0,0,0,0,0,0,0.00,0.00,0.00,0.00,0.00,0.0,0.0,0.0,0.0,0.00,0.00,0.00,0.00,0.00,Matches
285,Arne Maier\Arne-Maier,de GER,MF,Hertha BSC,21,1999,2,0,30,0.3,0,0,0,0,0,0,0,0.00,0.00,0.00,0.00,0.00,0.0,0.0,0.2,0.2,0.00,0.49,0.49,0.00,0.49,Matches
286,Arne Maier\Arne-Maier,de GER,MF,Arminia,21,1999,16,13,1034,11.5,0,0,0,0,0,0,0,0.00,0.00,0.00,0.00,0.00,0.4,0.4,1.4,1.8,0.03,0.12,0.16,0.03,0.16,Matches
287,Yunus Mallı\Yunus-Malli,tr TUR,MF,Wolfsburg,28,1992,1,1,58,0.6,0,0,0,0,0,0,0,0.00,0.00,0.00,0.00,0.00,0.0,0.0,0.1,0.1,0.00,0.22,0.22,0.00,0.22,Matches
288,Orel Mangala\Orel-Mangala,be BEL,MF,Stuttgart,22,1998,24,24,2109,23.4,1,3,1,0,0,4,0,0.04,0.13,0.17,0.04,0.17,1.4,1.4,1.5,2.9,0.06,0.07,0.13,0.06,0.13,Matches
289,Omar Marmoush\Omar-Marmoush,eg EGY,FW,Wolfsburg,21,1999,1,0,1,0.0,0,0,0,0,0,0,0,0.00,0.00,0.00,0.00,0.00,0.0,0.0,0.0,0.0,0.00,0.00,0.00,0.00,0.00,Matches
290,Aarón Martín\Aaron-Martin,es ESP,DF,Mainz 05,23,1997,5,3,262,2.9,0,0,0,0,0,0,0,0.00,0.00,0.00,0.00,0.00,0.0,0.0,0.4,0.4,0.01,0.12,0.14,0.01,0.14,Matches
291,Javi Martínez\Javi-Martinez,es ESP,DFMF,Bayern Munich,31,1988,19,4,466,5.2,0,0,0,0,0,0,0,0.00,0.00,0.00,0.00,0.00,0.3,0.3,0.2,0.4,0.06,0.03,0.09,0.06,0.09,Matches
292,Josep Martinez\Josep-Martinez,es ESP,GK,RB Leipzig,22,1998,1,1,90,1.0,0,0,0,0,0,0,0,0.00,0.00,0.00,0.00,0.00,0.0,0.0,0.0,0.0,0.00,0.00,0.00,0.00,0.00,Matches
293,Omar Mascarell\Omar-Mascarell,es ESP,MF,Schalke 04,27,1993,24,21,1762,19.6,1,1,1,0,0,6,0,0.05,0.05,0.10,0.05,0.10,0.3,0.3,0.5,0.8,0.02,0.02,0.04,0.02,0.04,Matches
294,Roberto Massimo\Roberto-Massimo,de GER,DFFW,Stuttgart,19,2000,18,7,757,8.4,0,0,0,0,0,2,0,0.00,0.00,0.00,0.00,0.00,1.7,1.7,1.4,3.1,0.20,0.17,0.37,0.20,0.37,Matches
295,Jean-Philippe Mateta\Jean-Philippe-Mateta,fr FRA,FW,Mainz 05,23,1997,15,12,997,11.1,7,1,6,1,1,2,0,0.63,0.09,0.72,0.54,0.63,7.4,6.7,1.5,8.2,0.67,0.13,0.81,0.60,0.74,Matches
296,Rabbi Matondo\Rabbi-Matondo,wal WAL,FWMF,Schalke 04,19,2000,3,3,220,2.4,0,0,0,0,0,0,0,0.00,0.00,0.00,0.00,0.00,0.0,0.0,0.1,0.1,0.00,0.05,0.05,0.00,0.05,Matches
297,Henning Matriciani\Henning-Matriciani,de GER,DF,Schalke 04,20,2000,1,0,24,0.3,0,0,0,0,0,0,0,0.00,0.00,0.00,0.00,0.00,0.0,0.0,0.0,0.0,0.00,0.00,0.00,0.00,0.00,Matches
298,Konstantinos Mavropanos\Konstantinos-Mavropanos,gr GRE,DF,Stuttgart,22,1997,21,19,1463,16.3,0,0,0,0,0,5,0,0.00,0.00,0.00,0.00,0.00,1.4,1.4,0.3,1.7,0.09,0.02,0.10,0.09,0.10,Matches
299,Eric Maxim Choupo-Moting\Eric-Maxim-Choupo-Moting,cm CMR,FWMF,Bayern Munich,31,1989,22,8,820,9.1,3,0,3,0,0,2,0,0.33,0.00,0.33,0.33,0.33,3.2,3.2,1.6,4.8,0.35,0.17,0.52,0.35,0.52,Matches
300,Kevin Mbabu\Kevin-Mbabu,ch SUI,DF,Wolfsburg,25,1995,22,19,1642,18.2,0,1,0,0,0,7,0,0.00,0.05,0.05,0.00,0.05,0.5,0.5,1.2,1.7,0.03,0.07,0.10,0.03,0.10,Matches
301,Jean-Manuel Mbom\Jean-Manuel-Mbom,de GER,MFDF,Werder Bremen,20,2000,21,15,1160,12.9,0,1,0,0,0,7,0,0.00,0.08,0.08,0.00,0.08,0.5,0.5,0.6,1.1,0.04,0.04,0.09,0.04,0.09,Matches
302,Nathan de Medina\Nathan-de-Medina,be BEL,DF,Arminia,22,1997,16,7,639,7.1,0,1,0,0,0,5,1,0.00,0.14,0.14,0.00,0.14,0.0,0.0,0.6,0.6,0.00,0.08,0.08,0.00,0.08,Matches
303,Joshua Mees\Joshua-Mees,de GER,FW,Union Berlin,24,1996,1,0,5,0.1,0,0,0,0,0,0,0,0.00,0.00,0.00,0.00,0.00,0.1,0.1,0.0,0.1,2.02,0.00,2.02,2.02,2.02,Matches
304,Admir Mehmedi\Admir-Mehmedi,ch SUI,MFFW,Wolfsburg,29,1991,18,8,820,9.1,0,2,0,0,0,0,0,0.00,0.22,0.22,0.00,0.22,0.9,0.9,2.0,2.9,0.09,0.22,0.31,0.09,0.31,Matches
305,Hamza Mendyl\Hamza-Mendyl,ma MAR,FW,Schalke 04,22,1997,3,1,95,1.1,0,0,0,0,0,1,0,0.00,0.00,0.00,0.00,0.00,0.1,0.1,0.0,0.1,0.10,0.00,0.10,0.10,0.10,Matches
306,Levent Mercan\Levent-Mercan,de GER,FW,Schalke 04,19,2000,1,0,5,0.1,0,0,0,0,0,0,0,0.00,0.00,0.00,0.00,0.00,0.0,0.0,0.0,0.0,0.00,0.00,0.00,0.00,0.00,Matches
307,Jorge Meré\Jorge-Mere,es ESP,DF,Köln,23,1997,16,14,1300,14.4,0,0,0,0,0,2,0,0.00,0.00,0.00,0.00,0.00,0.0,0.0,0.2,0.2,0.00,0.01,0.01,0.00,0.01,Matches
308,Thomas Meunier\Thomas-Meunier,be BEL,DF,Dortmund,28,1991,21,17,1472,16.4,1,1,1,0,0,3,0,0.06,0.06,0.12,0.06,0.12,0.9,0.9,1.7,2.6,0.06,0.10,0.16,0.06,0.16,Matches
309,Max Meyer\Max-Meyer,de GER,MF,Köln,24,1995,10,3,351,3.9,0,0,0,0,0,0,0,0.00,0.00,0.00,0.00,0.00,1.0,1.0,0.1,1.0,0.24,0.01,0.26,0.24,0.26,Matches
310,Jonas Michel Dirkner\Jonas-Michel-Dirkner,de GER,MF,Hertha BSC,18,2002,1,0,16,0.2,0,0,0,0,0,0,0,0.00,0.00,0.00,0.00,0.00,0.0,0.0,0.0,0.0,0.00,0.00,0.00,0.00,0.00,Matches
311,Jonas Michelbrink\Jonas-Michelbrink,de GER,MF,Hertha BSC,19,2001,2,0,39,0.4,0,0,0,0,0,1,0,0.00,0.00,0.00,0.00,0.00,0.0,0.0,0.0,0.0,0.00,0.00,0.00,0.00,0.00,Matches
312,Maximilian Mittelstädt\Maximilian-Mittelstadt,de GER,DF,Hertha BSC,23,1997,27,22,1797,20.0,0,2,0,0,0,3,0,0.00,0.10,0.10,0.00,0.10,0.8,0.8,1.9,2.7,0.04,0.09,0.14,0.04,0.14,Matches
313,Anthony Modeste\Anthony-Modeste,fr FRA,FWMF,Köln,32,1988,8,1,221,2.5,0,0,0,0,1,1,0,0.00,0.00,0.00,0.00,0.00,1.8,1.0,0.0,1.1,0.73,0.01,0.74,0.42,0.43,Matches
314,Kevin Möhwald\Kevin-Mohwald,de GER,MF,Werder Bremen,27,1993,27,17,1555,17.3,5,1,5,0,0,4,1,0.29,0.06,0.35,0.29,0.35,1.3,1.3,1.0,2.3,0.08,0.06,0.13,0.08,0.13,Matches
315,Niklas Moisander\Niklas-Moisander,fi FIN,DF,Werder Bremen,34,1985,18,12,1222,13.6,0,0,0,0,0,3,0,0.00,0.00,0.00,0.00,0.00,0.0,0.0,0.0,0.0,0.00,0.00,0.00,0.00,0.00,Matches
316,Alkhaly Momo Cissé\Alkhaly-Momo-Cisse,gn GUI,DFFW,Stuttgart,17,2002,5,0,38,0.4,0,0,0,0,0,1,0,0.00,0.00,0.00,0.00,0.00,0.0,0.0,0.0,0.0,0.00,0.05,0.05,0.00,0.05,Matches
317,Jan Morávek\Jan-Moravek,cz CZE,MF,Augsburg,30,1989,5,3,267,3.0,0,0,0,0,0,0,0,0.00,0.00,0.00,0.00,0.00,0.1,0.1,0.0,0.2,0.05,0.01,0.06,0.05,0.06,Matches
318,Mateu Morey\Mateu-Morey,es ESP,DF,Dortmund,20,2000,13,10,829,9.2,0,2,0,0,0,1,0,0.00,0.22,0.22,0.00,0.22,0.1,0.1,0.6,0.7,0.01,0.07,0.07,0.01,0.07,Matches
319,Youssoufa Moukoko\Youssoufa-Moukoko,de GER,FWMF,Dortmund,15,2004,14,2,422,4.7,3,0,3,0,0,0,0,0.64,0.00,0.64,0.64,0.64,2.8,2.8,0.7,3.5,0.59,0.15,0.74,0.59,0.74,Matches
320,Nordi Mukiele\Nordi-Mukiele,fr FRA,DF,RB Leipzig,22,1997,28,21,1677,18.6,3,1,3,0,0,5,0,0.16,0.05,0.21,0.16,0.21,2.3,2.3,1.5,3.8,0.12,0.08,0.20,0.12,0.20,Matches
321,Florian Müller\Florian-Muller,de GER,GK,Freiburg,22,1997,31,31,2790,31.0,0,0,0,0,0,0,0,0.00,0.00,0.00,0.00,0.00,0.0,0.0,0.0,0.0,0.00,0.00,0.00,0.00,0.00,Matches
322,Sebastian Müller\Sebastian-Muller,de GER,MFDF,Arminia,19,2001,2,0,4,0.0,0,0,0,0,0,0,0,0.00,0.00,0.00,0.00,0.00,0.0,0.0,0.0,0.0,0.00,0.00,0.00,0.00,0.00,Matches
323,Thomas Müller\Thomas-Muller,de GER,MF,Bayern Munich,30,1989,32,31,2674,29.7,11,19,10,1,1,0,0,0.37,0.64,1.01,0.34,0.98,7.1,6.4,11.5,17.9,0.24,0.39,0.63,0.21,0.60,Matches
324,Petar Musa\Petar-Musa,hr CRO,FW,Union Berlin,22,1998,14,8,715,7.9,1,3,1,0,0,2,0,0.13,0.38,0.50,0.13,0.50,2.5,2.5,0.8,3.3,0.31,0.10,0.41,0.31,0.41,Matches
325,Jamal Musiala\Jamal-Musiala,de GER,FWMF,Bayern Munich,17,2003,26,7,881,9.8,6,1,6,0,0,0,0,0.61,0.10,0.72,0.61,0.72,3.1,3.1,0.9,4.0,0.31,0.09,0.41,0.31,0.41,Matches
326,Shkodran Mustafi\Shkodran-Mustafi,de GER,DF,Schalke 04,28,1992,13,11,1037,11.5,1,0,1,0,0,1,0,0.09,0.00,0.09,0.09,0.09,0.5,0.5,0.0,0.6,0.05,0.00,0.05,0.05,0.05,Matches
327,Phillipp Mwene\Phillipp-Mwene,at AUT,DF,Mainz 05,26,1994,20,19,1674,18.6,1,2,1,0,0,3,0,0.05,0.11,0.16,0.05,0.16,0.2,0.2,1.4,1.6,0.01,0.07,0.09,0.01,0.09,Matches
328,Obite N'Dicka\Obite-NDicka,fr FRA,DF,Eint Frankfurt,20,1999,23,23,2044,22.7,3,1,3,0,0,10,0,0.13,0.04,0.18,0.13,0.18,1.1,1.1,0.3,1.5,0.05,0.01,0.06,0.05,0.06,Matches
329,Matija Nastasić\Matija-Nastasic,rs SRB,DF,Schalke 04,27,1993,15,14,1221,13.6,0,0,0,0,0,2,0,0.00,0.00,0.00,0.00,0.00,0.3,0.3,0.0,0.3,0.02,0.00,0.02,0.02,0.02,Matches
330,Paul Nebel\Paul-Nebel,de GER,MF,Mainz 05,17,2002,4,0,51,0.6,0,0,0,0,0,0,0,0.00,0.00,0.00,0.00,0.00,0.0,0.0,0.0,0.0,0.00,0.00,0.00,0.00,0.00,Matches
331,Luca Netz\Luca-Netz,de GER,DF,Hertha BSC,17,2003,11,2,309,3.4,1,0,1,0,0,0,0,0.29,0.00,0.29,0.29,0.29,0.8,0.8,0.1,0.9,0.24,0.03,0.27,0.24,0.27,Matches
332,Manuel Neuer\Manuel-Neuer,de GER,GK,Bayern Munich,34,1986,33,33,2970,33.0,0,0,0,0,0,1,0,0.00,0.00,0.00,0.00,0.00,0.0,0.0,0.2,0.2,0.00,0.01,0.01,0.00,0.01,Matches
333,Florian Neuhaus\Florian-Neuhaus,de GER,MF,M'Gladbach,23,1997,33,30,2622,29.1,6,5,6,0,0,9,0,0.21,0.17,0.38,0.21,0.38,3.1,3.1,2.4,5.4,0.11,0.08,0.19,0.11,0.19,Matches
334,Jessic Ngankam\Jessic-Ngankam,de GER,FW,Hertha BSC,20,2000,15,2,296,3.3,2,0,2,0,0,1,0,0.61,0.00,0.61,0.61,0.61,0.5,0.5,0.0,0.5,0.14,0.01,0.15,0.14,0.15,Matches
335,Moussa Niakhate\Moussa-Niakhate,fr FRA,DF,Mainz 05,24,1996,32,32,2866,31.8,3,1,2,1,1,10,1,0.09,0.03,0.13,0.06,0.09,2.6,1.9,2.0,3.9,0.08,0.06,0.15,0.06,0.12,Matches
336,Florian Niederlechner\Florian-Niederlechner,de GER,FW,Augsburg,29,1990,28,21,1737,19.3,5,4,5,0,0,3,1,0.26,0.21,0.47,0.26,0.47,6.7,6.7,3.0,9.7,0.35,0.16,0.50,0.35,0.50,Matches
337,Joakim Nilsson\Joakim-Nilsson,se SWE,DF,Arminia,26,1994,25,24,2162,24.0,0,0,0,0,0,1,0,0.00,0.00,0.00,0.00,0.00,0.4,0.4,0.1,0.5,0.02,0.01,0.02,0.02,0.02,Matches
338,Christopher Nkunku\Christopher-Nkunku,fr FRA,FWMF,RB Leipzig,22,1997,28,19,1892,21.0,6,6,6,0,0,2,0,0.29,0.29,0.57,0.29,0.57,7.8,7.8,7.5,15.3,0.37,0.36,0.73,0.37,0.73,Matches
339,Håvard Nordtveit\Havard-Nordtveit,no NOR,DF,Hoffenheim,30,1990,12,6,700,7.8,0,0,0,0,0,1,0,0.00,0.00,0.00,0.00,0.00,0.2,0.2,0.3,0.6,0.03,0.04,0.07,0.03,0.07,Matches
340,Alexander Nübel\Alexander-Nubel,de GER,GK,Bayern Munich,23,1996,1,1,90,1.0,0,0,0,0,0,0,0,0.00,0.00,0.00,0.00,0.00,0.0,0.0,0.0,0.0,0.00,0.00,0.00,0.00,0.00,Matches
341,Kasim Nuhu\Kasim-Nuhu,gh GHA,DF,Hoffenheim,25,1995,12,11,987,11.0,0,0,0,0,0,0,0,0.00,0.00,0.00,0.00,0.00,0.6,0.6,0.0,0.7,0.06,0.00,0.06,0.06,0.06,Matches
342,Bastian Oczipka\Bastian-Oczipka,de GER,DF,Schalke 04,31,1989,27,20,1922,21.4,0,2,0,0,0,1,0,0.00,0.09,0.09,0.00,0.09,0.3,0.3,1.5,1.7,0.01,0.07,0.08,0.01,0.08,Matches
343,Masaya Okugawa\Masaya-Okugawa,jp JPN,MF,Arminia,24,1996,13,11,914,10.2,1,0,1,0,0,0,0,0.10,0.00,0.10,0.10,0.10,0.9,0.9,0.8,1.8,0.09,0.08,0.17,0.09,0.17,Matches
344,Dani Olmo\Dani-Olmo,es ESP,MFFW,RB Leipzig,22,1998,32,26,2194,24.4,5,9,4,1,1,1,0,0.21,0.37,0.57,0.16,0.53,7.6,7.0,4.9,12.0,0.31,0.20,0.52,0.29,0.49,Matches
345,Karim Onisiwo\Karim-Onisiwo,at AUT,FW,Mainz 05,28,1992,31,19,1843,20.5,4,0,4,0,0,2,0,0.20,0.00,0.20,0.20,0.20,5.3,5.3,2.4,7.7,0.26,0.12,0.37,0.26,0.37,Matches
346,Willi Orban\Willi-Orban,hu HUN,DF,RB Leipzig,27,1992,29,25,2363,26.3,4,1,4,0,0,4,0,0.15,0.04,0.19,0.15,0.19,3.5,3.5,0.8,4.2,0.13,0.03,0.16,0.13,0.16,Matches
347,Stefan Ortega\Stefan-Ortega,de GER,GK,Arminia,27,1992,34,34,3060,34.0,0,1,0,0,0,1,0,0.00,0.03,0.03,0.00,0.03,0.0,0.0,0.6,0.6,0.00,0.02,0.02,0.00,0.02,Matches
348,Yuya Osako\Yuya-Osako,jp JPN,MFFW,Werder Bremen,30,1990,24,7,762,8.5,0,1,0,0,0,3,0,0.00,0.12,0.12,0.00,0.12,0.5,0.5,1.5,2.0,0.06,0.18,0.24,0.06,0.24,Matches
349,Paulo Otávio\Paulo-Otavio,br BRA,DF,Wolfsburg,25,1994,23,19,1737,19.3,0,2,0,0,0,7,1,0.00,0.10,0.10,0.00,0.10,0.7,0.7,1.9,2.5,0.03,0.10,0.13,0.03,0.13,Matches
350,Reece Oxford\Reece-Oxford,eng ENG,DF,Augsburg,21,1998,24,13,1358,15.1,0,0,0,0,0,2,0,0.00,0.00,0.00,0.00,0.00,0.7,0.7,0.1,0.7,0.04,0.01,0.05,0.04,0.05,Matches
351,Salih Özcan\Salih-Ozcan,de GER,MF,Köln,22,1998,28,15,1371,15.2,0,1,0,0,0,3,0,0.00,0.07,0.07,0.00,0.07,0.6,0.6,0.7,1.3,0.04,0.04,0.08,0.04,0.08,Matches
352,Levin Öztunalı\Levin-Oztunali,de GER,DFFW,Mainz 05,24,1996,17,7,758,8.4,1,2,1,0,0,0,0,0.12,0.24,0.36,0.12,0.36,0.6,0.6,0.9,1.6,0.08,0.11,0.19,0.08,0.19,Matches
353,Gonçalo Paciência\Goncalo-Paciencia,pt POR,FW,Schalke 04,25,1994,15,9,749,8.3,1,1,1,0,0,2,0,0.12,0.12,0.24,0.12,0.24,1.3,1.3,0.6,1.9,0.16,0.07,0.23,0.16,0.23,Matches
354,Exequiel Palacios\Exequiel-Palacios,ar ARG,MF,Leverkusen,21,1998,9,7,572,6.4,0,0,0,0,0,1,0,0.00,0.00,0.00,0.00,0.00,0.1,0.1,0.9,1.0,0.02,0.14,0.16,0.02,0.16,Matches
355,Matondo-Merveille Papela\Matondo-Merveille-Papela,de GER,DF,Mainz 05,19,2001,1,0,2,0.0,0,0,0,0,0,0,0,0.00,0.00,0.00,0.00,0.00,0.0,0.0,0.0,0.0,0.00,0.00,0.00,0.00,0.00,Matches
356,Felix Passlack\Felix-Passlack,de GER,DF,Dortmund,22,1998,7,3,362,4.0,1,0,1,0,0,0,0,0.25,0.00,0.25,0.25,0.25,0.9,0.9,0.2,1.2,0.23,0.06,0.29,0.23,0.29,Matches
357,Paulinho\Paulinho,br BRA,FW,Leverkusen,20,2000,1,1,65,0.7,0,0,0,0,0,0,0,0.00,0.00,0.00,0.00,0.00,0.3,0.3,0.0,0.3,0.40,0.00,0.40,0.40,0.40,Matches
358,Benjamin Pavard\Benjamin-Pavard,fr FRA,DF,Bayern Munich,24,1996,24,22,1943,21.6,0,0,0,0,0,3,0,0.00,0.00,0.00,0.00,0.00,0.4,0.4,1.9,2.3,0.02,0.09,0.11,0.02,0.11,Matches
359,Jiří Pavlenka\Jiri-Pavlenka,cz CZE,GK,Werder Bremen,28,1992,34,34,3060,34.0,0,0,0,0,0,2,0,0.00,0.00,0.00,0.00,0.00,0.0,0.0,0.0,0.0,0.00,0.00,0.00,0.00,0.00,Matches
360,Vasileios Pavlidis\Vasileios-Pavlidis,gr GRE,FW,Schalke 04,17,2002,1,0,2,0.0,0,0,0,0,0,0,0,0.00,0.00,0.00,0.00,0.00,0.0,0.0,0.0,0.0,0.00,0.00,0.00,0.00,0.00,Matches
361,Mads Pedersen\Mads-Pedersen,dk DEN,DF,Augsburg,23,1996,15,9,887,9.9,0,0,0,0,0,1,0,0.00,0.00,0.00,0.00,0.00,0.0,0.0,0.8,0.8,0.00,0.08,0.08,0.00,0.08,Matches
362,Peter Pekarík\Peter-Pekarik,sk SVK,DF,Hertha BSC,33,1986,23,22,1692,18.8,3,1,3,0,0,4,0,0.16,0.05,0.21,0.16,0.21,1.4,1.4,0.9,2.3,0.07,0.05,0.12,0.07,0.12,Matches
363,Philipp Pentke\Philipp-Pentke,de GER,GK,Hoffenheim,35,1985,3,3,270,3.0,0,0,0,0,0,0,0,0.00,0.00,0.00,0.00,0.00,0.0,0.0,0.0,0.0,0.00,0.00,0.00,0.00,0.00,Matches
364,Pavao Pervan\Pavao-Pervan,at AUT,GK,Wolfsburg,32,1987,2,2,180,2.0,0,0,0,0,0,0,0,0.00,0.00,0.00,0.00,0.00,0.0,0.0,0.0,0.0,0.00,0.00,0.00,0.00,0.00,Matches
365,Nils Petersen\Nils-Petersen,de GER,FW,Freiburg,31,1988,32,12,1301,14.5,8,0,7,1,1,0,0,0.55,0.00,0.55,0.48,0.48,6.4,5.6,1.5,7.1,0.44,0.10,0.55,0.39,0.49,Matches
366,Lukas Petkov\Lukas-Petkov,de GER,MF,Augsburg,19,2000,1,0,4,0.0,0,0,0,0,0,0,0,0.00,0.00,0.00,0.00,0.00,0.0,0.0,0.0,0.0,0.00,0.00,0.00,0.00,0.00,Matches
367,Maximilian Philipp\Maximilian-Philipp,de GER,MF,Wolfsburg,26,1994,24,13,1111,12.3,6,2,6,0,0,3,0,0.49,0.16,0.65,0.49,0.65,3.0,3.0,1.5,4.5,0.25,0.12,0.37,0.25,0.37,Matches
368,Krzysztof Piątek\Krzysztof-Piatek,pl POL,FW,Hertha BSC,25,1995,32,18,1630,18.1,7,1,7,0,1,4,0,0.39,0.06,0.44,0.39,0.44,6.7,5.9,1.3,7.2,0.37,0.07,0.44,0.33,0.40,Matches
369,Amos Pieper\Amos-Pieper,de GER,DF,Arminia,22,1998,30,30,2682,29.8,1,1,1,0,0,6,0,0.03,0.03,0.07,0.03,0.07,1.0,1.0,0.5,1.5,0.03,0.02,0.05,0.03,0.05,Matches
370,Łukasz Piszczek\Lukasz-Piszczek,pl POL,DF,Dortmund,35,1985,11,5,455,5.1,0,0,0,0,0,0,0,0.00,0.00,0.00,0.00,0.00,0.0,0.0,0.3,0.3,0.00,0.06,0.07,0.00,0.07,Matches
371,Marvin Plattenhardt\Marvin-Plattenhardt,de GER,DF,Hertha BSC,28,1992,16,12,1071,11.9,0,2,0,0,0,1,0,0.00,0.17,0.17,0.00,0.17,0.1,0.1,1.3,1.3,0.01,0.11,0.11,0.01,0.11,Matches
372,Alassane Pléa\Alassane-Plea,fr FRA,FW,M'Gladbach,27,1993,29,19,1803,20.0,6,1,6,0,0,2,0,0.30,0.05,0.35,0.30,0.35,5.1,5.1,3.9,9.0,0.26,0.20,0.45,0.26,0.45,Matches
373,Joel Pohjanpalo\Joel-Pohjanpalo,fi FIN,FW,Union Berlin,25,1994,19,10,851,9.5,6,0,6,0,0,0,0,0.63,0.00,0.63,0.63,0.63,6.9,6.9,1.4,8.2,0.73,0.15,0.87,0.73,0.87,Matches
374,Joel Pohjanpalo\Joel-Pohjanpalo,fi FIN,MF,Leverkusen,25,1994,1,0,6,0.1,0,0,0,0,0,0,0,0.00,0.00,0.00,0.00,0.00,0.0,0.0,0.0,0.0,0.00,0.00,0.00,0.00,0.00,Matches
375,Marin Pongračić\Marin-Pongracic,hr CRO,DF,Wolfsburg,22,1997,10,7,575,6.4,0,0,0,0,0,2,1,0.00,0.00,0.00,0.00,0.00,0.0,0.0,0.0,0.0,0.00,0.00,0.00,0.00,0.00,Matches
376,Stefan Posch\Stefan-Posch,at AUT,DF,Hoffenheim,23,1997,26,25,2119,23.5,0,0,0,0,0,11,1,0.00,0.00,0.00,0.00,0.00,0.8,0.8,0.8,1.6,0.03,0.03,0.07,0.03,0.07,Matches
377,Yussuf Poulsen\Yussuf-Poulsen,dk DEN,FW,RB Leipzig,26,1994,27,14,1354,15.0,5,4,5,0,0,1,0,0.33,0.27,0.60,0.33,0.60,5.0,5.0,2.8,7.8,0.33,0.19,0.52,0.33,0.52,Matches
378,Manuel Prietl\Manuel-Prietl,at AUT,MF,Arminia,28,1991,28,28,2517,28.0,1,1,1,0,0,3,0,0.04,0.04,0.07,0.04,0.07,0.7,0.7,1.4,2.1,0.02,0.05,0.08,0.02,0.08,Matches
379,Grischa Prömel\Grischa-Promel,de GER,MF,Union Berlin,25,1995,24,21,1816,20.2,3,1,3,0,0,7,0,0.15,0.05,0.20,0.15,0.20,1.9,1.9,0.8,2.7,0.09,0.04,0.14,0.09,0.14,Matches
380,Robin Quaison\Robin-Quaison,se SWE,FWMF,Mainz 05,26,1993,28,18,1476,16.4,6,2,5,1,1,1,0,0.37,0.12,0.49,0.30,0.43,5.9,5.1,2.9,8.1,0.36,0.18,0.54,0.31,0.49,Matches
381,Nemanja Radonjić\Nemanja-Radonjic,rs SRB,FWDF,Hertha BSC,24,1996,12,5,611,6.8,1,2,1,0,0,1,0,0.15,0.29,0.44,0.15,0.44,1.8,1.8,0.9,2.8,0.27,0.14,0.41,0.27,0.41,Matches
382,Benito Raman\Benito-Raman,be BEL,FWMF,Schalke 04,25,1994,25,13,1246,13.8,2,0,2,0,0,2,0,0.14,0.00,0.14,0.14,0.14,2.3,2.2,1.4,3.6,0.17,0.10,0.27,0.16,0.26,Matches
383,Milot Rashica\Milot-Rashica,xk KVX,FWMF,Werder Bremen,24,1996,24,14,1462,16.2,3,2,2,1,1,0,0,0.18,0.12,0.31,0.12,0.25,4.4,3.6,1.7,5.3,0.27,0.11,0.37,0.22,0.33,Matches
384,Daishawn Redan\Daishawn-Redan,nl NED,FWMF,Hertha BSC,19,2001,7,0,102,1.1,0,0,0,0,0,0,0,0.00,0.00,0.00,0.00,0.00,0.6,0.6,0.0,0.6,0.56,0.02,0.57,0.56,0.57,Matches
385,Reinier\Reinier,br BRA,MFFW,Dortmund,18,2002,14,1,257,2.9,1,1,1,0,0,0,0,0.35,0.35,0.70,0.35,0.70,0.9,0.9,0.4,1.3,0.30,0.14,0.44,0.30,0.44,Matches
386,Rocco Reitz\Rocco-Reitz,de GER,MF,M'Gladbach,18,2002,2,1,60,0.7,0,0,0,0,0,1,0,0.00,0.00,0.00,0.00,0.00,0.0,0.0,0.1,0.1,0.00,0.11,0.11,0.00,0.11,Matches
387,Marco Reus\Marco-Reus,de GER,MFFW,Dortmund,31,1989,32,27,2279,25.3,8,6,8,0,2,1,0,0.32,0.24,0.55,0.32,0.55,10.0,7.4,8.1,15.5,0.40,0.32,0.72,0.29,0.61,Matches
388,Elvis Rexhbeçaj\Elvis-Rexhbecaj,de GER,MFFW,Köln,22,1997,30,20,1833,20.4,5,2,5,0,0,4,0,0.25,0.10,0.34,0.25,0.34,2.1,2.1,2.3,4.4,0.10,0.11,0.22,0.10,0.22,Matches
389,Gio Reyna\Gio-Reyna,us USA,FWMF,Dortmund,17,2002,32,23,1976,22.0,4,5,4,0,0,1,0,0.18,0.23,0.41,0.18,0.41,4.5,4.5,4.3,8.8,0.20,0.20,0.40,0.20,0.40,Matches
390,Chris Richards\Chris-Richards,us USA,DF,Hoffenheim,20,2000,11,11,944,10.5,0,1,0,0,0,1,0,0.00,0.10,0.10,0.00,0.10,0.2,0.2,0.3,0.5,0.02,0.03,0.05,0.02,0.05,Matches
391,Chris Richards\Chris-Richards,us USA,DF,Bayern Munich,20,2000,3,1,89,1.0,0,1,0,0,0,0,0,0.00,1.01,1.01,0.00,1.01,0.0,0.0,0.3,0.3,0.00,0.26,0.26,0.00,0.26,Matches
392,Marco Richter\Marco-Richter,de GER,FWMF,Augsburg,22,1997,29,16,1416,15.7,3,1,3,0,0,4,1,0.19,0.06,0.25,0.19,0.25,4.9,4.9,1.6,6.5,0.31,0.10,0.41,0.31,0.41,Matches
393,Marc Roca\Marc-Roca,es ESP,MF,Bayern Munich,23,1996,6,2,177,2.0,0,0,0,0,0,1,0,0.00,0.00,0.00,0.00,0.00,0.3,0.3,0.0,0.3,0.13,0.01,0.14,0.13,0.14,Matches
394,Sebastian Rode\Sebastian-Rode,de GER,MF,Eint Frankfurt,29,1990,27,19,1625,18.1,1,0,1,0,0,10,0,0.06,0.00,0.06,0.06,0.06,0.1,0.1,1.3,1.4,0.01,0.07,0.08,0.01,0.08,Matches
395,Jérôme Roussillon\Jerome-Roussillon,fr FRA,DF,Wolfsburg,27,1993,20,14,1229,13.7,0,2,0,0,0,0,0,0.00,0.15,0.15,0.00,0.15,0.6,0.6,1.5,2.1,0.04,0.11,0.16,0.04,0.16,Matches
396,Sebastian Rudy\Sebastian-Rudy,de GER,MFDF,Hoffenheim,30,1990,25,21,1678,18.6,1,3,1,0,0,4,0,0.05,0.16,0.21,0.05,0.21,0.6,0.6,2.2,2.8,0.03,0.12,0.15,0.03,0.15,Matches
397,Sebastian Rudy\Sebastian-Rudy,de GER,DF,Schalke 04,30,1990,2,2,180,2.0,0,0,0,0,0,0,0,0.00,0.00,0.00,0.00,0.00,0.0,0.0,0.1,0.1,0.01,0.06,0.06,0.01,0.06,Matches
398,Georginio Rutter\Georginio-Rutter,fr FRA,FW,Hoffenheim,18,2002,9,2,241,2.7,1,0,1,0,0,0,0,0.37,0.00,0.37,0.37,0.37,0.4,0.4,0.2,0.6,0.16,0.06,0.22,0.16,0.22,Matches
399,Julian Ryerson\Julian-Ryerson,no NOR,DFMF,Union Berlin,22,1997,24,10,1069,11.9,0,2,0,0,0,2,0,0.00,0.17,0.17,0.00,0.17,0.2,0.2,1.3,1.4,0.02,0.11,0.12,0.02,0.12,Matches
400,Frederik Rønnow\Frederik-Ronnow,dk DEN,GK,Schalke 04,27,1992,11,10,945,10.5,0,0,0,0,0,0,0,0.00,0.00,0.00,0.00,0.00,0.0,0.0,0.0,0.0,0.00,0.00,0.00,0.00,0.00,Matches
401,João Victor Santos Sá\Joao-Victor-Santos-Sa,br BRA,FW,Wolfsburg,26,1994,21,3,469,5.2,1,1,1,0,0,0,0,0.19,0.19,0.38,0.19,0.38,0.5,0.5,1.0,1.5,0.10,0.20,0.30,0.10,0.30,Matches
402,Marcel Sabitzer\Marcel-Sabitzer,at AUT,MF,RB Leipzig,26,1994,27,24,2026,22.5,8,3,4,4,4,8,0,0.36,0.13,0.49,0.18,0.31,7.2,4.2,2.3,6.5,0.32,0.10,0.42,0.19,0.29,Matches
403,Roland Sallai\Roland-Sallai,hu HUN,MFFW,Freiburg,23,1997,28,22,1661,18.5,8,3,7,1,1,5,0,0.43,0.16,0.60,0.38,0.54,6.8,6.1,1.3,7.4,0.37,0.07,0.44,0.33,0.40,Matches
404,Lazar Samardzic\Lazar-Samardzic,de GER,MFFW,RB Leipzig,18,2002,7,2,200,2.2,0,1,0,0,0,0,0,0.00,0.45,0.45,0.00,0.45,0.0,0.0,0.5,0.5,0.01,0.21,0.22,0.01,0.22,Matches
405,Diadie Samassékou\Diadie-Samassekou,ml MLI,MF,Hoffenheim,24,1996,31,31,2563,28.5,0,2,0,0,0,3,0,0.00,0.07,0.07,0.00,0.07,0.6,0.6,1.1,1.7,0.02,0.04,0.06,0.02,0.06,Matches
406,Jadon Sancho\Jadon-Sancho,eng ENG,FWMF,Dortmund,20,2000,26,24,2062,22.9,8,11,7,1,1,0,0,0.35,0.48,0.83,0.31,0.79,7.4,6.6,6.8,13.4,0.32,0.30,0.62,0.29,0.58,Matches
407,Leroy Sané\Leroy-Sane,de GER,FWMF,Bayern Munich,24,1996,32,18,1805,20.1,6,9,6,0,0,2,0,0.30,0.45,0.75,0.30,0.75,5.6,5.6,6.4,12.0,0.28,0.32,0.60,0.28,0.60,Matches
408,Salif Sané\Salif-Sane,sn SEN,DF,Schalke 04,29,1990,14,11,1071,11.9,0,0,0,0,0,5,0,0.00,0.00,0.00,0.00,0.00,0.4,0.4,0.3,0.7,0.03,0.03,0.06,0.03,0.06,Matches
409,Mohamed Sankoh\Mohamed-Sankoh,nl NED,FW,Stuttgart,16,2003,1,0,17,0.2,0,0,0,0,0,0,0,0.00,0.00,0.00,0.00,0.00,0.0,0.0,0.0,0.0,0.21,0.00,0.21,0.21,0.21,Matches
410,Baptiste Santamaria\Baptiste-Santamaria,fr FRA,MF,Freiburg,25,1995,30,28,2209,24.5,1,2,1,0,0,5,0,0.04,0.08,0.12,0.04,0.12,1.9,1.9,1.5,3.4,0.08,0.06,0.14,0.08,0.14,Matches
411,Josh Sargent\Josh-Sargent,us USA,FWMF,Werder Bremen,20,2000,32,30,2506,27.8,5,2,5,0,0,7,0,0.18,0.07,0.25,0.18,0.25,5.2,5.2,3.8,9.0,0.19,0.13,0.32,0.19,0.32,Matches
412,Bouna Sarr\Bouna-Sarr,gn GUI,DF,Bayern Munich,28,1992,8,5,452,5.0,0,1,0,0,0,1,0,0.00,0.20,0.20,0.00,0.20,0.1,0.1,0.1,0.2,0.02,0.02,0.04,0.02,0.04,Matches
413,Patrik Schick\Patrik-Schick,cz CZE,FW,Leverkusen,24,1996,29,20,1866,20.7,9,1,9,0,0,4,0,0.43,0.05,0.48,0.43,0.48,9.7,9.7,2.3,12.0,0.47,0.11,0.58,0.47,0.58,Matches
414,Sven Schipplock\Sven-Schipplock,de GER,FWMF,Arminia,31,1988,32,5,744,8.3,1,0,1,0,0,4,0,0.12,0.00,0.12,0.12,0.12,1.1,1.1,0.9,2.0,0.13,0.10,0.24,0.13,0.24,Matches
415,Xaver Schlager\Xaver-Schlager,at AUT,MF,Wolfsburg,22,1997,32,30,2626,29.2,2,4,2,0,0,7,0,0.07,0.14,0.21,0.07,0.21,2.8,2.8,3.3,6.1,0.10,0.11,0.21,0.10,0.21,Matches
416,Keven Schlotterbeck\Keven-Schlotterbeck,de GER,DF,Freiburg,23,1997,24,18,1654,18.4,0,0,0,0,0,3,0,0.00,0.00,0.00,0.00,0.00,0.6,0.6,0.2,0.8,0.04,0.01,0.04,0.04,0.04,Matches
417,Nico Schlotterbeck\Nico-Schlotterbeck,de GER,DF,Union Berlin,20,1999,16,15,1285,14.3,1,0,1,0,0,4,1,0.07,0.00,0.07,0.07,0.07,1.3,1.3,0.2,1.5,0.09,0.01,0.10,0.09,0.10,Matches
418,Jonathan Schmid\Jonathan-Schmid,fr FRA,DFMF,Freiburg,30,1990,31,27,2393,26.6,2,2,2,0,0,4,0,0.08,0.08,0.15,0.08,0.15,1.4,1.4,2.1,3.5,0.05,0.08,0.13,0.05,0.13,Matches
419,Romano Schmid\Romano-Schmid,at AUT,FWMF,Werder Bremen,20,2000,22,13,1177,13.1,0,3,0,0,0,2,0,0.00,0.23,0.23,0.00,0.23,0.6,0.6,1.0,1.6,0.05,0.07,0.12,0.05,0.12,Matches
420,Benno Schmitz\Benno-Schmitz,de GER,DF,Köln,25,1994,12,4,416,4.6,0,1,0,0,0,0,0,0.00,0.22,0.22,0.00,0.22,0.3,0.3,0.4,0.7,0.06,0.09,0.15,0.06,0.15,Matches
421,Alessandro Schöpf\Alessandro-Schopf,at AUT,FWMF,Schalke 04,26,1994,19,10,942,10.5,0,0,0,0,0,0,0,0.00,0.00,0.00,0.00,0.00,0.4,0.4,0.4,0.8,0.04,0.03,0.07,0.04,0.07,Matches
422,Nico Schulz\Nico-Schulz,de GER,DF,Dortmund,27,1993,13,6,610,6.8,0,0,0,0,0,1,0,0.00,0.00,0.00,0.00,0.00,0.1,0.1,0.3,0.5,0.02,0.05,0.07,0.02,0.07,Matches
423,Alexander Schwolow\Alexander-Schwolow,de GER,GK,Hertha BSC,28,1992,26,26,2340,26.0,0,0,0,0,0,0,0,0.00,0.00,0.00,0.00,0.00,0.0,0.0,0.0,0.0,0.00,0.00,0.00,0.00,0.00,Matches
424,Christopher Scott\Christopher-Scott,de GER,FWMF,Bayern Munich,18,2002,2,0,34,0.4,0,0,0,0,0,0,0,0.00,0.00,0.00,0.00,0.00,0.0,0.0,0.0,0.0,0.09,0.00,0.09,0.09,0.09,Matches
425,Davie Selke\Davie-Selke,de GER,FW,Werder Bremen,25,1995,23,7,813,9.0,3,1,2,1,1,4,0,0.33,0.11,0.44,0.22,0.33,3.6,2.8,0.7,3.5,0.40,0.07,0.47,0.31,0.38,Matches
426,Suat Serdar\Suat-Serdar,de GER,MF,Schalke 04,23,1997,25,24,1953,21.7,1,3,1,0,0,3,0,0.05,0.14,0.18,0.05,0.18,2.2,2.2,1.5,3.6,0.10,0.07,0.17,0.10,0.17,Matches
427,Ryan Sessegnon\Ryan-Sessegnon,eng ENG,DF,Hoffenheim,20,2000,23,17,1574,17.5,2,3,2,0,0,4,0,0.11,0.17,0.29,0.11,0.29,0.6,0.6,1.8,2.4,0.03,0.10,0.14,0.03,0.14,Matches
428,Nils Seufert\Nils-Seufert,de GER,MFFW,Arminia,23,1997,13,2,343,3.8,0,1,0,0,0,1,0,0.00,0.26,0.26,0.00,0.26,0.0,0.0,0.3,0.3,0.01,0.07,0.08,0.01,0.08,Matches
429,Tim Siersleben\Tim-Siersleben,de GER,DF,Wolfsburg,20,2000,1,0,34,0.4,0,0,0,0,0,0,0,0.00,0.00,0.00,0.00,0.00,0.1,0.1,0.0,0.1,0.15,0.00,0.15,0.15,0.15,Matches
430,André Silva\Andre-Silva,pt POR,FW,Eint Frankfurt,24,1995,32,32,2760,30.7,28,7,21,7,7,1,0,0.91,0.23,1.14,0.68,0.91,24.3,18.9,5.5,24.5,0.79,0.18,0.97,0.62,0.80,Matches
431,Jóan Símun Edmundsson\Joan-Simun-Edmundsson,fo FRO,MFFW,Arminia,29,1991,5,0,58,0.6,1,0,1,0,0,0,0,1.55,0.00,1.55,1.55,1.55,0.5,0.5,0.0,0.5,0.81,0.00,0.81,0.81,0.81,Matches
432,Daley Sinkgraven\Daley-Sinkgraven,nl NED,DF,Leverkusen,25,1995,22,19,1570,17.4,0,0,0,0,0,4,0,0.00,0.00,0.00,0.00,0.00,0.4,0.4,0.7,1.1,0.02,0.04,0.06,0.02,0.06,Matches
433,Tobias Sippel\Tobias-Sippel,de GER,GK,M'Gladbach,32,1988,4,3,344,3.8,0,0,0,0,0,0,0,0.00,0.00,0.00,0.00,0.00,0.0,0.0,0.0,0.0,0.00,0.00,0.00,0.00,0.00,Matches
434,Ellyes Skhiri\Ellyes-Skhiri,tn TUN,MF,Köln,25,1995,32,32,2785,30.9,5,2,5,0,0,5,0,0.16,0.06,0.23,0.16,0.23,3.9,3.9,1.1,5.0,0.13,0.04,0.16,0.13,0.16,Matches
435,Robert Skov\Robert-Skov,dk DEN,FWDF,Hoffenheim,24,1996,23,12,1164,12.9,1,0,1,0,0,0,1,0.08,0.00,0.08,0.08,0.08,2.1,2.1,1.3,3.4,0.16,0.10,0.26,0.16,0.26,Matches
436,Steven Skrzybski\Steven-Skrzybski,de GER,FWDF,Schalke 04,27,1992,13,3,419,4.7,0,0,0,0,1,2,0,0.00,0.00,0.00,0.00,0.00,1.3,0.5,0.1,0.7,0.28,0.03,0.31,0.12,0.14,Matches
437,Yann Sommer\Yann-Sommer,ch SUI,GK,M'Gladbach,31,1988,31,31,2712,30.1,0,0,0,0,0,1,1,0.00,0.00,0.00,0.00,0.00,0.0,0.0,0.0,0.0,0.00,0.00,0.00,0.00,0.00,Matches
438,Borna Sosa\Borna-Sosa,hr CRO,DF,Stuttgart,22,1998,26,25,2042,22.7,0,9,0,0,0,2,0,0.00,0.40,0.40,0.00,0.40,0.6,0.6,5.9,6.5,0.03,0.26,0.29,0.03,0.29,Matches
439,Cebio Soukou\Cebio-Soukou,bj BEN,FWMF,Arminia,27,1992,14,5,458,5.1,1,0,1,0,0,2,0,0.20,0.00,0.20,0.20,0.20,0.8,0.8,0.1,0.9,0.15,0.03,0.18,0.15,0.18,Matches
440,Djibril Sow\Djibril-Sow,ch SUI,MF,Eint Frankfurt,23,1997,28,25,2175,24.2,0,2,0,0,0,6,0,0.00,0.08,0.08,0.00,0.08,0.6,0.6,1.6,2.1,0.02,0.06,0.09,0.02,0.09,Matches
441,Jerry St. Juste\Jerry-St-Juste,nl NED,DF,Mainz 05,23,1996,32,32,2880,32.0,0,1,0,0,0,4,0,0.00,0.03,0.03,0.00,0.03,2.0,2.0,0.2,2.2,0.06,0.01,0.07,0.06,0.07,Matches
442,Benjamin Stambouli\Benjamin-Stambouli,fr FRA,MFDF,Schalke 04,29,1990,24,22,1956,21.7,0,2,0,0,0,5,0,0.00,0.09,0.09,0.00,0.09,0.1,0.1,0.5,0.6,0.00,0.02,0.03,0.00,0.03,Matches
443,Josip Stanišić\Josip-Stanisic,de GER,DF,Bayern Munich,20,2000,1,1,90,1.0,0,0,0,0,0,0,0,0.00,0.00,0.00,0.00,0.00,0.2,0.2,0.0,0.2,0.16,0.00,0.16,0.16,0.16,Matches
444,Niklas Stark\Niklas-Stark,de GER,DFMF,Hertha BSC,25,1995,33,31,2793,31.0,0,0,0,0,0,2,0,0.00,0.00,0.00,0.00,0.00,0.9,0.9,0.2,1.2,0.03,0.01,0.04,0.03,0.04,Matches
445,Renato Steffen\Renato-Steffen,ch SUI,FWMF,Wolfsburg,28,1991,21,19,1566,17.4,5,4,5,0,0,3,0,0.29,0.23,0.52,0.29,0.52,4.3,4.3,2.5,6.9,0.25,0.15,0.39,0.25,0.39,Matches
446,Pascal Stenzel\Pascal-Stenzel,de GER,DF,Stuttgart,24,1996,23,14,1276,14.2,0,1,0,0,0,3,1,0.00,0.07,0.07,0.00,0.07,0.1,0.1,0.3,0.4,0.01,0.02,0.03,0.01,0.03,Matches
447,Lars Stindl\Lars-Stindl,de GER,MFFW,M'Gladbach,31,1988,30,23,1961,21.8,14,8,8,6,7,6,0,0.64,0.37,1.01,0.37,0.73,10.0,4.7,5.6,10.3,0.46,0.26,0.72,0.22,0.47,Matches
448,Kevin Stöger\Kevin-Stoger,at AUT,MFFW,Mainz 05,26,1993,19,4,538,6.0,3,0,3,0,0,3,0,0.50,0.00,0.50,0.50,0.50,1.6,1.6,0.9,2.5,0.26,0.15,0.41,0.26,0.41,Matches
449,Tobias Strobl\Tobias-Strobl,de GER,MF,Augsburg,30,1990,29,21,1846,20.5,0,0,0,0,0,4,0,0.00,0.00,0.00,0.00,0.00,0.5,0.5,0.9,1.4,0.03,0.04,0.07,0.03,0.07,Matches
450,Marek Suchý\Marek-Suchy,cz CZE,DF,Augsburg,32,1988,5,3,305,3.4,0,0,0,0,0,2,0,0.00,0.00,0.00,0.00,0.00,0.0,0.0,0.0,0.0,0.00,0.00,0.00,0.00,0.00,Matches
451,Niklas Süle\Niklas-Sule,de GER,DF,Bayern Munich,24,1995,20,16,1505,16.7,1,0,1,0,0,1,0,0.06,0.00,0.06,0.06,0.06,1.1,1.1,0.3,1.4,0.07,0.02,0.09,0.07,0.09,Matches
452,Ádám Szalai\Adam-Szalai,hu HUN,FW,Mainz 05,32,1987,18,8,733,8.1,1,0,1,0,0,1,0,0.12,0.00,0.12,0.12,0.12,2.2,2.2,0.6,2.7,0.26,0.07,0.34,0.26,0.34,Matches
453,Frederik Sørensen\Frederik-Sorensen,dk DEN,DF,Köln,28,1992,3,1,99,1.1,0,0,0,0,0,2,0,0.00,0.00,0.00,0.00,0.00,0.0,0.0,0.1,0.1,0.00,0.07,0.07,0.00,0.07,Matches
454,Alexander Sørloth\Alexander-Sorloth,no NOR,FW,RB Leipzig,24,1995,29,13,1443,16.0,5,3,5,0,1,2,0,0.31,0.19,0.50,0.31,0.50,6.4,5.7,2.2,7.9,0.40,0.14,0.54,0.35,0.49,Matches
455,Jonathan Tah\Jonathan-Tah,de GER,DF,Leverkusen,24,1996,27,24,2219,24.7,1,0,1,0,0,3,0,0.04,0.00,0.04,0.04,0.04,0.8,0.8,0.1,1.0,0.03,0.01,0.04,0.03,0.04,Matches
456,Edmond Tapsoba\Edmond-Tapsoba,bf BFA,DF,Leverkusen,21,1999,31,29,2652,29.5,1,0,1,0,0,5,0,0.03,0.00,0.03,0.03,0.03,1.1,1.1,0.5,1.5,0.04,0.02,0.05,0.04,0.05,Matches
457,Niklas Tauer\Niklas-Tauer,de GER,MFDF,Mainz 05,19,2001,5,0,69,0.8,0,0,0,0,0,0,0,0.00,0.00,0.00,0.00,0.00,0.0,0.0,0.0,0.0,0.00,0.03,0.03,0.00,0.03,Matches
458,Lino Tempelmann\Lino-Tempelmann,de GER,MFDF,Freiburg,21,1999,10,2,270,3.0,0,0,0,0,0,2,0,0.00,0.00,0.00,0.00,0.00,0.2,0.2,0.0,0.2,0.06,0.01,0.06,0.06,0.06,Matches
459,Cedric Teuchert\Cedric-Teuchert,de GER,FWMF,Union Berlin,23,1997,24,5,754,8.4,3,1,3,0,0,2,0,0.36,0.12,0.48,0.36,0.48,3.3,3.3,1.0,4.3,0.39,0.12,0.52,0.39,0.52,Matches
460,Malick Thiaw\Malick-Thiaw,de GER,DF,Schalke 04,18,2001,19,15,1452,16.1,1,0,1,0,0,5,1,0.06,0.00,0.06,0.06,0.06,0.5,0.5,0.1,0.5,0.03,0.00,0.03,0.03,0.03,Matches
461,Jan Thielmann\Jan-Thielmann,de GER,FWMF,Köln,18,2002,24,9,1029,11.4,2,3,2,0,0,0,0,0.17,0.26,0.44,0.17,0.44,1.1,1.1,0.7,1.7,0.09,0.06,0.15,0.09,0.15,Matches
462,Erik Thommy\Erik-Thommy,de GER,DFFW,Stuttgart,25,1994,8,3,313,3.5,0,2,0,0,0,0,0,0.00,0.58,0.58,0.00,0.58,0.5,0.5,0.9,1.3,0.13,0.25,0.38,0.13,0.38,Matches
463,Marcus Thuram\Marcus-Thuram,fr FRA,FW,M'Gladbach,22,1997,29,20,1731,19.2,8,3,8,0,0,3,1,0.42,0.16,0.57,0.42,0.57,7.8,7.8,2.0,9.8,0.40,0.10,0.51,0.40,0.51,Matches
464,Steffen Tigges\Steffen-Tigges,de GER,FW,Dortmund,22,1998,6,0,56,0.6,0,0,0,0,0,0,0,0.00,0.00,0.00,0.00,0.00,0.2,0.2,0.0,0.2,0.26,0.00,0.26,0.26,0.26,Matches
465,Guus Til\Guus-Til,nl NED,FW,Freiburg,22,1997,7,1,125,1.4,0,0,0,0,0,1,0,0.00,0.00,0.00,0.00,0.00,0.3,0.3,0.0,0.4,0.23,0.03,0.26,0.23,0.26,Matches
466,Corentin Tolisso\Corentin-Tolisso,fr FRA,MF,Bayern Munich,25,1994,16,7,781,8.7,1,0,1,0,0,1,1,0.12,0.00,0.12,0.12,0.12,2.3,2.3,0.5,2.8,0.26,0.06,0.32,0.26,0.32,Matches
467,Ömer Toprak\Omer-Toprak,tr TUR,DF,Werder Bremen,31,1989,26,24,1940,21.6,2,0,2,0,0,1,0,0.09,0.00,0.09,0.09,0.09,0.9,0.9,0.0,0.9,0.04,0.00,0.04,0.04,0.04,Matches
468,Jordan Torunarigha\Jordan-Torunarigha,de GER,DF,Hertha BSC,22,1997,14,11,969,10.8,0,0,0,0,0,5,0,0.00,0.00,0.00,0.00,0.00,0.1,0.1,0.7,0.8,0.01,0.06,0.07,0.01,0.07,Matches
469,Almamy Touré\Almamy-Toure,ml MLI,DF,Eint Frankfurt,24,1996,17,8,704,7.8,1,1,1,0,0,2,0,0.13,0.13,0.26,0.13,0.26,1.1,1.1,1.2,2.4,0.15,0.16,0.30,0.15,0.30,Matches
470,Lucas Tousart\Lucas-Tousart,fr FRA,MF,Hertha BSC,23,1997,26,25,2090,23.2,1,0,1,0,0,7,0,0.04,0.00,0.04,0.04,0.04,1.5,1.5,1.0,2.5,0.06,0.04,0.11,0.06,0.11,Matches
471,Ibrahima Traoré\Ibrahima-Traore,gn GUI,FWDF,M'Gladbach,32,1988,7,1,98,1.1,0,0,0,0,0,0,0,0.00,0.00,0.00,0.00,0.00,0.0,0.0,0.2,0.2,0.00,0.22,0.22,0.00,0.22,Matches
472,Kevin Trapp\Kevin-Trapp,de GER,GK,Eint Frankfurt,30,1990,33,33,2970,33.0,0,0,0,0,0,0,0,0.00,0.00,0.00,0.00,0.00,0.0,0.0,0.0,0.0,0.00,0.00,0.00,0.00,0.00,Matches
473,Christopher Trimmel\Christopher-Trimmel,at AUT,DF,Union Berlin,33,1987,31,30,2572,28.6,1,9,1,0,0,9,0,0.03,0.31,0.35,0.03,0.35,0.3,0.3,4.9,5.2,0.01,0.17,0.18,0.01,0.18,Matches
474,Tuta\Tuta,br BRA,DF,Eint Frankfurt,21,1999,19,16,1459,16.2,0,0,0,0,0,5,0,0.00,0.00,0.00,0.00,0.00,0.1,0.1,0.3,0.4,0.01,0.02,0.02,0.01,0.02,Matches
475,Dayot Upamecano\Dayot-Upamecano,fr FRA,DF,RB Leipzig,21,1998,29,27,2330,25.9,1,0,1,0,0,6,0,0.04,0.00,0.04,0.04,0.04,1.0,1.0,0.9,1.9,0.04,0.04,0.07,0.04,0.07,Matches
476,Mark Uth\Mark-Uth,de GER,FWMF,Schalke 04,28,1991,20,18,1494,16.6,3,1,3,0,0,5,0,0.18,0.06,0.24,0.18,0.24,2.8,2.8,1.2,4.0,0.17,0.07,0.24,0.17,0.24,Matches
477,Ruben Vargas\Ruben-Vargas,ch SUI,MFFW,Augsburg,21,1998,30,18,1612,17.9,6,3,6,0,0,2,1,0.33,0.17,0.50,0.33,0.50,3.8,3.8,2.7,6.5,0.21,0.15,0.36,0.21,0.36,Matches
478,Miloš Veljković\Milos-Veljkovic,rs SRB,DF,Werder Bremen,24,1995,23,19,1723,19.1,0,0,0,0,0,1,0,0.00,0.00,0.00,0.00,0.00,0.5,0.5,0.0,0.5,0.03,0.00,0.03,0.03,0.03,Matches
479,Michel Vlap\Michel-Vlap,nl NED,MFFW,Arminia,23,1997,7,5,371,4.1,1,1,1,0,0,0,0,0.24,0.24,0.49,0.24,0.49,0.3,0.3,0.6,0.9,0.08,0.15,0.22,0.08,0.22,Matches
480,Andreas Voglsammer\Andreas-Voglsammer,de GER,FWMF,Arminia,28,1992,18,11,1000,11.1,2,2,2,0,0,1,0,0.18,0.18,0.36,0.18,0.36,3.5,3.5,1.8,5.3,0.31,0.16,0.48,0.31,0.48,Matches
481,Kevin Vogt\Kevin-Vogt,de GER,DF,Hoffenheim,28,1991,24,20,1841,20.5,0,1,0,0,0,6,0,0.00,0.05,0.05,0.00,0.05,0.0,0.0,0.6,0.6,0.00,0.03,0.03,0.00,0.03,Matches
482,Silas Wamangituka\Silas-Wamangituka,cd COD,DFFW,Stuttgart,20,1999,25,24,1919,21.3,11,4,8,3,3,6,0,0.52,0.19,0.70,0.38,0.56,7.3,5.1,5.1,10.1,0.34,0.24,0.58,0.24,0.48,Matches
483,Wout Weghorst\Wout-Weghorst,nl NED,FW,Wolfsburg,27,1992,34,33,2941,32.7,20,8,18,2,3,3,0,0.61,0.24,0.86,0.55,0.80,17.9,15.8,4.9,20.6,0.55,0.15,0.70,0.48,0.63,Matches
484,Mitchell Weiser\Mitchell-Weiser,de GER,DF,Leverkusen,26,1994,5,2,226,2.5,1,0,1,0,0,0,0,0.40,0.00,0.40,0.40,0.40,0.1,0.1,0.0,0.1,0.02,0.00,0.02,0.02,0.02,Matches
485,Wendell\Wendell,br BRA,DF,Leverkusen,27,1993,22,15,1457,16.2,0,0,0,0,0,3,0,0.00,0.00,0.00,0.00,0.00,0.6,0.6,0.1,0.7,0.04,0.01,0.04,0.04,0.04,Matches
486,Oscar Wendt\Oscar-Wendt,se SWE,DF,M'Gladbach,34,1985,22,15,1254,13.9,1,1,1,0,0,3,0,0.07,0.07,0.14,0.07,0.14,1.0,1.0,1.0,1.9,0.07,0.07,0.14,0.07,0.14,Matches
487,William\William,br BRA,FW,Wolfsburg,25,1995,2,0,2,0.0,0,0,0,0,0,0,0,0.00,0.00,0.00,0.00,0.00,0.0,0.0,0.0,0.0,0.00,0.00,0.00,0.00,0.00,Matches
488,William\William,br BRA,DFFW,Schalke 04,25,1995,8,7,474,5.3,0,0,0,0,0,2,0,0.00,0.00,0.00,0.00,0.00,0.3,0.3,0.0,0.3,0.05,0.01,0.06,0.05,0.06,Matches
489,Marten Winkler\Marten-Winkler,de GER,FW,Hertha BSC,17,2002,1,0,1,0.0,0,0,0,0,0,0,0,0.00,0.00,0.00,0.00,0.00,0.0,0.0,0.0,0.0,0.00,0.00,0.00,0.00,0.00,Matches
490,Florian Wirtz\Florian-Wirtz,de GER,MF,Leverkusen,17,2003,29,25,2224,24.7,5,6,5,0,0,1,0,0.20,0.24,0.45,0.20,0.45,4.4,4.4,4.6,8.9,0.18,0.18,0.36,0.18,0.36,Matches
491,Axel Witsel\Axel-Witsel,be BEL,MF,Dortmund,31,1989,15,13,1130,12.6,0,0,0,0,0,4,0,0.00,0.00,0.00,0.00,0.00,1.0,1.0,0.6,1.6,0.08,0.05,0.13,0.08,0.13,Matches
492,Hannes Wolf\Hannes-Wolf,at AUT,MFFW,M'Gladbach,21,1999,32,14,1378,15.3,3,2,3,0,0,2,0,0.20,0.13,0.33,0.20,0.33,2.0,2.0,2.7,4.7,0.13,0.17,0.30,0.13,0.30,Matches
493,Marius Wolf\Marius-Wolf,de GER,DFMF,Köln,25,1995,31,29,2551,28.3,2,2,2,0,0,3,0,0.07,0.07,0.14,0.07,0.14,3.5,3.5,3.2,6.7,0.12,0.11,0.23,0.12,0.23,Matches
494,Nick Woltemade\Nick-Woltemade,de GER,MFFW,Werder Bremen,18,2002,6,1,147,1.6,0,1,0,0,0,1,0,0.00,0.61,0.61,0.00,0.61,0.6,0.6,0.3,0.8,0.35,0.16,0.52,0.35,0.52,Matches
495,Jeong Woo-yeong\Jeong-Woo-yeong,kr KOR,FWMF,Freiburg,20,1999,26,7,823,9.1,4,0,4,0,0,0,0,0.44,0.00,0.44,0.44,0.44,1.7,1.7,1.5,3.2,0.19,0.17,0.36,0.19,0.36,Matches
496,Joscha Wosz\Joscha-Wosz,de GER,DFFW,RB Leipzig,18,2002,2,0,34,0.4,0,0,0,0,0,0,0,0.00,0.00,0.00,0.00,0.00,0.0,0.0,0.0,0.0,0.00,0.00,0.00,0.00,0.00,Matches
497,Reinhold Yabo\Reinhold-Yabo,de GER,MFFW,Arminia,28,1992,13,8,647,7.2,1,0,1,0,0,1,0,0.14,0.00,0.14,0.14,0.14,0.6,0.6,0.0,0.6,0.09,0.00,0.09,0.09,0.09,Matches
498,Amin Younes\Amin-Younes,de GER,MFFW,Eint Frankfurt,26,1993,26,16,1391,15.5,3,3,3,0,0,5,0,0.19,0.19,0.39,0.19,0.39,3.4,3.4,1.7,5.2,0.22,0.11,0.33,0.22,0.33,Matches
499,Dan-Axel Zagadou\Dan-Axel-Zagadou,fr FRA,DF,Dortmund,21,1999,9,3,276,3.1,0,0,0,0,0,0,0,0.00,0.00,0.00,0.00,0.00,0.0,0.0,0.0,0.0,0.01,0.00,0.01,0.01,0.01,Matches
500,Denis Zakaria\Denis-Zakaria,ch SUI,MFDF,M'Gladbach,23,1996,25,15,1419,15.8,1,1,1,0,0,5,0,0.06,0.06,0.13,0.06,0.13,1.3,1.3,1.1,2.3,0.08,0.07,0.15,0.08,0.15,Matches
501,Deyovaisio Zeefuik\Deyovaisio-Zeefuik,nl NED,DFMF,Hertha BSC,22,1998,22,10,905,10.1,1,0,1,0,0,4,1,0.10,0.00,0.10,0.10,0.10,0.0,0.0,1.7,1.7,0.00,0.17,0.17,0.00,0.17,Matches
502,Robin Zentner\Robin-Zentner,de GER,GK,Mainz 05,25,1994,31,31,2790,31.0,0,0,0,0,0,2,0,0.00,0.00,0.00,0.00,0.00,0.1,0.1,0.3,0.4,0.00,0.01,0.01,0.00,0.01,Matches
503,Ron-Robert Zieler\Ron-Robert-Zieler,de GER,GK,Köln,31,1989,1,0,51,0.6,0,0,0,0,0,0,0,0.00,0.00,0.00,0.00,0.00,0.0,0.0,0.0,0.0,0.00,0.00,0.00,0.00,0.00,Matches
504,Joshua Zirkzee\Joshua-Zirkzee,nl NED,FW,Bayern Munich,19,2001,3,1,92,1.0,0,0,0,0,0,0,0,0.00,0.00,0.00,0.00,0.00,0.4,0.4,0.2,0.5,0.35,0.17,0.52,0.35,0.52,Matches
505,Steven Zuber\Steven-Zuber,ch SUI,DFMF,Eint Frankfurt,28,1991,20,6,585,6.5,0,3,0,0,0,1,0,0.00,0.46,0.46,0.00,0.46,0.8,0.8,1.9,2.7,0.12,0.29,0.41,0.12,0.41,Matches