Rk,Player,Nation,Pos,Squad,Age,Born,90s,Gls,Sh,SoT,SoT%,Sh/90,SoT/90,G/Sh,G/SoT,Dist,FK,PK,PKatt,xG,npxG,npxG/Sh,G-xG,np:G-xG,Matches
1,Issah Abbas\Issah-Abbas,gh GHA,DFFW,Mainz 05,21,1998,0.2,0,0,0,,0.00,0.00,,,,0,0,0,0.0,0.0,,0.0,0.0,Matches
2,David Abraham\David-Abraham,ar ARG,DF,Eint Frankfurt,34,1986,13.6,1,9,2,22.2,0.66,0.15,0.11,0.50,16.0,0,0,0,0.7,0.7,0.07,+0.3,+0.3,Matches
3,Amir Abrashi\Amir-Abrashi,al ALB,MF,Freiburg,30,1990,0.7,0,0,0,,0.00,0.00,,,,0,0,0,0.0,0.0,,0.0,0.0,Matches
4,Ragnar Ache\Ragnar-Ache,de GER,FWDF,Eint Frankfurt,22,1998,1.1,1,2,1,50.0,1.80,0.90,0.50,1.00,14.7,0,0,0,0.3,0.3,0.13,+0.7,+0.7,Matches
5,Tyler Adams\Tyler-Adams,us USA,DFMF,RB Leipzig,21,1999,20.6,1,7,4,57.1,0.34,0.19,0.14,0.25,15.4,0,0,0,0.9,0.9,0.13,+0.1,+0.1,Matches
6,Sargis Adamyan\Sargis-Adamyan,am ARM,FWMF,Hoffenheim,27,1993,5.3,2,21,6,28.6,3.95,1.13,0.10,0.33,14.6,0,0,0,2.2,2.2,0.10,-0.2,-0.2,Matches
7,Felix Agu\Felix-Agu,de GER,DF,Werder Bremen,20,1999,7.8,1,4,1,25.0,0.51,0.13,0.25,1.00,19.7,0,0,0,0.6,0.6,0.14,+0.4,+0.4,Matches
8,Naouirou Ahamada\Naouirou-Ahamada,fr FRA,MF,Stuttgart,18,2002,2.8,0,5,1,20.0,1.79,0.36,0.00,0.00,22.4,0,0,0,0.3,0.3,0.07,-0.3,-0.3,Matches
9,Manuel Akanji\Manuel-Akanji,ch SUI,DF,Dortmund,25,1995,26.1,2,19,4,21.1,0.73,0.15,0.11,0.50,13.4,0,0,0,1.8,1.8,0.09,+0.2,+0.2,Matches
10,Kevin Akpoguma\Kevin-Akpoguma,ng NGA,DF,Hoffenheim,25,1995,13.2,1,2,2,100.0,0.15,0.15,0.50,0.50,19.7,0,0,0,0.1,0.1,0.03,+0.9,+0.9,Matches
11,David Alaba\David-Alaba,at AUT,DFMF,Bayern Munich,28,1992,29.7,2,21,6,28.6,0.71,0.20,0.10,0.33,22.3,3,0,0,1.3,1.3,0.06,+0.7,+0.7,Matches
12,Lucas Alario\Lucas-Alario,ar ARG,FW,Leverkusen,27,1992,13.8,11,37,18,48.6,2.67,1.30,0.24,0.50,12.6,0,2,2,6.5,5.0,0.14,+4.5,+4.0,Matches
13,Omar Alderete\Omar-Alderete,py PAR,DF,Hertha BSC,23,1996,14.4,0,7,2,28.6,0.48,0.14,0.00,0.00,13.4,0,0,0,0.5,0.5,0.07,-0.5,-0.5,Matches
14,Nadiem Amiri\Nadiem-Amiri,de GER,MF,Leverkusen,23,1996,21.0,2,43,14,32.6,2.05,0.67,0.05,0.14,23.5,3,0,0,2.1,2.1,0.05,-0.1,-0.1,Matches
15,Sebastian Andersson\Sebastian-Andersson,se SWE,FW,Köln,29,1991,12.5,3,39,14,35.9,3.12,1.12,0.05,0.14,12.4,0,1,1,5.5,4.7,0.12,-2.5,-2.7,Matches
16,Robert Andrich\Robert-Andrich,de GER,MF,Union Berlin,25,1994,28.1,5,40,9,22.5,1.43,0.32,0.13,0.56,22.2,4,0,0,2.5,2.5,0.06,+2.5,+2.5,Matches
17,Angeliño\Angelino,es ESP,DFFW,RB Leipzig,23,1997,24.0,4,35,13,37.1,1.46,0.54,0.11,0.31,15.8,4,0,0,3.8,3.8,0.11,+0.2,+0.2,Matches
18,Waldemar Anton\Waldemar-Anton,de GER,DF,Stuttgart,24,1996,30.1,0,12,4,33.3,0.40,0.13,0.00,0.00,14.2,0,0,0,1.2,1.2,0.10,-1.2,-1.2,Matches
19,Charles Aránguiz\Charles-Aranguiz,cl CHI,MF,Leverkusen,31,1989,18.5,0,4,2,50.0,0.22,0.11,0.00,0.00,9.7,0,0,0,0.7,0.7,0.17,-0.7,-0.7,Matches
20,Santiago Arias\Santiago-Arias,co COL,DF,Leverkusen,28,1992,1.0,0,0,0,,0.00,0.00,,,,0,0,0,0.0,0.0,,0.0,0.0,Matches
21,Maximilian Arnold\Maximilian-Arnold,de GER,MF,Wolfsburg,26,1994,28.7,3,54,16,29.6,1.88,0.56,0.06,0.19,28.5,12,0,0,2.0,2.0,0.04,+1.0,+1.0,Matches
22,Toluwalas Arokodare\Toluwalas-Arokodare,ng NGA,FW,Köln,19,2000,1.2,0,4,1,25.0,3.21,0.80,0.00,0.00,9.9,0,0,0,0.4,0.4,0.11,-0.4,-0.4,Matches
23,Santiago Ascacíbar\Santiago-Ascacibar,ar ARG,MF,Hertha BSC,23,1997,8.5,1,7,3,42.9,0.83,0.35,0.14,0.33,18.7,0,0,0,0.6,0.6,0.08,+0.4,+0.4,Matches
24,Ludwig Augustinsson\Ludwig-Augustinsson,se SWE,DF,Werder Bremen,26,1994,21.7,0,17,6,35.3,0.78,0.28,0.00,0.00,17.9,3,0,0,0.9,0.9,0.05,-0.9,-0.9,Matches
25,Taiwo Awoniyi\Taiwo-Awoniyi,ng NGA,FW,Union Berlin,22,1997,15.1,5,29,13,44.8,1.92,0.86,0.17,0.38,11.2,0,0,0,6.9,6.9,0.24,-1.9,-1.9,Matches
26,Mehmet-Can Aydin\Mehmet-Can-Aydin,de GER,DF,Schalke 04,18,2002,5.6,0,1,0,0.0,0.18,0.00,0.00,,27.3,0,0,0,0.0,0.0,0.01,0.0,0.0,Matches
27,Leon Bailey\Leon-Bailey,jm JAM,FWMF,Leverkusen,22,1997,23.8,9,60,23,38.3,2.52,0.97,0.15,0.39,20.5,3,0,0,6.9,6.9,0.11,+2.1,+2.1,Matches
28,Ridle Baku\Ridle-Baku,de GER,DF,Mainz 05,22,1998,2.0,0,0,0,,0.00,0.00,,,,0,0,0,0.0,0.0,,0.0,0.0,Matches
29,Ridle Baku\Ridle-Baku,de GER,FWDF,Wolfsburg,22,1998,29.8,6,34,12,35.3,1.14,0.40,0.18,0.50,18.3,0,0,0,3.3,3.3,0.10,+2.7,+2.7,Matches
30,Philipp Bargfrede\Philipp-Bargfrede,de GER,MF,Werder Bremen,31,1989,0.3,0,0,0,,0.00,0.00,,,,0,0,0,0.0,0.0,,0.0,0.0,Matches
31,Aymen Barkok\Aymen-Barkok,ma MAR,FWMF,Eint Frankfurt,22,1998,10.9,2,19,6,31.6,1.75,0.55,0.11,0.33,20.4,1,0,0,1.6,1.6,0.08,+0.4,+0.4,Matches
32,Leandro Barreiro Martins\Leandro-Barreiro-Martins,lu LUX,MF,Mainz 05,20,2000,25.6,2,32,10,31.3,1.25,0.39,0.06,0.20,16.0,0,0,0,3.3,3.3,0.10,-1.3,-1.3,Matches
33,Jacob Barrett Laursen\Jacob-Barrett-Laursen,dk DEN,DF,Arminia,25,1994,12.3,0,2,0,0.0,0.16,0.00,0.00,,19.3,0,0,0,0.0,0.0,0.02,0.0,0.0,Matches
34,Oliver Baumann\Oliver-Baumann,de GER,GK,Hoffenheim,30,1990,31.0,0,0,0,,0.00,0.00,,,,0,0,0,0.0,0.0,,0.0,0.0,Matches
35,Julian Baumgartlinger\Julian-Baumgartlinger,at AUT,MF,Leverkusen,32,1988,11.9,2,7,4,57.1,0.59,0.34,0.29,0.50,14.6,0,0,0,1.4,1.4,0.19,+0.6,+0.6,Matches
36,Christoph Baumgartner\Christoph-Baumgartner,at AUT,MFFW,Hoffenheim,20,1999,26.3,6,62,21,33.9,2.36,0.80,0.10,0.29,15.3,1,0,0,5.5,5.5,0.09,+0.5,+0.5,Matches
37,Noah Joel Sarenren Bazee\Noah-Joel-Sarenren-Bazee,ng NGA,FWMF,Augsburg,23,1996,0.4,0,0,0,,0.00,0.00,,,,0,0,0,0.0,0.0,,0.0,0.0,Matches
38,Ihlas Bebou\Ihlas-Bebou,tg TOG,FW,Hoffenheim,26,1994,24.4,9,46,19,41.3,1.88,0.78,0.20,0.47,12.3,0,0,0,9.1,9.1,0.20,-0.1,-0.1,Matches
39,Sheraldo Becker\Sheraldo-Becker,sr SUR,FWMF,Union Berlin,25,1995,12.3,3,31,10,32.3,2.52,0.81,0.10,0.30,22.0,0,0,0,2.0,2.0,0.07,+1.0,+1.0,Matches
40,Timo Becker\Timo-Becker,de GER,DF,Schalke 04,23,1997,18.2,0,5,1,20.0,0.27,0.05,0.00,0.00,20.0,0,0,0,0.2,0.2,0.03,-0.2,-0.2,Matches
41,Brian Behrendt\Brian-Behrendt,de GER,DF,Arminia,28,1991,0.9,0,2,0,0.0,2.28,0.00,0.00,,28.2,0,0,0,0.0,0.0,0.02,0.0,0.0,Matches
42,Maximilian Beier\Maximilian-Beier,de GER,FW,Hoffenheim,17,2002,0.1,0,0,0,,0.00,0.00,,,,0,0,0,0.0,0.0,,0.0,0.0,Matches
43,Ishak Belfodil\Ishak-Belfodil,dz ALG,FW,Hoffenheim,28,1992,6.6,0,12,4,33.3,1.81,0.60,0.00,0.00,11.8,0,0,0,1.6,1.6,0.13,-1.6,-1.6,Matches
44,Stefan Bell\Stefan-Bell,de GER,DF,Mainz 05,28,1991,14.1,1,7,2,28.6,0.50,0.14,0.14,0.50,13.4,0,0,0,0.4,0.4,0.06,+0.6,+0.6,Matches
45,Karim Bellarabi\Karim-Bellarabi,de GER,FWMF,Leverkusen,30,1990,8.9,0,29,9,31.0,3.27,1.02,0.00,0.00,18.0,0,0,0,2.2,2.2,0.08,-2.2,-2.2,Matches
46,Jude Bellingham\Jude-Bellingham,eng ENG,MF,Dortmund,17,2003,18.9,1,34,9,26.5,1.80,0.48,0.03,0.11,18.2,0,0,0,3.0,3.0,0.09,-2.0,-2.0,Matches
47,Lars Bender\Lars-Bender,de GER,DF,Leverkusen,31,1989,10.4,1,9,0,0.0,0.87,0.00,0.00,,16.7,0,1,1,1.2,0.5,0.05,-0.2,-0.5,Matches
48,Sven Bender\Sven-Bender,de GER,DF,Leverkusen,31,1989,13.0,0,3,1,33.3,0.23,0.08,0.00,0.00,11.6,0,0,0,0.1,0.1,0.05,-0.1,-0.1,Matches
49,László Bénes\Laszlo-Benes,sk SVK,MFFW,Augsburg,22,1997,7.3,1,8,3,37.5,1.09,0.41,0.13,0.33,20.1,1,0,0,0.4,0.4,0.05,+0.6,+0.6,Matches
50,László Bénes\Laszlo-Benes,sk SVK,MF,M'Gladbach,22,1997,1.7,0,2,0,0.0,1.20,0.00,0.00,,26.2,0,0,0,0.1,0.1,0.03,-0.1,-0.1,Matches
51,Ramy Bensebaini\Ramy-Bensebaini,dz ALG,DF,M'Gladbach,25,1995,20.1,4,21,7,33.3,1.04,0.35,0.14,0.43,14.6,0,1,1,2.3,1.6,0.07,+1.7,+1.4,Matches
52,Nabil Bentaleb\Nabil-Bentaleb,dz ALG,MF,Schalke 04,25,1994,6.1,0,0,0,,0.00,0.00,,,,0,0,1,0.8,0.0,,-0.8,0.0,Matches
53,Louis Beyer\Louis-Beyer,de GER,DF,M'Gladbach,20,2000,2.1,0,0,0,,0.00,0.00,,,,0,0,0,0.0,0.0,,0.0,0.0,Matches
54,Bartosz Bialek\Bartosz-Bialek,pl POL,FWMF,Wolfsburg,18,2001,3.0,2,9,5,55.6,3.00,1.67,0.22,0.40,11.8,0,0,0,2.1,2.1,0.23,-0.1,-0.1,Matches
55,Ermin Bičakčić\Ermin-Bicakcic,ba BIH,DF,Hoffenheim,30,1990,1.4,1,2,1,50.0,1.41,0.70,0.50,1.00,4.7,0,0,0,0.4,0.4,0.18,+0.6,+0.6,Matches
56,Leonardo Bittencourt\Leonardo-Bittencourt,de GER,MFFW,Werder Bremen,26,1993,16.8,4,42,10,23.8,2.50,0.59,0.07,0.30,20.8,7,1,1,4.4,3.7,0.09,-0.4,-0.7,Matches
57,Jérôme Boateng\Jerome-Boateng,de GER,DF,Bayern Munich,31,1988,26.3,1,8,3,37.5,0.30,0.11,0.13,0.33,18.2,0,0,0,0.3,0.3,0.04,+0.7,+0.7,Matches
58,Jean-Paul Boëtius\Jean-Paul-Boetius,nl NED,MFFW,Mainz 05,26,1994,22.9,2,29,9,31.0,1.26,0.39,0.07,0.22,19.3,0,0,0,2.8,2.8,0.10,-0.8,-0.8,Matches
59,Melayro Bogarde\Melayro-Bogarde,nl NED,DFMF,Hoffenheim,18,2002,3.1,0,4,2,50.0,1.30,0.65,0.00,0.00,21.7,0,0,0,0.1,0.1,0.02,-0.1,-0.1,Matches
60,Elias Bördner\Elias-Bordner,de GER,GK,Eint Frankfurt,18,2002,1.0,0,0,0,,0.00,0.00,,,,0,0,0,0.0,0.0,,0.0,0.0,Matches
61,Dennis Borkowski\Dennis-Borkowski,de GER,MF,RB Leipzig,18,2002,0.1,0,0,0,,0.00,0.00,,,,0,0,0,0.0,0.0,,0.0,0.0,Matches
62,Sebastiaan Bornauw\Sebastiaan-Bornauw,be BEL,DF,Köln,21,1999,23.1,1,15,4,26.7,0.65,0.17,0.07,0.25,8.8,0,0,0,1.3,1.3,0.09,-0.3,-0.3,Matches
63,Nassim Boujellab\Nassim-Boujellab,ma MAR,MFFW,Schalke 04,21,1999,6.7,1,14,6,42.9,2.08,0.89,0.07,0.17,17.2,0,0,0,1.4,1.4,0.10,-0.4,-0.4,Matches
64,Dedryck Boyata\Dedryck-Boyata,be BEL,DF,Hertha BSC,29,1990,17.2,1,10,1,10.0,0.58,0.06,0.10,1.00,10.4,0,0,0,0.6,0.6,0.06,+0.4,+0.4,Matches
65,Can Bozdogan\Can-Bozdogan,de GER,MF,Schalke 04,19,2001,7.2,0,8,2,25.0,1.11,0.28,0.00,0.00,23.5,1,0,0,0.4,0.4,0.05,-0.4,-0.4,Matches
66,Julian Brandt\Julian-Brandt,de GER,FWMF,Dortmund,24,1996,16.6,3,23,8,34.8,1.38,0.48,0.13,0.38,17.6,1,0,0,3.0,3.0,0.13,0.0,0.0,Matches
67,Fabian Bredlow\Fabian-Bredlow,de GER,GK,Stuttgart,25,1995,1.0,0,0,0,,0.00,0.00,,,,0,0,0,0.0,0.0,,0.0,0.0,Matches
68,Josip Brekalo\Josip-Brekalo,hr CRO,FW,Wolfsburg,22,1998,20.2,7,47,21,44.7,2.33,1.04,0.15,0.33,19.7,2,0,0,3.7,3.7,0.08,+3.3,+3.3,Matches
69,Joshua Brenet\Joshua-Brenet,nl NED,DF,Hoffenheim,26,1994,0.0,0,0,0,,0.00,0.00,,,,0,0,0,0.0,0.0,,0.0,0.0,Matches
70,John Brooks\John-Brooks,us USA,DF,Wolfsburg,27,1993,30.8,2,18,4,22.2,0.58,0.13,0.11,0.50,9.6,0,0,0,1.6,1.6,0.09,+0.4,+0.4,Matches
71,Daniel Brosinski\Daniel-Brosinski,de GER,DF,Mainz 05,32,1988,15.9,2,7,1,14.3,0.44,0.06,0.00,0.00,27.6,3,2,2,1.8,0.3,0.05,+0.2,-0.3,Matches
72,Cédric Brunner\Cedric-Brunner,ch SUI,DF,Arminia,26,1994,29.5,0,6,2,33.3,0.20,0.07,0.00,0.00,15.8,0,0,0,0.4,0.4,0.06,-0.4,-0.4,Matches
73,Jacob Bruun Larsen\Jacob-Bruun-Larsen,dk DEN,FW,Hoffenheim,21,1998,1.0,0,0,0,,0.00,0.00,,,,0,0,0,0.0,0.0,,0.0,0.0,Matches
74,Marius Bülter\Marius-Bulter,de GER,FWMF,Union Berlin,27,1993,10.9,1,19,7,36.8,1.75,0.64,0.05,0.14,17.0,0,0,0,2.0,2.0,0.10,-1.0,-1.0,Matches
75,Jonathan Burkardt\Jonathan-Burkardt,de GER,FWDF,Mainz 05,20,2000,15.3,2,32,11,34.4,2.10,0.72,0.06,0.18,14.6,0,0,0,4.5,4.5,0.14,-2.5,-2.5,Matches
76,Nishan Burkart\Nishan-Burkart,ch SUI,MF,Freiburg,20,2000,0.2,0,0,0,,0.00,0.00,,,,0,0,0,0.0,0.0,,0.0,0.0,Matches
77,Roman Bürki\Roman-Burki,ch SUI,GK,Dortmund,29,1990,18.5,0,0,0,,0.00,0.00,,,,0,0,0,0.0,0.0,,0.0,0.0,Matches
78,Kerim Calhanoglu\Kerim-Calhanoglu,de GER,DF,Schalke 04,17,2002,3.3,0,1,1,100.0,0.30,0.30,0.00,0.00,14.2,0,0,0,0.1,0.1,0.11,-0.1,-0.1,Matches
79,Daniel Caligiuri\Daniel-Caligiuri,it ITA,MFFW,Augsburg,32,1988,29.6,6,38,13,34.2,1.28,0.44,0.11,0.31,21.6,9,2,3,4.8,2.6,0.07,+1.2,+1.4,Matches
80,Emre Can\Emre-Can,de GER,DFMF,Dortmund,26,1994,23.7,1,17,4,23.5,0.72,0.17,0.06,0.25,17.4,0,0,0,0.8,0.8,0.05,+0.2,+0.2,Matches
81,Koen Casteels\Koen-Casteels,be BEL,GK,Wolfsburg,28,1992,32.0,0,0,0,,0.00,0.00,,,,0,0,0,0.0,0.0,,0.0,0.0,Matches
82,Gonzalo Castro\Gonzalo-Castro,de GER,MFFW,Stuttgart,33,1987,19.2,4,31,11,35.5,1.61,0.57,0.13,0.36,18.2,2,0,0,3.3,3.3,0.11,+0.7,+0.7,Matches
83,Sava Cestic\Sava-Cestic,rs SRB,DF,Köln,19,2001,10.0,0,1,0,0.0,0.10,0.00,0.00,,5.0,0,0,0,0.1,0.1,0.11,-0.1,-0.1,Matches
84,Timothy Chandler\Timothy-Chandler,us USA,DF,Eint Frankfurt,30,1990,4.8,1,6,2,33.3,1.25,0.42,0.17,0.50,15.0,0,0,0,0.9,0.9,0.15,+0.1,+0.1,Matches
85,Kwon Chang-hoon\Kwon-Chang-hoon,kr KOR,MFFW,Freiburg,26,1994,2.4,0,3,0,0.0,1.25,0.00,0.00,,13.4,0,0,0,0.1,0.1,0.03,-0.1,-0.1,Matches
86,Tahith Chong\Tahith-Chong,nl NED,FWMF,Werder Bremen,20,1999,4.3,0,9,1,11.1,2.10,0.23,0.00,0.00,20.7,0,0,0,0.3,0.3,0.03,-0.3,-0.3,Matches
87,Darko Churlinov\Darko-Churlinov,mk MKD,DFFW,Stuttgart,20,2000,2.4,0,3,0,0.0,1.25,0.00,0.00,,19.4,0,0,0,0.1,0.1,0.04,-0.1,-0.1,Matches
88,Tim Civeja\Tim-Civeja,de GER,MFDF,Augsburg,18,2002,0.4,0,0,0,,0.00,0.00,,,,0,0,0,0.0,0.0,,0.0,0.0,Matches
89,Kingsley Coman\Kingsley-Coman,fr FRA,FWMF,Bayern Munich,24,1996,19.5,5,52,19,36.5,2.67,0.98,0.10,0.26,16.9,0,0,0,4.1,4.1,0.08,+0.9,+0.9,Matches
90,Jhon Córdoba\Jhon-Cordoba,co COL,FW,Hertha BSC,27,1993,17.1,7,50,19,38.0,2.93,1.11,0.14,0.37,12.6,0,0,0,7.4,7.4,0.15,-0.4,-0.4,Matches
91,Sergio Córdova\Sergio-Cordova,ve VEN,FWMF,Arminia,22,1997,12.1,2,20,4,20.0,1.65,0.33,0.10,0.50,15.4,0,0,0,3.1,3.1,0.16,-1.1,-1.1,Matches
92,Danny da Costa\Danny-da-Costa,de GER,DF,Mainz 05,27,1993,13.4,0,5,1,20.0,0.37,0.07,0.00,0.00,28.8,0,0,0,0.2,0.2,0.03,-0.2,-0.2,Matches
93,Danny da Costa\Danny-da-Costa,de GER,DF,Eint Frankfurt,27,1993,1.2,0,3,0,0.0,2.45,0.00,0.00,,20.1,0,0,0,0.2,0.2,0.06,-0.2,-0.2,Matches
94,Douglas Costa\Douglas-Costa,br BRA,FWMF,Bayern Munich,29,1990,3.6,1,4,2,50.0,1.13,0.56,0.25,0.50,20.2,0,0,0,0.1,0.1,0.04,+0.9,+0.9,Matches
95,Tanguy Coulibaly\Tanguy-Coulibaly,fr FRA,DFFW,Stuttgart,19,2001,16.7,2,27,9,33.3,1.61,0.54,0.07,0.22,16.2,0,0,0,3.2,3.2,0.12,-1.2,-1.2,Matches
96,Mickaël Cuisance\Mickael-Cuisance,fr FRA,FW,Bayern Munich,20,1999,0.2,0,0,0,,0.00,0.00,,,,0,0,0,0.0,0.0,,0.0,0.0,Matches
97,Matheus Cunha\Matheus-Cunha,br BRA,FWMF,Hertha BSC,21,1999,23.9,7,66,30,45.5,2.76,1.26,0.08,0.17,22.0,8,2,3,8.1,5.8,0.09,-1.1,-0.8,Matches
98,Rafael Czichos\Rafael-Czichos,de GER,DF,Köln,30,1990,25.1,1,10,2,20.0,0.40,0.08,0.10,0.50,7.1,0,0,0,1.5,1.5,0.15,-0.5,-0.5,Matches
99,Moanes Dabour\Moanes-Dabour,il ISR,FW,Hoffenheim,28,1992,11.1,4,26,12,46.2,2.34,1.08,0.15,0.33,14.7,1,0,1,5.1,4.3,0.17,-1.1,-0.3,Matches
100,Finn Dahmen\Finn-Dahmen,de GER,GK,Mainz 05,22,1998,3.0,0,0,0,,0.00,0.00,,,,0,0,0,0.0,0.0,,0.0,0.0,Matches
101,Mahmoud Dahoud\Mahmoud-Dahoud,de GER,MF,Dortmund,24,1996,14.0,1,16,5,31.3,1.14,0.36,0.06,0.20,25.9,1,0,0,0.5,0.5,0.03,+0.5,+0.5,Matches
102,Leon Dajaku\Leon-Dajaku,de GER,FW,Union Berlin,19,2001,0.4,0,0,0,,0.00,0.00,,,,0,0,0,0.0,0.0,,0.0,0.0,Matches
103,Tiago Dantas\Tiago-Dantas,pt POR,MF,Bayern Munich,19,2000,0.8,0,0,0,,0.00,0.00,,,,0,0,0,0.0,0.0,,0.0,0.0,Matches
104,Márton Dárdai\Marton-Dardai,de GER,DF,Hertha BSC,18,2002,9.1,0,2,0,0.0,0.22,0.00,0.00,,18.0,0,0,0,0.1,0.1,0.04,-0.1,-0.1,Matches
105,Vladimír Darida\Vladimir-Darida,cz CZE,MF,Hertha BSC,29,1990,21.1,1,27,6,22.2,1.28,0.28,0.04,0.17,22.6,1,0,0,1.4,1.4,0.05,-0.4,-0.4,Matches
106,Alphonso Davies\Alphonso-Davies,ca CAN,DF,Bayern Munich,19,2000,19.6,1,4,3,75.0,0.20,0.15,0.25,0.33,22.1,0,0,0,0.2,0.2,0.04,+0.8,+0.8,Matches
107,Thomas Delaney\Thomas-Delaney,dk DEN,MF,Dortmund,28,1991,14.3,1,8,3,37.5,0.56,0.21,0.13,0.33,13.1,0,0,0,0.4,0.4,0.05,+0.6,+0.6,Matches
108,Kerem Demirbay\Kerem-Demirbay,de GER,MF,Leverkusen,27,1993,19.4,4,44,13,29.5,2.27,0.67,0.09,0.31,23.3,5,0,0,2.4,2.4,0.05,+1.6,+1.6,Matches
109,Ermedin Demirović\Ermedin-Demirovic,ba BIH,FW,Freiburg,22,1998,16.6,5,40,19,47.5,2.40,1.14,0.13,0.26,13.7,0,0,0,4.7,4.7,0.12,+0.3,+0.3,Matches
110,Emmanuel Dennis\Emmanuel-Dennis,ng NGA,FW,Köln,22,1997,5.3,0,5,0,0.0,0.95,0.00,0.00,,12.7,0,0,0,0.6,0.6,0.11,-0.6,-0.6,Matches
111,Mike van der Hoorn\Mike-van-der-Hoorn,nl NED,DF,Arminia,27,1992,15.1,0,4,2,50.0,0.27,0.13,0.00,0.00,10.0,0,0,0,0.3,0.3,0.08,-0.3,-0.3,Matches
112,Moussa Diaby\Moussa-Diaby,fr FRA,FWMF,Leverkusen,21,1999,26.5,4,51,25,49.0,1.92,0.94,0.08,0.16,18.5,0,0,0,5.6,5.6,0.11,-1.6,-1.6,Matches
113,Daniel Didavi\Daniel-Didavi,de GER,FWMF,Stuttgart,30,1990,10.8,4,24,7,29.2,2.23,0.65,0.17,0.57,18.3,5,0,0,3.2,3.2,0.13,+0.8,+0.8,Matches
114,Javairô Dilrosun\Javairo-Dilrosun,nl NED,FWMF,Hertha BSC,22,1998,5.9,0,8,1,12.5,1.36,0.17,0.00,0.00,17.4,0,0,0,0.8,0.8,0.10,-0.8,-0.8,Matches
115,Eren Dinkçi\Eren-Dinkci,de GER,FWMF,Werder Bremen,18,2001,1.2,1,3,2,66.7,2.50,1.67,0.33,0.50,11.3,0,0,0,0.4,0.4,0.15,+0.6,+0.6,Matches
116,Ritsu Doan\Ritsu-Doan,jp JPN,MFFW,Arminia,22,1998,30.8,5,70,20,28.6,2.28,0.65,0.07,0.25,18.9,7,0,0,5.2,5.0,0.07,-0.2,0.0,Matches
117,Ji Dong-won\Ji-Dong-won,kr KOR,FW,Mainz 05,29,1991,0.7,0,0,0,,0.00,0.00,,,,0,0,0,0.0,0.0,,0.0,0.0,Matches
118,Bas Dost\Bas-Dost,nl NED,FW,Eint Frankfurt,31,1989,9.1,4,14,7,50.0,1.54,0.77,0.21,0.43,9.5,0,1,1,4.3,3.5,0.25,-0.3,-0.5,Matches
119,Aleksandar Dragović\Aleksandar-Dragovic,at AUT,DF,Leverkusen,29,1991,12.6,1,3,2,66.7,0.24,0.16,0.33,0.50,16.1,0,0,0,0.3,0.3,0.10,+0.7,+0.7,Matches
120,Dominick Drexler\Dominick-Drexler,de GER,MFFW,Köln,30,1990,13.7,2,12,2,16.7,0.88,0.15,0.17,1.00,12.1,0,0,0,2.8,2.8,0.23,-0.8,-0.8,Matches
121,Ondrej Duda\Ondrej-Duda,sk SVK,FWMF,Köln,25,1994,28.2,7,47,13,27.7,1.67,0.46,0.09,0.31,21.7,4,3,4,5.8,2.8,0.06,+1.2,+1.2,Matches
122,Erik Durm\Erik-Durm,de GER,DF,Eint Frankfurt,28,1992,16.4,1,20,6,30.0,1.22,0.36,0.05,0.17,19.5,0,0,0,1.6,1.6,0.08,-0.6,-0.6,Matches
123,Johannes Eggestein\Johannes-Eggestein,de GER,FWMF,Werder Bremen,22,1998,0.4,0,0,0,,0.00,0.00,,,,0,0,0,0.0,0.0,,0.0,0.0,Matches
124,Maximilian Eggestein\Maximilian-Eggestein,de GER,MF,Werder Bremen,23,1996,32.7,2,22,5,22.7,0.67,0.15,0.09,0.40,23.3,0,0,0,1.1,1.1,0.05,+0.9,+0.9,Matches
125,Lilian Egloff\Lilian-Egloff,de GER,MF,Stuttgart,17,2002,0.2,0,0,0,,0.00,0.00,,,,0,0,0,0.0,0.0,,0.0,0.0,Matches
126,Kingsley Ehizibue\Kingsley-Ehizibue,nl NED,DF,Köln,25,1995,12.6,0,9,1,11.1,0.71,0.08,0.00,0.00,21.7,0,0,0,0.5,0.5,0.05,-0.5,-0.5,Matches
127,Nico Elvedi\Nico-Elvedi,ch SUI,DF,M'Gladbach,23,1996,28.2,3,12,6,50.0,0.43,0.21,0.25,0.50,9.1,0,0,0,2.0,2.0,0.16,+1.0,+1.0,Matches
128,Breel Embolo\Breel-Embolo,ch SUI,FWMF,M'Gladbach,23,1997,16.0,5,41,19,46.3,2.56,1.19,0.12,0.26,13.0,0,0,0,7.0,7.0,0.18,-2.0,-2.0,Matches
129,Keita Endo\Keita-Endo,jp JPN,MFFW,Union Berlin,22,1997,5.1,1,9,4,44.4,1.78,0.79,0.11,0.25,17.0,0,0,0,1.2,1.2,0.13,-0.2,-0.2,Matches
130,Wataru Endo\Wataru-Endo,jp JPN,MF,Stuttgart,27,1993,32.8,3,27,14,51.9,0.82,0.43,0.11,0.21,18.5,0,0,0,2.3,2.3,0.08,+0.7,+0.7,Matches
131,Patrick Erras\Patrick-Erras,de GER,FWMF,Werder Bremen,25,1995,0.3,0,0,0,,0.00,0.00,,,,0,0,0,0.0,0.0,,0.0,0.0,Matches
132,Ralf Fährmann\Ralf-Fahrmann,de GER,GK,Schalke 04,31,1988,20.8,0,1,0,0.0,0.05,0.00,0.00,,6.0,0,0,0,0.1,0.1,0.06,-0.1,-0.1,Matches
133,Ohis Felix Uduokhai\Ohis-Felix-Uduokhai,de GER,DF,Augsburg,22,1997,29.0,1,13,3,23.1,0.45,0.10,0.08,0.33,11.2,0,0,0,1.2,1.2,0.09,-0.2,-0.2,Matches
134,Edimilson Fernandes\Edimilson-Fernandes,ch SUI,MFDF,Mainz 05,24,1996,9.3,0,13,4,30.8,1.39,0.43,0.00,0.00,22.0,0,0,0,0.7,0.7,0.05,-0.7,-0.7,Matches
135,Alfreð Finnbogason\Alfred-Finnbogason,is ISL,FW,Augsburg,31,1989,6.0,0,11,6,54.5,1.82,0.99,0.00,0.00,15.5,0,0,2,3.1,1.6,0.15,-3.1,-1.6,Matches
136,Mark Flekken\Mark-Flekken,nl NED,GK,Freiburg,27,1993,3.0,0,0,0,,0.00,0.00,,,,0,0,0,0.0,0.0,,0.0,0.0,Matches
137,Florian Flick\Florian-Flick,de GER,MF,Schalke 04,20,2000,4.0,1,1,1,100.0,0.25,0.25,1.00,1.00,11.2,0,0,0,0.5,0.5,0.48,+0.5,+0.5,Matches
138,Emil Forsberg\Emil-Forsberg,se SWE,FWMF,RB Leipzig,28,1991,17.1,7,32,14,43.8,1.87,0.82,0.16,0.36,17.4,2,2,3,5.8,3.6,0.11,+1.2,+1.4,Matches
139,Philipp Förster\Philipp-Forster,de GER,FWMF,Stuttgart,25,1995,16.8,3,20,11,55.0,1.19,0.66,0.15,0.27,15.5,0,0,1,4.2,3.3,0.16,-1.2,-0.3,Matches
140,Timothy Fosu-Mensah\Timothy-Fosu-Mensah,nl NED,DF,Leverkusen,22,1998,4.5,0,3,1,33.3,0.66,0.22,0.00,0.00,18.7,0,0,0,0.2,0.2,0.07,-0.2,-0.2,Matches
141,Raphael Framberger\Raphael-Framberger,de GER,DF,Augsburg,24,1995,17.1,0,1,1,100.0,0.06,0.06,0.00,0.00,24.2,0,0,0,0.0,0.0,0.02,0.0,0.0,Matches
142,Marco Friedl\Marco-Friedl,at AUT,DF,Werder Bremen,22,1998,30.9,0,8,1,12.5,0.26,0.03,0.00,0.00,26.0,0,0,0,0.7,0.7,0.08,-0.7,-0.7,Matches
143,Marvin Friedrich\Marvin-Friedrich,de GER,DF,Union Berlin,24,1995,34.0,5,24,6,25.0,0.71,0.18,0.21,0.83,11.7,0,0,0,1.3,1.3,0.06,+3.7,+3.7,Matches
144,Jeremie Frimpong\Jeremie-Frimpong,nl NED,DFFW,Leverkusen,19,2000,4.8,0,3,0,0.0,0.62,0.00,0.00,,14.0,0,0,0,0.1,0.1,0.04,-0.1,-0.1,Matches
145,Niclas Füllkrug\Niclas-Fullkrug,de GER,FWMF,Werder Bremen,27,1993,9.7,6,33,15,45.5,3.39,1.54,0.12,0.27,13.5,0,2,2,6.0,4.5,0.14,0.0,-0.5,Matches
146,Mijat Gaćinović\Mijat-Gacinovic,rs SRB,DFMF,Hoffenheim,25,1995,9.1,0,13,2,15.4,1.42,0.22,0.00,0.00,16.3,0,0,0,1.8,1.8,0.14,-1.8,-1.8,Matches
147,Christian Gebauer\Christian-Gebauer,at AUT,MFFW,Arminia,26,1993,7.6,1,10,4,40.0,1.31,0.52,0.10,0.25,15.0,0,0,0,2.0,2.0,0.20,-1.0,-1.0,Matches
148,Theodor Gebre Selassie\Theodor-Gebre-Selassie,cz CZE,DF,Werder Bremen,33,1986,33.7,3,20,8,40.0,0.59,0.24,0.15,0.38,16.0,0,0,0,1.4,1.4,0.07,+1.6,+1.6,Matches
149,Emrehan Gedikli\Emrehan-Gedikli,de GER,FW,Leverkusen,17,2003,0.3,0,0,0,,0.00,0.00,,,,0,0,0,0.0,0.0,,0.0,0.0,Matches
150,Dennis Geiger\Dennis-Geiger,de GER,MF,Hoffenheim,22,1998,7.3,1,7,3,42.9,0.96,0.41,0.14,0.33,20.9,0,0,0,0.3,0.3,0.04,+0.7,+0.7,Matches
151,Christian Gentner\Christian-Gentner,de GER,MF,Union Berlin,34,1985,11.5,0,7,0,0.0,0.61,0.00,0.00,,18.9,0,0,0,0.3,0.3,0.05,-0.3,-0.3,Matches
152,Yannick Gerhardt\Yannick-Gerhardt,de GER,MFFW,Wolfsburg,26,1994,21.5,2,31,11,35.5,1.44,0.51,0.06,0.18,14.7,0,0,0,3.9,3.9,0.13,-1.9,-1.9,Matches
153,Hamadi Al Ghaddioui\Hamadi-Al-Ghaddioui,ma MAR,FWMF,Stuttgart,29,1990,0.5,0,1,0,0.0,1.96,0.00,0.00,,8.0,0,0,0,0.2,0.2,0.17,-0.2,-0.2,Matches
154,Niko Gießelmann\Niko-Giesselmann,de GER,DF,Union Berlin,28,1991,4.8,0,4,0,0.0,0.84,0.00,0.00,,27.7,0,0,0,0.1,0.1,0.02,-0.1,-0.1,Matches
155,Rafał Gikiewicz\Rafal-Gikiewicz,pl POL,GK,Augsburg,32,1987,34.0,0,0,0,,0.00,0.00,,,,0,0,0,0.0,0.0,,0.0,0.0,Matches
156,Daniel Ginczek\Daniel-Ginczek,de GER,FWMF,Wolfsburg,29,1991,2.4,0,4,0,0.0,1.67,0.00,0.00,,11.5,0,0,0,0.4,0.4,0.11,-0.4,-0.4,Matches
157,Matthias Ginter\Matthias-Ginter,de GER,DF,M'Gladbach,26,1994,34.0,2,22,8,36.4,0.65,0.24,0.09,0.25,12.0,0,0,0,2.1,2.1,0.09,-0.1,-0.1,Matches
158,Robert Glatzel\Robert-Glatzel,de GER,FW,Mainz 05,26,1994,4.0,2,13,7,53.8,3.26,1.75,0.15,0.29,12.3,0,0,0,2.9,2.9,0.23,-0.9,-0.9,Matches
159,Serge Gnabry\Serge-Gnabry,de GER,FWMF,Bayern Munich,25,1995,18.3,10,59,27,45.8,3.23,1.48,0.17,0.37,16.0,0,0,0,8.0,8.0,0.13,+2.0,+2.0,Matches
160,Akaki Gogia\Akaki-Gogia,de GER,FW,Union Berlin,28,1992,1.6,0,2,2,100.0,1.29,1.29,0.00,0.00,21.2,0,0,0,0.1,0.1,0.07,-0.1,-0.1,Matches
161,Nicolás González\Nicolas-Gonzalez,ar ARG,FWDF,Stuttgart,22,1998,10.4,6,46,11,23.9,4.43,1.06,0.07,0.27,17.7,0,3,4,8.1,5.2,0.11,-2.1,-2.2,Matches
162,Leon Goretzka\Leon-Goretzka,de GER,MF,Bayern Munich,25,1995,18.9,5,41,13,31.7,2.16,0.69,0.12,0.38,16.0,0,0,0,4.1,4.1,0.10,+0.9,+0.9,Matches
163,Jeffrey Gouweleeuw\Jeffrey-Gouweleeuw,nl NED,DF,Augsburg,29,1991,31.5,1,7,2,28.6,0.22,0.06,0.14,0.50,22.6,0,0,0,0.4,0.4,0.06,+0.6,+0.6,Matches
164,Demarai Gray\Demarai-Gray,eng ENG,FW,Leverkusen,24,1996,4.9,1,15,7,46.7,3.05,1.43,0.07,0.14,17.8,0,0,0,1.2,1.2,0.08,-0.2,-0.2,Matches
165,Michael Gregoritsch\Michael-Gregoritsch,at AUT,FWMF,Augsburg,26,1994,9.3,1,13,3,23.1,1.40,0.32,0.08,0.33,18.5,0,0,0,1.0,1.0,0.08,0.0,0.0,Matches
166,Sebastian Griesbeck\Sebastian-Griesbeck,de GER,MF,Union Berlin,29,1990,9.9,0,4,1,25.0,0.40,0.10,0.00,0.00,14.8,0,0,0,0.4,0.4,0.11,-0.4,-0.4,Matches
167,Vincenzo Grifo\Vincenzo-Grifo,it ITA,MFFW,Freiburg,27,1993,25.7,9,55,24,43.6,2.14,0.93,0.09,0.21,20.2,8,4,4,7.9,4.9,0.09,+1.1,+0.1,Matches
168,Lennart Grill\Lennart-Grill,de GER,GK,Leverkusen,21,1999,4.0,0,0,0,,0.00,0.00,,,,0,0,0,0.0,0.0,,0.0,0.0,Matches
169,Florian Grillitsch\Florian-Grillitsch,at AUT,MFDF,Hoffenheim,24,1995,20.9,2,20,9,45.0,0.96,0.43,0.10,0.22,19.7,0,0,0,2.0,2.0,0.10,0.0,0.0,Matches
170,Christian Groß\Christian-Gross,de GER,MFDF,Werder Bremen,31,1989,16.3,0,7,1,14.3,0.43,0.06,0.00,0.00,17.9,0,0,0,0.4,0.4,0.06,-0.4,-0.4,Matches
171,Ilia Gruev\Ilia-Gruev,bg BUL,FW,Werder Bremen,20,2000,0.0,0,0,0,,0.00,0.00,,,,0,0,0,0.0,0.0,,0.0,0.0,Matches
172,Carlos Gruezo\Carlos-Gruezo,ec ECU,MF,Augsburg,25,1995,23.2,0,16,0,0.0,0.69,0.00,0.00,,27.8,0,0,0,0.3,0.3,0.02,-0.3,-0.3,Matches
173,Mattéo Guendouzi\Matteo-Guendouzi,fr FRA,MF,Hertha BSC,21,1999,20.2,2,17,9,52.9,0.84,0.45,0.12,0.22,17.8,0,0,0,1.0,1.0,0.06,+1.0,+1.0,Matches
174,Raphaël Guerreiro\Raphael-Guerreiro,pt POR,DF,Dortmund,26,1993,24.6,5,37,15,40.5,1.50,0.61,0.14,0.33,19.4,3,0,0,3.8,3.8,0.10,+1.2,+1.2,Matches
175,Josuha Guilavogui\Josuha-Guilavogui,fr FRA,MFDF,Wolfsburg,29,1990,8.3,0,5,0,0.0,0.60,0.00,0.00,,16.4,0,0,0,0.3,0.3,0.07,-0.3,-0.3,Matches
176,Péter Gulácsi\Peter-Gulacsi,hu HUN,GK,RB Leipzig,30,1990,33.0,0,0,0,,0.00,0.00,,,,0,0,0,0.0,0.0,,0.0,0.0,Matches
177,Manuel Gulde\Manuel-Gulde,de GER,DF,Freiburg,29,1991,21.7,2,9,5,55.6,0.41,0.23,0.22,0.40,8.8,0,0,0,1.1,1.1,0.12,+0.9,+0.9,Matches
178,Robert Gumny\Robert-Gumny,pl POL,DF,Augsburg,22,1998,15.3,1,7,3,42.9,0.46,0.20,0.14,0.33,14.9,0,0,0,0.8,0.8,0.11,+0.2,+0.2,Matches
179,Christian Günter\Christian-Gunter,de GER,DF,Freiburg,27,1993,34.0,3,26,7,26.9,0.76,0.21,0.12,0.43,22.9,0,0,0,0.9,0.9,0.04,+2.1,+2.1,Matches
180,Erling Haaland\Erling-Haaland,no NOR,FW,Dortmund,20,2000,26.7,27,90,47,52.2,3.37,1.76,0.28,0.53,12.7,0,2,4,23.7,20.5,0.23,+3.3,+4.5,Matches
181,Janik Haberer\Janik-Haberer,de GER,MFFW,Freiburg,26,1994,5.4,0,10,3,30.0,1.85,0.56,0.00,0.00,19.0,0,0,0,1.1,1.1,0.11,-1.1,-1.1,Matches
182,Alexander Hack\Alexander-Hack,de GER,DF,Mainz 05,26,1993,15.2,1,8,2,25.0,0.53,0.13,0.13,0.50,10.6,0,0,0,0.3,0.3,0.04,+0.7,+0.7,Matches
183,André Hahn\Andre-Hahn,de GER,FWMF,Augsburg,29,1990,22.6,8,41,14,34.1,1.81,0.62,0.20,0.57,14.9,0,0,0,5.4,5.4,0.13,+2.6,+2.6,Matches
184,Amadou Haidara\Amadou-Haidara,ml MLI,MFDF,RB Leipzig,22,1998,21.2,3,41,13,31.7,1.94,0.61,0.07,0.23,18.8,0,0,0,4.4,4.4,0.11,-1.4,-1.4,Matches
185,Marcel Halstenberg\Marcel-Halstenberg,de GER,DF,RB Leipzig,28,1991,18.3,2,13,4,30.8,0.71,0.22,0.08,0.25,19.7,1,1,1,1.9,1.1,0.09,+0.1,-0.1,Matches
186,Amine Harit\Amine-Harit,ma MAR,MFFW,Schalke 04,23,1997,23.3,2,22,5,22.7,0.94,0.21,0.09,0.40,20.2,1,0,0,1.4,1.4,0.06,+0.6,+0.6,Matches
187,Marcel Hartel\Marcel-Hartel,de GER,MF,Arminia,24,1996,18.7,0,21,6,28.6,1.12,0.32,0.00,0.00,22.7,2,0,0,1.2,1.2,0.06,-1.2,-1.2,Matches
188,Makoto Hasebe\Makoto-Hasebe,jp JPN,DFMF,Eint Frankfurt,36,1984,25.4,0,2,1,50.0,0.08,0.04,0.00,0.00,21.6,0,0,0,0.2,0.2,0.09,-0.2,-0.2,Matches
189,Thorgan Hazard\Thorgan-Hazard,be BEL,FWMF,Dortmund,27,1993,7.3,1,9,4,44.4,1.24,0.55,0.11,0.25,18.8,1,0,0,0.6,0.6,0.06,+0.4,+0.4,Matches
190,Jonas Hector\Jonas-Hector,de GER,MF,Köln,30,1990,14.3,3,27,8,29.6,1.88,0.56,0.11,0.38,16.3,0,0,0,3.4,3.4,0.13,-0.4,-0.4,Matches
191,Hwang Hee-chan\Hwang-Hee-chan,kr KOR,FWMF,RB Leipzig,24,1996,5.1,0,10,6,60.0,1.96,1.17,0.00,0.00,12.2,0,0,0,1.6,1.6,0.16,-1.6,-1.6,Matches
192,Dominique Heintz\Dominique-Heintz,de GER,DF,Freiburg,26,1993,15.2,0,4,1,25.0,0.26,0.07,0.00,0.00,15.5,0,0,0,0.3,0.3,0.06,-0.3,-0.3,Matches
193,Benjamin Henrichs\Benjamin-Henrichs,de GER,DFMF,RB Leipzig,23,1997,6.0,0,5,2,40.0,0.83,0.33,0.00,0.00,22.5,0,0,0,0.2,0.2,0.05,-0.2,-0.2,Matches
194,Lucas Hernández\Lucas-Hernandez,fr FRA,DF,Bayern Munich,24,1996,17.7,0,5,1,20.0,0.28,0.06,0.00,0.00,15.2,0,0,0,0.8,0.8,0.16,-0.8,-0.8,Matches
195,Patrick Herrmann\Patrick-Herrmann,de GER,FW,M'Gladbach,29,1991,9.7,0,19,8,42.1,1.95,0.82,0.00,0.00,15.9,1,0,0,2.6,2.6,0.14,-2.6,-2.6,Matches
196,Martin Hinteregger\Martin-Hinteregger,at AUT,DF,Eint Frankfurt,27,1992,28.1,2,24,6,25.0,0.85,0.21,0.08,0.33,12.7,0,0,0,2.0,2.0,0.08,0.0,0.0,Matches
197,Marwin Hitz\Marwin-Hitz,ch SUI,GK,Dortmund,32,1987,15.5,0,0,0,,0.00,0.00,,,,0,0,0,0.0,0.0,,0.0,0.0,Matches
198,Nicolas Höfler\Nicolas-Hofler,de GER,MF,Freiburg,30,1990,30.3,1,19,8,42.1,0.63,0.26,0.05,0.13,16.7,0,0,0,1.5,1.5,0.08,-0.5,-0.5,Matches
199,Jonas Hofmann\Jonas-Hofmann,de GER,FWMF,M'Gladbach,28,1992,20.2,6,23,8,34.8,1.14,0.40,0.13,0.38,20.2,0,3,3,4.9,2.7,0.12,+1.1,+0.3,Matches
200,Marco Höger\Marco-Hoger,de GER,DF,Köln,30,1989,0.6,0,0,0,,0.00,0.00,,,,0,0,0,0.0,0.0,,0.0,0.0,Matches
201,Lucas Höler\Lucas-Holer,de GER,FWMF,Freiburg,26,1994,23.2,4,41,13,31.7,1.77,0.56,0.10,0.31,12.4,0,0,0,7.4,7.4,0.19,-3.4,-3.4,Matches
202,Matthew Hoppe\Matthew-Hoppe,us USA,FW,Schalke 04,19,2001,14.5,6,22,9,40.9,1.52,0.62,0.27,0.67,13.1,0,0,0,3.4,3.4,0.16,+2.6,+2.6,Matches
203,Jannes Horn\Jannes-Horn,de GER,DF,Köln,23,1997,19.6,0,6,1,16.7,0.31,0.05,0.00,0.00,25.8,1,0,0,0.2,0.2,0.03,-0.2,-0.2,Matches
204,Timo Horn\Timo-Horn,de GER,GK,Köln,27,1993,33.4,0,0,0,,0.00,0.00,,,,0,0,0,0.0,0.0,,0.0,0.0,Matches
205,Lukáš Hrádecký\Lukas-Hradecky,fi FIN,GK,Leverkusen,30,1989,28.5,0,0,0,,0.00,0.00,,,,0,0,0,0.0,0.0,,0.0,0.0,Matches
206,Ajdin Hrustic\Ajdin-Hrustic,au AUS,MFFW,Eint Frankfurt,24,1996,3.0,1,7,4,57.1,2.32,1.32,0.14,0.25,23.4,0,0,0,0.3,0.3,0.04,+0.7,+0.7,Matches
207,Florian Hübner\Florian-Hubner,de GER,DF,Union Berlin,29,1991,5.8,0,3,1,33.3,0.51,0.17,0.00,0.00,15.2,0,0,0,0.1,0.1,0.03,-0.1,-0.1,Matches
208,Mats Hummels\Mats-Hummels,de GER,DF,Dortmund,31,1988,31.3,5,29,15,51.7,0.93,0.48,0.17,0.33,9.5,0,0,0,3.4,3.4,0.12,+1.6,+1.6,Matches
209,Klaas-Jan Huntelaar\Klaas-Jan-Huntelaar,nl NED,FW,Schalke 04,36,1983,6.5,2,12,5,41.7,1.84,0.77,0.17,0.40,13.0,2,0,1,3.4,2.5,0.21,-1.4,-0.5,Matches
210,Iago\Iago,br BRA,DF,Augsburg,23,1997,17.3,1,9,2,22.2,0.52,0.12,0.11,0.50,18.8,0,0,0,0.9,0.9,0.10,+0.1,+0.1,Matches
211,Vedad Ibišević\Vedad-Ibisevic,ba BIH,FW,Schalke 04,35,1984,1.7,0,2,0,0.0,1.15,0.00,0.00,,6.0,0,0,0,0.5,0.5,0.27,-0.5,-0.5,Matches
212,Blendi Idrizi\Blendi-Idrizi,xk KVX,MF,Schalke 04,22,1998,2.6,1,4,1,25.0,1.51,0.38,0.25,1.00,21.5,0,0,0,0.5,0.5,0.11,+0.5,+0.5,Matches
213,Stefan Ilsanker\Stefan-Ilsanker,at AUT,MFDF,Eint Frankfurt,31,1989,17.5,1,13,4,30.8,0.74,0.23,0.08,0.25,13.3,0,0,0,1.2,1.2,0.09,-0.2,-0.2,Matches
214,Marcus Ingvartsen\Marcus-Ingvartsen,dk DEN,MFFW,Union Berlin,24,1996,21.8,3,37,13,35.1,1.70,0.60,0.08,0.23,18.2,3,0,1,4.1,3.4,0.09,-1.1,-0.4,Matches
215,Ismail Jakobs\Ismail-Jakobs,de GER,DFMF,Köln,20,1999,19.2,1,22,6,27.3,1.15,0.31,0.05,0.17,15.2,0,0,0,2.0,2.0,0.09,-1.0,-1.0,Matches
216,Tony Jantschke\Tony-Jantschke,de GER,DF,M'Gladbach,30,1990,3.0,0,2,1,50.0,0.67,0.33,0.00,0.00,10.8,0,0,0,0.2,0.2,0.11,-0.2,-0.2,Matches
217,Rune Jarstein\Rune-Jarstein,no NOR,GK,Hertha BSC,35,1984,8.0,0,0,0,,0.00,0.00,,,,0,0,0,0.0,0.0,,0.0,0.0,Matches
218,Tin Jedvaj\Tin-Jedvaj,hr CRO,DF,Leverkusen,24,1995,1.7,0,1,0,0.0,0.59,0.00,0.00,,18.0,0,0,0,0.0,0.0,0.03,0.0,0.0,Matches
219,Fredrik Jensen\Fredrik-Jensen,fi FIN,FWMF,Augsburg,22,1997,4.2,0,5,0,0.0,1.19,0.00,0.00,,17.4,0,0,0,0.3,0.3,0.05,-0.3,-0.3,Matches
220,Marco John\Marco-John,de GER,DF,Hoffenheim,18,2002,11.1,0,5,0,0.0,0.45,0.00,0.00,,23.4,0,0,0,0.2,0.2,0.04,-0.2,-0.2,Matches
221,Luka Jović\Luka-Jovic,rs SRB,FWMF,Eint Frankfurt,22,1997,9.9,4,26,7,26.9,2.62,0.70,0.15,0.57,12.4,0,0,0,2.7,2.7,0.11,+1.3,+1.3,Matches
222,Ozan Kabak\Ozan-Kabak,tr TUR,DF,Schalke 04,20,2000,13.8,0,12,1,8.3,0.87,0.07,0.00,0.00,12.7,0,0,0,1.0,1.0,0.09,-1.0,-1.0,Matches
223,Pavel Kadeřábek\Pavel-Kaderabek,cz CZE,DF,Hoffenheim,28,1992,17.6,0,10,4,40.0,0.57,0.23,0.00,0.00,10.8,0,0,0,1.2,1.2,0.12,-1.2,-1.2,Matches
224,Florian Kainz\Florian-Kainz,at AUT,FWMF,Köln,27,1992,5.0,1,9,3,33.3,1.81,0.60,0.11,0.33,18.7,0,0,0,0.6,0.6,0.06,+0.4,+0.4,Matches
225,Sasa Kalajdzic\Sasa-Kalajdzic,at AUT,FW,Stuttgart,23,1997,23.7,16,67,28,41.8,2.82,1.18,0.24,0.57,12.5,0,0,0,9.0,9.0,0.13,+7.0,+7.0,Matches
226,Daichi Kamada\Daichi-Kamada,jp JPN,MFFW,Eint Frankfurt,23,1996,26.2,5,38,9,23.7,1.45,0.34,0.13,0.56,16.6,2,0,0,5.6,5.6,0.15,-0.6,-0.6,Matches
227,Marcin Kamiński\Marcin-Kaminski,pl POL,DF,Stuttgart,28,1992,2.4,0,0,0,,0.00,0.00,,,,0,0,0,0.0,0.0,,0.0,0.0,Matches
228,Kevin Kampl\Kevin-Kampl,si SVN,MF,RB Leipzig,29,1990,21.5,0,14,1,7.1,0.65,0.05,0.00,0.00,22.5,0,0,0,1.2,1.2,0.08,-1.2,-1.2,Matches
229,Jimmy Kaparos\Jimmy-Kaparos,de GER,MF,Schalke 04,18,2001,0.2,0,0,0,,0.00,0.00,,,,0,0,0,0.0,0.0,,0.0,0.0,Matches
230,Atakan Karazor\Atakan-Karazor,de GER,DFMF,Stuttgart,23,1996,11.5,0,3,1,33.3,0.26,0.09,0.00,0.00,20.7,0,0,0,0.1,0.1,0.04,-0.1,-0.1,Matches
231,Loris Karius\Loris-Karius,de GER,GK,Union Berlin,27,1993,3.2,0,0,0,,0.00,0.00,,,,0,0,0,0.0,0.0,,0.0,0.0,Matches
232,Noah Katterbach\Noah-Katterbach,de GER,DF,Köln,19,2001,12.3,0,9,2,22.2,0.73,0.16,0.00,0.00,24.4,0,0,0,0.2,0.2,0.02,-0.2,-0.2,Matches
233,Yannik Keitel\Yannik-Keitel,de GER,MF,Freiburg,20,2000,5.5,0,9,2,22.2,1.63,0.36,0.00,0.00,23.5,0,0,0,0.3,0.3,0.04,-0.3,-0.3,Matches
234,Marc-Oliver Kempf\Marc-Oliver-Kempf,de GER,DF,Stuttgart,25,1995,30.3,2,16,6,37.5,0.53,0.20,0.13,0.33,17.1,0,0,0,1.3,1.3,0.08,+0.7,+0.7,Matches
235,Rani Khedira\Rani-Khedira,de GER,MF,Augsburg,26,1994,20.2,1,10,4,40.0,0.50,0.20,0.10,0.25,18.4,0,0,0,1.0,1.0,0.10,0.0,0.0,Matches
236,Sami Khedira\Sami-Khedira,de GER,MF,Hertha BSC,33,1987,4.4,0,1,0,0.0,0.23,0.00,0.00,,24.0,0,0,0,0.0,0.0,0.03,0.0,0.0,Matches
237,Luca Kilian\Luca-Kilian,de GER,DF,Mainz 05,20,1999,4.2,0,1,0,0.0,0.24,0.00,0.00,,12.0,0,0,0,0.0,0.0,0.05,0.0,0.0,Matches
238,Joshua Kimmich\Joshua-Kimmich,de GER,MF,Bayern Munich,25,1995,24.4,4,37,14,37.8,1.52,0.57,0.11,0.29,22.6,1,0,0,2.5,2.5,0.07,+1.5,+1.5,Matches
239,Davy Klaassen\Davy-Klaassen,nl NED,MF,Werder Bremen,27,1993,2.5,0,4,0,0.0,1.62,0.00,0.00,,21.7,0,0,0,0.1,0.1,0.03,-0.1,-0.1,Matches
240,Felix Klaus\Felix-Klaus,de GER,DFMF,Wolfsburg,27,1992,1.5,0,1,0,0.0,0.66,0.00,0.00,,30.0,0,0,0,0.0,0.0,0.02,0.0,0.0,Matches
241,Klauss\Klauss,br BRA,FW,Hoffenheim,23,1997,0.6,0,1,1,100.0,1.76,1.76,0.00,0.00,8.0,0,0,0,0.1,0.1,0.10,-0.1,-0.1,Matches
242,Philipp Klement\Philipp-Klement,de GER,MFFW,Stuttgart,27,1992,4.7,1,7,3,42.9,1.50,0.64,0.14,0.33,23.2,1,0,0,0.3,0.3,0.04,+0.7,+0.7,Matches
243,Mateo Klimowicz\Mateo-Klimowicz,de GER,FWMF,Stuttgart,20,2000,13.3,1,33,10,30.3,2.48,0.75,0.03,0.10,17.8,0,0,0,3.8,3.8,0.12,-2.8,-2.8,Matches
244,Fabian Klos\Fabian-Klos,de GER,FW,Arminia,32,1987,30.1,5,52,19,36.5,1.73,0.63,0.08,0.21,13.9,0,1,2,7.9,6.4,0.12,-2.9,-2.4,Matches
245,Lukas Klostermann\Lukas-Klostermann,de GER,DF,RB Leipzig,24,1996,16.1,1,12,2,16.7,0.75,0.12,0.08,0.50,10.7,0,0,0,0.8,0.8,0.07,+0.2,+0.2,Matches
246,Justin Kluivert\Justin-Kluivert,nl NED,FW,RB Leipzig,21,1999,9.0,3,18,7,38.9,1.99,0.77,0.17,0.43,16.2,0,0,0,3.6,3.6,0.20,-0.6,-0.6,Matches
247,Lukas Klünter\Lukas-Klunter,de GER,DF,Hertha BSC,24,1996,11.0,0,0,0,,0.00,0.00,,,,0,0,0,0.0,0.0,,0.0,0.0,Matches
248,Ansgar Knauff\Ansgar-Knauff,de GER,FWMF,Dortmund,18,2002,0.8,1,2,1,50.0,2.54,1.27,0.50,1.00,15.1,0,0,0,0.1,0.1,0.05,+0.9,+0.9,Matches
249,Robin Knoche\Robin-Knoche,de GER,DF,Union Berlin,28,1992,33.8,1,11,4,36.4,0.33,0.12,0.09,0.25,11.5,0,0,0,0.9,0.9,0.09,+0.1,+0.1,Matches
250,Gregor Kobel\Gregor-Kobel,ch SUI,GK,Stuttgart,22,1997,33.0,0,0,0,,0.00,0.00,,,,0,0,0,0.0,0.0,,0.0,0.0,Matches
251,Dominik Kohr\Dominik-Kohr,de GER,MF,Mainz 05,26,1994,14.1,1,16,3,18.8,1.14,0.21,0.06,0.33,20.8,0,0,0,0.9,0.9,0.06,+0.1,+0.1,Matches
252,Dominik Kohr\Dominik-Kohr,de GER,MFFW,Eint Frankfurt,26,1994,2.9,0,5,0,0.0,1.73,0.00,0.00,,18.7,1,0,0,0.5,0.5,0.11,-0.5,-0.5,Matches
253,Sead Kolašinac\Sead-Kolasinac,ba BIH,DFMF,Schalke 04,27,1993,15.8,1,6,1,16.7,0.38,0.06,0.17,1.00,15.6,0,0,0,0.4,0.4,0.06,+0.6,+0.6,Matches
254,Ibrahima Konaté\Ibrahima-Konate,fr FRA,DF,RB Leipzig,21,1999,7.7,1,5,2,40.0,0.65,0.26,0.20,0.50,7.8,0,0,0,0.5,0.5,0.10,+0.5,+0.5,Matches
255,Filip Kostić\Filip-Kostic,rs SRB,DF,Eint Frankfurt,27,1992,28.2,4,51,21,41.2,1.81,0.75,0.08,0.19,20.4,4,0,0,3.9,3.9,0.08,+0.1,+0.1,Matches
256,Nianzou Kouassi\Nianzou-Kouassi,fr FRA,DFMF,Bayern Munich,18,2002,1.3,0,0,0,,0.00,0.00,,,,0,0,0,0.0,0.0,,0.0,0.0,Matches
257,Andrej Kramarić\Andrej-Kramaric,hr CRO,FWMF,Hoffenheim,29,1991,26.4,20,92,40,43.5,3.48,1.51,0.16,0.38,17.3,7,5,5,16.4,12.6,0.14,+3.6,+2.4,Matches
258,Christoph Kramer\Christoph-Kramer,de GER,MF,M'Gladbach,29,1991,22.6,0,9,1,11.1,0.40,0.04,0.00,0.00,23.5,0,0,0,0.4,0.4,0.04,-0.4,-0.4,Matches
259,Max Kruse\Max-Kruse,de GER,FWMF,Union Berlin,32,1988,18.1,11,23,12,52.2,1.27,0.66,0.26,0.50,19.8,1,5,6,6.6,2.0,0.09,+4.4,+4.0,Matches
260,Lukas Kübler\Lukas-Kubler,de GER,DF,Freiburg,27,1992,9.8,0,2,1,50.0,0.20,0.10,0.00,0.00,17.9,0,0,0,0.1,0.1,0.04,-0.1,-0.1,Matches
261,Pierre Kunde\Pierre-Kunde,cm CMR,MF,Mainz 05,25,1995,5.7,0,7,0,0.0,1.23,0.00,0.00,,25.2,0,0,0,0.1,0.1,0.02,-0.1,-0.1,Matches
262,Fabian Kunze\Fabian-Kunze,de GER,MF,Arminia,22,1998,14.1,0,7,1,14.3,0.50,0.07,0.00,0.00,18.2,0,0,0,0.5,0.5,0.07,-0.5,-0.5,Matches
263,Ahmed Kutucu\Ahmed-Kutucu,tr TUR,FWMF,Schalke 04,20,2000,1.2,0,2,0,0.0,1.67,0.00,0.00,,14.0,0,0,0,0.3,0.3,0.13,-0.3,-0.3,Matches
264,Maxence Lacroix\Maxence-Lacroix,fr FRA,DF,Wolfsburg,20,2000,28.8,1,17,2,11.8,0.59,0.07,0.06,0.50,8.7,0,0,0,1.6,1.6,0.09,-0.6,-0.6,Matches
265,Konrad Laimer\Konrad-Laimer,at AUT,DFFW,RB Leipzig,23,1997,0.9,0,3,2,66.7,3.21,2.14,0.00,0.00,13.5,0,0,0,0.4,0.4,0.13,-0.4,-0.4,Matches
266,Stefan Lainer\Stefan-Lainer,at AUT,DF,M'Gladbach,27,1992,30.8,2,24,7,29.2,0.78,0.23,0.08,0.29,15.3,0,0,0,2.3,2.3,0.10,-0.3,-0.3,Matches
267,Michael Langer\Michael-Langer,at AUT,GK,Schalke 04,35,1985,2.7,0,0,0,,0.00,0.00,,,,0,0,0,0.0,0.0,,0.0,0.0,Matches
268,Danny Latza\Danny-Latza,de GER,MF,Mainz 05,30,1989,20.0,0,21,9,42.9,1.05,0.45,0.00,0.00,18.1,0,0,0,1.9,1.9,0.09,-1.9,-1.9,Matches
269,Valentino Lazaro\Valentino-Lazaro,at AUT,DFFW,M'Gladbach,24,1996,13.8,2,16,4,25.0,1.16,0.29,0.13,0.50,17.0,0,0,0,2.0,2.0,0.13,0.0,0.0,Matches
270,Mathew Leckie\Mathew-Leckie,au AUS,FWDF,Hertha BSC,29,1991,5.6,0,2,1,50.0,0.36,0.18,0.00,0.00,9.9,0,0,0,0.1,0.1,0.05,-0.1,-0.1,Matches
271,Christopher Lenz\Christopher-Lenz,de GER,DF,Union Berlin,25,1994,25.0,0,16,6,37.5,0.64,0.24,0.00,0.00,21.2,0,0,0,0.9,0.9,0.06,-0.9,-0.9,Matches
272,Robert Lewandowski\Robert-Lewandowski,pl POL,FW,Bayern Munich,31,1988,27.3,41,130,56,43.1,4.76,2.05,0.25,0.59,13.3,5,8,9,31.6,24.7,0.19,+9.4,+8.3,Matches
273,Philipp Lienhart\Philipp-Lienhart,at AUT,DF,Freiburg,24,1996,33.3,4,10,4,40.0,0.30,0.12,0.40,1.00,7.3,0,0,0,2.1,2.1,0.21,+1.9,+1.9,Matches
274,Dimitris Limnios\Dimitris-Limnios,gr GRE,MFFW,Köln,22,1998,4.2,0,6,3,50.0,1.43,0.71,0.00,0.00,17.3,1,0,0,0.6,0.6,0.10,-0.6,-0.6,Matches
275,Niklas Lomb\Niklas-Lomb,de GER,GK,Leverkusen,27,1993,1.5,0,0,0,,0.00,0.00,,,,0,0,0,0.0,0.0,,0.0,0.0,Matches
276,Eduard Löwen\Eduard-Lowen,de GER,MFDF,Hertha BSC,23,1997,0.9,0,1,0,0.0,1.06,0.00,0.00,,19.1,0,0,0,0.0,0.0,0.04,0.0,0.0,Matches
277,Jan Luca Schuler\Jan-Luca-Schuler,de GER,FW,Schalke 04,21,1999,0.4,0,1,0,0.0,2.25,0.00,0.00,,13.0,0,0,0,0.1,0.1,0.05,-0.1,-0.1,Matches
278,Anderson Lucoqui\Anderson-Lucoqui,ao ANG,DF,Arminia,23,1997,17.8,0,8,2,25.0,0.45,0.11,0.00,0.00,28.8,0,0,0,0.1,0.1,0.02,-0.1,-0.1,Matches
279,Kilian Ludewig\Kilian-Ludewig,de GER,DF,Schalke 04,20,2000,5.8,0,0,0,,0.00,0.00,,,,0,0,0,0.0,0.0,,0.0,0.0,Matches
280,Dodi Lukebakio\Dodi-Lukebakio,be BEL,FWMF,Hertha BSC,22,1997,20.6,5,41,18,43.9,1.99,0.87,0.07,0.17,15.1,1,2,2,6.9,5.3,0.13,-1.9,-2.3,Matches
281,Andreas Luthe\Andreas-Luthe,de GER,GK,Union Berlin,33,1987,30.8,0,0,0,,0.00,0.00,,,,0,0,0,0.0,0.0,,0.0,0.0,Matches
282,Tim Maciejewski\Tim-Maciejewski,de GER,MF,Union Berlin,19,2001,0.1,0,0,0,,0.00,0.00,,,,0,0,0,0.0,0.0,,0.0,0.0,Matches
283,Luca Mack\Luca-Mack,de GER,MF,Stuttgart,20,2000,0.1,0,0,0,,0.00,0.00,,,,0,0,0,0.0,0.0,,0.0,0.0,Matches
284,Mikail Maden\Mikail-Maden,no NOR,FW,Schalke 04,18,2002,0.1,0,0,0,,0.00,0.00,,,,0,0,0,0.0,0.0,,0.0,0.0,Matches
285,Arne Maier\Arne-Maier,de GER,MF,Hertha BSC,21,1999,0.3,0,0,0,,0.00,0.00,,,,0,0,0,0.0,0.0,,0.0,0.0,Matches
286,Arne Maier\Arne-Maier,de GER,MF,Arminia,21,1999,11.5,0,11,2,18.2,0.96,0.17,0.00,0.00,19.9,2,0,0,0.4,0.4,0.03,-0.4,-0.4,Matches
287,Yunus Mallı\Yunus-Malli,tr TUR,MF,Wolfsburg,28,1992,0.6,0,0,0,,0.00,0.00,,,,0,0,0,0.0,0.0,,0.0,0.0,Matches
288,Orel Mangala\Orel-Mangala,be BEL,MF,Stuttgart,22,1998,23.4,1,26,8,30.8,1.11,0.34,0.04,0.13,20.7,0,0,0,1.4,1.4,0.05,-0.4,-0.4,Matches
289,Omar Marmoush\Omar-Marmoush,eg EGY,FW,Wolfsburg,21,1999,0.0,0,0,0,,0.00,0.00,,,,0,0,0,0.0,0.0,,0.0,0.0,Matches
290,Aarón Martín\Aaron-Martin,es ESP,DF,Mainz 05,23,1997,2.9,0,1,0,0.0,0.34,0.00,0.00,,23.0,0,0,0,0.0,0.0,0.04,0.0,0.0,Matches
291,Javi Martínez\Javi-Martinez,es ESP,DFMF,Bayern Munich,31,1988,5.2,0,2,0,0.0,0.39,0.00,0.00,,9.7,0,0,0,0.3,0.3,0.14,-0.3,-0.3,Matches
292,Josep Martinez\Josep-Martinez,es ESP,GK,RB Leipzig,22,1998,1.0,0,0,0,,0.00,0.00,,,,0,0,0,0.0,0.0,,0.0,0.0,Matches
293,Omar Mascarell\Omar-Mascarell,es ESP,MF,Schalke 04,27,1993,19.6,1,10,3,30.0,0.51,0.15,0.10,0.33,23.9,1,0,0,0.3,0.3,0.03,+0.7,+0.7,Matches
294,Roberto Massimo\Roberto-Massimo,de GER,DFFW,Stuttgart,19,2000,8.4,0,15,4,26.7,1.78,0.48,0.00,0.00,14.8,0,0,0,1.7,1.7,0.11,-1.7,-1.7,Matches
295,Jean-Philippe Mateta\Jean-Philippe-Mateta,fr FRA,FW,Mainz 05,23,1997,11.1,7,27,13,48.1,2.44,1.17,0.22,0.46,11.9,1,1,1,7.4,6.7,0.25,-0.4,-0.7,Matches
296,Rabbi Matondo\Rabbi-Matondo,wal WAL,FWMF,Schalke 04,19,2000,2.4,0,0,0,,0.00,0.00,,,,0,0,0,0.0,0.0,,0.0,0.0,Matches
297,Henning Matriciani\Henning-Matriciani,de GER,DF,Schalke 04,20,2000,0.3,0,0,0,,0.00,0.00,,,,0,0,0,0.0,0.0,,0.0,0.0,Matches
298,Konstantinos Mavropanos\Konstantinos-Mavropanos,gr GRE,DF,Stuttgart,22,1997,16.3,0,17,5,29.4,1.05,0.31,0.00,0.00,10.9,0,0,0,1.4,1.4,0.08,-1.4,-1.4,Matches
299,Eric Maxim Choupo-Moting\Eric-Maxim-Choupo-Moting,cm CMR,FWMF,Bayern Munich,31,1989,9.1,3,19,13,68.4,2.09,1.43,0.16,0.23,11.3,0,0,0,3.2,3.2,0.17,-0.2,-0.2,Matches
300,Kevin Mbabu\Kevin-Mbabu,ch SUI,DF,Wolfsburg,25,1995,18.2,0,11,5,45.5,0.60,0.27,0.00,0.00,13.0,0,0,0,0.5,0.5,0.05,-0.5,-0.5,Matches
301,Jean-Manuel Mbom\Jean-Manuel-Mbom,de GER,MFDF,Werder Bremen,20,2000,12.9,0,7,1,14.3,0.54,0.08,0.00,0.00,17.3,0,0,0,0.5,0.5,0.08,-0.5,-0.5,Matches
302,Nathan de Medina\Nathan-de-Medina,be BEL,DF,Arminia,22,1997,7.1,0,0,0,,0.00,0.00,,,,0,0,0,0.0,0.0,,0.0,0.0,Matches
303,Joshua Mees\Joshua-Mees,de GER,FW,Union Berlin,24,1996,0.1,0,2,0,0.0,36.00,0.00,0.00,,12.0,0,0,0,0.1,0.1,0.06,-0.1,-0.1,Matches
304,Admir Mehmedi\Admir-Mehmedi,ch SUI,MFFW,Wolfsburg,29,1991,9.1,0,8,2,25.0,0.88,0.22,0.00,0.00,13.8,0,0,0,0.9,0.9,0.11,-0.9,-0.9,Matches
305,Hamza Mendyl\Hamza-Mendyl,ma MAR,FW,Schalke 04,22,1997,1.1,0,2,0,0.0,1.89,0.00,0.00,,17.6,0,0,0,0.1,0.1,0.05,-0.1,-0.1,Matches
306,Levent Mercan\Levent-Mercan,de GER,FW,Schalke 04,19,2000,0.1,0,0,0,,0.00,0.00,,,,0,0,0,0.0,0.0,,0.0,0.0,Matches
307,Jorge Meré\Jorge-Mere,es ESP,DF,Köln,23,1997,14.4,0,2,0,0.0,0.14,0.00,0.00,,25.2,0,0,0,0.0,0.0,0.01,0.0,0.0,Matches
308,Thomas Meunier\Thomas-Meunier,be BEL,DF,Dortmund,28,1991,16.4,1,12,2,16.7,0.73,0.12,0.08,0.50,18.0,0,0,0,0.9,0.9,0.08,+0.1,+0.1,Matches
309,Max Meyer\Max-Meyer,de GER,MF,Köln,24,1995,3.9,0,10,5,50.0,2.56,1.28,0.00,0.00,16.8,0,0,0,1.0,1.0,0.10,-1.0,-1.0,Matches
310,Jonas Michel Dirkner\Jonas-Michel-Dirkner,de GER,MF,Hertha BSC,18,2002,0.2,0,0,0,,0.00,0.00,,,,0,0,0,0.0,0.0,,0.0,0.0,Matches
311,Jonas Michelbrink\Jonas-Michelbrink,de GER,MF,Hertha BSC,19,2001,0.4,0,0,0,,0.00,0.00,,,,0,0,0,0.0,0.0,,0.0,0.0,Matches
312,Maximilian Mittelstädt\Maximilian-Mittelstadt,de GER,DF,Hertha BSC,23,1997,20.0,0,17,5,29.4,0.85,0.25,0.00,0.00,22.7,0,0,0,0.8,0.8,0.05,-0.8,-0.8,Matches
313,Anthony Modeste\Anthony-Modeste,fr FRA,FWMF,Köln,32,1988,2.5,0,7,0,0.0,2.85,0.00,0.00,,16.0,0,0,1,1.8,1.0,0.15,-1.8,-1.0,Matches
314,Kevin Möhwald\Kevin-Mohwald,de GER,MF,Werder Bremen,27,1993,17.3,5,24,7,29.2,1.39,0.41,0.21,0.71,23.6,1,0,0,1.3,1.3,0.05,+3.7,+3.7,Matches
315,Niklas Moisander\Niklas-Moisander,fi FIN,DF,Werder Bremen,34,1985,13.6,0,0,0,,0.00,0.00,,,,0,0,0,0.0,0.0,,0.0,0.0,Matches
316,Alkhaly Momo Cissé\Alkhaly-Momo-Cisse,gn GUI,DFFW,Stuttgart,17,2002,0.4,0,0,0,,0.00,0.00,,,,0,0,0,0.0,0.0,,0.0,0.0,Matches
317,Jan Morávek\Jan-Moravek,cz CZE,MF,Augsburg,30,1989,3.0,0,1,0,0.0,0.34,0.00,0.00,,14.0,0,0,0,0.1,0.1,0.15,-0.1,-0.1,Matches
318,Mateu Morey\Mateu-Morey,es ESP,DF,Dortmund,20,2000,9.2,0,2,0,0.0,0.22,0.00,0.00,,25.2,0,0,0,0.1,0.1,0.03,-0.1,-0.1,Matches
319,Youssoufa Moukoko\Youssoufa-Moukoko,de GER,FWMF,Dortmund,15,2004,4.7,3,20,8,40.0,4.27,1.71,0.15,0.38,15.4,0,0,0,2.8,2.8,0.14,+0.2,+0.2,Matches
320,Nordi Mukiele\Nordi-Mukiele,fr FRA,DF,RB Leipzig,22,1997,18.6,3,19,7,36.8,1.02,0.38,0.16,0.43,12.4,0,0,0,2.3,2.3,0.12,+0.7,+0.7,Matches
321,Florian Müller\Florian-Muller,de GER,GK,Freiburg,22,1997,31.0,0,0,0,,0.00,0.00,,,,0,0,0,0.0,0.0,,0.0,0.0,Matches
322,Sebastian Müller\Sebastian-Muller,de GER,MFDF,Arminia,19,2001,0.0,0,0,0,,0.00,0.00,,,,0,0,0,0.0,0.0,,0.0,0.0,Matches
323,Thomas Müller\Thomas-Muller,de GER,MF,Bayern Munich,30,1989,29.7,11,48,16,33.3,1.62,0.54,0.21,0.63,13.3,0,1,1,7.1,6.4,0.13,+3.9,+3.6,Matches
324,Petar Musa\Petar-Musa,hr CRO,FW,Union Berlin,22,1998,7.9,1,15,5,33.3,1.89,0.63,0.07,0.20,13.1,0,0,0,2.5,2.5,0.17,-1.5,-1.5,Matches
325,Jamal Musiala\Jamal-Musiala,de GER,FWMF,Bayern Munich,17,2003,9.8,6,25,11,44.0,2.55,1.12,0.24,0.55,14.7,0,0,0,3.1,3.1,0.12,+2.9,+2.9,Matches
326,Shkodran Mustafi\Shkodran-Mustafi,de GER,DF,Schalke 04,28,1992,11.5,1,10,2,20.0,0.87,0.17,0.10,0.50,9.6,0,0,0,0.5,0.5,0.05,+0.5,+0.5,Matches
327,Phillipp Mwene\Phillipp-Mwene,at AUT,DF,Mainz 05,26,1994,18.6,1,6,2,33.3,0.32,0.11,0.17,0.50,23.1,0,0,0,0.2,0.2,0.04,+0.8,+0.8,Matches
328,Obite N'Dicka\Obite-NDicka,fr FRA,DF,Eint Frankfurt,20,1999,22.7,3,18,5,27.8,0.79,0.22,0.17,0.60,11.7,0,0,0,1.1,1.1,0.06,+1.9,+1.9,Matches
329,Matija Nastasić\Matija-Nastasic,rs SRB,DF,Schalke 04,27,1993,13.6,0,7,2,28.6,0.52,0.15,0.00,0.00,10.1,0,0,0,0.3,0.3,0.04,-0.3,-0.3,Matches
330,Paul Nebel\Paul-Nebel,de GER,MF,Mainz 05,17,2002,0.6,0,0,0,,0.00,0.00,,,,0,0,0,0.0,0.0,,0.0,0.0,Matches
331,Luca Netz\Luca-Netz,de GER,DF,Hertha BSC,17,2003,3.4,1,3,1,33.3,0.87,0.29,0.33,1.00,10.5,0,0,0,0.8,0.8,0.32,+0.2,+0.2,Matches
332,Manuel Neuer\Manuel-Neuer,de GER,GK,Bayern Munich,34,1986,33.0,0,0,0,,0.00,0.00,,,,0,0,0,0.0,0.0,,0.0,0.0,Matches
333,Florian Neuhaus\Florian-Neuhaus,de GER,MF,M'Gladbach,23,1997,29.1,6,48,17,35.4,1.65,0.58,0.13,0.35,23.3,1,0,0,3.1,3.1,0.06,+2.9,+2.9,Matches
334,Jessic Ngankam\Jessic-Ngankam,de GER,FW,Hertha BSC,20,2000,3.3,2,6,4,66.7,1.82,1.22,0.33,0.50,11.9,0,0,0,0.5,0.5,0.08,+1.5,+1.5,Matches
335,Moussa Niakhate\Moussa-Niakhate,fr FRA,DF,Mainz 05,24,1996,31.8,3,9,5,55.6,0.28,0.16,0.22,0.40,16.1,1,1,1,2.6,1.9,0.21,+0.4,+0.1,Matches
336,Florian Niederlechner\Florian-Niederlechner,de GER,FW,Augsburg,29,1990,19.3,5,48,18,37.5,2.49,0.93,0.10,0.28,14.8,0,0,0,6.7,6.7,0.14,-1.7,-1.7,Matches
337,Joakim Nilsson\Joakim-Nilsson,se SWE,DF,Arminia,26,1994,24.0,0,5,2,40.0,0.21,0.08,0.00,0.00,8.4,0,0,0,0.4,0.4,0.08,-0.4,-0.4,Matches
338,Christopher Nkunku\Christopher-Nkunku,fr FRA,FWMF,RB Leipzig,22,1997,21.0,6,56,26,46.4,2.66,1.24,0.11,0.23,17.2,6,0,0,7.8,7.8,0.14,-1.8,-1.8,Matches
339,Håvard Nordtveit\Havard-Nordtveit,no NOR,DF,Hoffenheim,30,1990,7.8,0,3,1,33.3,0.39,0.13,0.00,0.00,11.9,0,0,0,0.2,0.2,0.08,-0.2,-0.2,Matches
340,Alexander Nübel\Alexander-Nubel,de GER,GK,Bayern Munich,23,1996,1.0,0,0,0,,0.00,0.00,,,,0,0,0,0.0,0.0,,0.0,0.0,Matches
341,Kasim Nuhu\Kasim-Nuhu,gh GHA,DF,Hoffenheim,25,1995,11.0,0,7,0,0.0,0.64,0.00,0.00,,15.0,0,0,0,0.6,0.6,0.09,-0.6,-0.6,Matches
342,Bastian Oczipka\Bastian-Oczipka,de GER,DF,Schalke 04,31,1989,21.4,0,7,0,0.0,0.33,0.00,0.00,,24.2,0,0,0,0.3,0.3,0.04,-0.3,-0.3,Matches
343,Masaya Okugawa\Masaya-Okugawa,jp JPN,MF,Arminia,24,1996,10.2,1,8,3,37.5,0.79,0.30,0.13,0.33,15.7,0,0,0,0.9,0.9,0.12,+0.1,+0.1,Matches
344,Dani Olmo\Dani-Olmo,es ESP,MFFW,RB Leipzig,22,1998,24.4,5,77,21,27.3,3.16,0.86,0.05,0.19,18.7,0,1,1,7.6,7.0,0.09,-2.6,-3.0,Matches
345,Karim Onisiwo\Karim-Onisiwo,at AUT,FW,Mainz 05,28,1992,20.5,4,52,20,38.5,2.54,0.98,0.08,0.20,16.0,0,0,0,5.3,5.3,0.10,-1.3,-1.3,Matches
346,Willi Orban\Willi-Orban,hu HUN,DF,RB Leipzig,27,1992,26.3,4,23,7,30.4,0.88,0.27,0.17,0.57,7.3,0,0,0,3.5,3.5,0.15,+0.5,+0.5,Matches
347,Stefan Ortega\Stefan-Ortega,de GER,GK,Arminia,27,1992,34.0,0,0,0,,0.00,0.00,,,,0,0,0,0.0,0.0,,0.0,0.0,Matches
348,Yuya Osako\Yuya-Osako,jp JPN,MFFW,Werder Bremen,30,1990,8.5,0,10,4,40.0,1.18,0.47,0.00,0.00,16.5,0,0,0,0.5,0.5,0.05,-0.5,-0.5,Matches
349,Paulo Otávio\Paulo-Otavio,br BRA,DF,Wolfsburg,25,1994,19.3,0,15,4,26.7,0.78,0.21,0.00,0.00,23.1,0,0,0,0.7,0.7,0.04,-0.7,-0.7,Matches
350,Reece Oxford\Reece-Oxford,eng ENG,DF,Augsburg,21,1998,15.1,0,7,2,28.6,0.46,0.13,0.00,0.00,9.2,0,0,0,0.7,0.7,0.09,-0.7,-0.7,Matches
351,Salih Özcan\Salih-Ozcan,de GER,MF,Köln,22,1998,15.2,0,11,5,45.5,0.72,0.33,0.00,0.00,21.7,0,0,0,0.6,0.6,0.06,-0.6,-0.6,Matches
352,Levin Öztunalı\Levin-Oztunali,de GER,DFFW,Mainz 05,24,1996,8.4,1,6,3,50.0,0.71,0.36,0.17,0.33,19.7,0,0,0,0.6,0.6,0.11,+0.4,+0.4,Matches
353,Gonçalo Paciência\Goncalo-Paciencia,pt POR,FW,Schalke 04,25,1994,8.3,1,22,8,36.4,2.64,0.96,0.05,0.13,16.1,1,0,0,1.3,1.3,0.06,-0.3,-0.3,Matches
354,Exequiel Palacios\Exequiel-Palacios,ar ARG,MF,Leverkusen,21,1998,6.4,0,2,0,0.0,0.31,0.00,0.00,,19.6,0,0,0,0.1,0.1,0.06,-0.1,-0.1,Matches
355,Matondo-Merveille Papela\Matondo-Merveille-Papela,de GER,DF,Mainz 05,19,2001,0.0,0,0,0,,0.00,0.00,,,,0,0,0,0.0,0.0,,0.0,0.0,Matches
356,Felix Passlack\Felix-Passlack,de GER,DF,Dortmund,22,1998,4.0,1,5,1,20.0,1.24,0.25,0.20,1.00,21.2,0,0,0,0.9,0.9,0.18,+0.1,+0.1,Matches
357,Paulinho\Paulinho,br BRA,FW,Leverkusen,20,2000,0.7,0,3,1,33.3,4.15,1.38,0.00,0.00,15.0,0,0,0,0.3,0.3,0.10,-0.3,-0.3,Matches
358,Benjamin Pavard\Benjamin-Pavard,fr FRA,DF,Bayern Munich,24,1996,21.6,0,11,3,27.3,0.51,0.14,0.00,0.00,20.9,0,0,0,0.4,0.4,0.03,-0.4,-0.4,Matches
359,Jiří Pavlenka\Jiri-Pavlenka,cz CZE,GK,Werder Bremen,28,1992,34.0,0,0,0,,0.00,0.00,,,,0,0,0,0.0,0.0,,0.0,0.0,Matches
360,Vasileios Pavlidis\Vasileios-Pavlidis,gr GRE,FW,Schalke 04,17,2002,0.0,0,0,0,,0.00,0.00,,,,0,0,0,0.0,0.0,,0.0,0.0,Matches
361,Mads Pedersen\Mads-Pedersen,dk DEN,DF,Augsburg,23,1996,9.9,0,1,0,0.0,0.10,0.00,0.00,,24.6,0,0,0,0.0,0.0,0.03,0.0,0.0,Matches
362,Peter Pekarík\Peter-Pekarik,sk SVK,DF,Hertha BSC,33,1986,18.8,3,9,5,55.6,0.48,0.27,0.33,0.60,15.6,0,0,0,1.4,1.4,0.15,+1.6,+1.6,Matches
363,Philipp Pentke\Philipp-Pentke,de GER,GK,Hoffenheim,35,1985,3.0,0,0,0,,0.00,0.00,,,,0,0,0,0.0,0.0,,0.0,0.0,Matches
364,Pavao Pervan\Pavao-Pervan,at AUT,GK,Wolfsburg,32,1987,2.0,0,0,0,,0.00,0.00,,,,0,0,0,0.0,0.0,,0.0,0.0,Matches
365,Nils Petersen\Nils-Petersen,de GER,FW,Freiburg,31,1988,14.5,8,33,11,33.3,2.28,0.76,0.21,0.64,10.1,0,1,1,6.4,5.6,0.17,+1.6,+1.4,Matches
366,Lukas Petkov\Lukas-Petkov,de GER,MF,Augsburg,19,2000,0.0,0,0,0,,0.00,0.00,,,,0,0,0,0.0,0.0,,0.0,0.0,Matches
367,Maximilian Philipp\Maximilian-Philipp,de GER,MF,Wolfsburg,26,1994,12.3,6,28,15,53.6,2.27,1.22,0.21,0.40,15.7,0,0,0,3.0,3.0,0.11,+3.0,+3.0,Matches
368,Krzysztof Piątek\Krzysztof-Piatek,pl POL,FW,Hertha BSC,25,1995,18.1,7,39,18,46.2,2.15,0.99,0.18,0.39,14.5,0,0,1,6.7,5.9,0.15,+0.3,+1.1,Matches
369,Amos Pieper\Amos-Pieper,de GER,DF,Arminia,22,1998,29.8,1,14,5,35.7,0.47,0.17,0.07,0.20,14.9,0,0,0,1.0,1.0,0.07,0.0,0.0,Matches
370,Łukasz Piszczek\Lukasz-Piszczek,pl POL,DF,Dortmund,35,1985,5.1,0,1,0,0.0,0.20,0.00,0.00,,19.0,0,0,0,0.0,0.0,0.02,0.0,0.0,Matches
371,Marvin Plattenhardt\Marvin-Plattenhardt,de GER,DF,Hertha BSC,28,1992,11.9,0,3,0,0.0,0.25,0.00,0.00,,29.5,2,0,0,0.1,0.1,0.02,-0.1,-0.1,Matches
372,Alassane Pléa\Alassane-Plea,fr FRA,FW,M'Gladbach,27,1993,20.0,6,60,25,41.7,3.00,1.25,0.10,0.24,16.7,0,0,0,5.1,5.1,0.09,+0.9,+0.9,Matches
373,Joel Pohjanpalo\Joel-Pohjanpalo,fi FIN,FW,Union Berlin,25,1994,9.5,6,31,15,48.4,3.28,1.59,0.19,0.40,11.6,0,0,0,6.9,6.9,0.22,-0.9,-0.9,Matches
374,Joel Pohjanpalo\Joel-Pohjanpalo,fi FIN,MF,Leverkusen,25,1994,0.1,0,0,0,,0.00,0.00,,,,0,0,0,0.0,0.0,,0.0,0.0,Matches
375,Marin Pongračić\Marin-Pongracic,hr CRO,DF,Wolfsburg,22,1997,6.4,0,1,0,0.0,0.16,0.00,0.00,,13.0,0,0,0,0.0,0.0,0.03,0.0,0.0,Matches
376,Stefan Posch\Stefan-Posch,at AUT,DF,Hoffenheim,23,1997,23.5,0,10,2,20.0,0.42,0.08,0.00,0.00,20.6,1,0,0,0.8,0.8,0.08,-0.8,-0.8,Matches
377,Yussuf Poulsen\Yussuf-Poulsen,dk DEN,FW,RB Leipzig,26,1994,15.0,5,45,14,31.1,2.99,0.93,0.11,0.36,13.4,0,0,0,5.0,5.0,0.11,0.0,0.0,Matches
378,Manuel Prietl\Manuel-Prietl,at AUT,MF,Arminia,28,1991,28.0,1,18,5,27.8,0.64,0.18,0.06,0.20,25.3,0,0,0,0.7,0.7,0.04,+0.3,+0.3,Matches
379,Grischa Prömel\Grischa-Promel,de GER,MF,Union Berlin,25,1995,20.2,3,20,5,25.0,0.99,0.25,0.15,0.60,13.9,0,0,0,1.9,1.9,0.09,+1.1,+1.1,Matches
380,Robin Quaison\Robin-Quaison,se SWE,FWMF,Mainz 05,26,1993,16.4,6,34,16,47.1,2.07,0.98,0.15,0.31,17.5,1,1,1,5.9,5.1,0.15,+0.1,-0.1,Matches
381,Nemanja Radonjić\Nemanja-Radonjic,rs SRB,FWDF,Hertha BSC,24,1996,6.8,1,16,7,43.8,2.36,1.03,0.06,0.14,17.5,0,0,0,1.8,1.8,0.11,-0.8,-0.8,Matches
382,Benito Raman\Benito-Raman,be BEL,FWMF,Schalke 04,25,1994,13.8,2,26,7,26.9,1.88,0.51,0.08,0.29,18.0,1,0,0,2.3,2.2,0.09,-0.3,-0.2,Matches
383,Milot Rashica\Milot-Rashica,xk KVX,FWMF,Werder Bremen,24,1996,16.2,3,41,14,34.1,2.52,0.86,0.05,0.14,20.4,3,1,1,4.4,3.6,0.09,-1.4,-1.6,Matches
384,Daishawn Redan\Daishawn-Redan,nl NED,FWMF,Hertha BSC,19,2001,1.1,0,3,2,66.7,2.65,1.76,0.00,0.00,11.8,0,0,0,0.6,0.6,0.21,-0.6,-0.6,Matches
385,Reinier\Reinier,br BRA,MFFW,Dortmund,18,2002,2.9,1,3,1,33.3,1.05,0.35,0.33,1.00,10.7,0,0,0,0.9,0.9,0.29,+0.1,+0.1,Matches
386,Rocco Reitz\Rocco-Reitz,de GER,MF,M'Gladbach,18,2002,0.7,0,0,0,,0.00,0.00,,,,0,0,0,0.0,0.0,,0.0,0.0,Matches
387,Marco Reus\Marco-Reus,de GER,MFFW,Dortmund,31,1989,25.3,8,54,24,44.4,2.13,0.95,0.15,0.33,16.1,6,0,2,10.0,7.4,0.14,-2.0,+0.6,Matches
388,Elvis Rexhbeçaj\Elvis-Rexhbecaj,de GER,MFFW,Köln,22,1997,20.4,5,28,10,35.7,1.37,0.49,0.18,0.50,20.7,3,0,0,2.1,2.1,0.08,+2.9,+2.9,Matches
389,Gio Reyna\Gio-Reyna,us USA,FWMF,Dortmund,17,2002,22.0,4,38,12,31.6,1.73,0.55,0.11,0.33,15.9,0,0,0,4.5,4.5,0.12,-0.5,-0.5,Matches
390,Chris Richards\Chris-Richards,us USA,DF,Hoffenheim,20,2000,10.5,0,3,0,0.0,0.29,0.00,0.00,,9.0,0,0,0,0.2,0.2,0.08,-0.2,-0.2,Matches
391,Chris Richards\Chris-Richards,us USA,DF,Bayern Munich,20,2000,1.0,0,0,0,,0.00,0.00,,,,0,0,0,0.0,0.0,,0.0,0.0,Matches
392,Marco Richter\Marco-Richter,de GER,FWMF,Augsburg,22,1997,15.7,3,55,20,36.4,3.50,1.27,0.05,0.15,19.9,0,0,0,4.9,4.9,0.09,-1.9,-1.9,Matches
393,Marc Roca\Marc-Roca,es ESP,MF,Bayern Munich,23,1996,2.0,0,3,0,0.0,1.53,0.00,0.00,,16.5,0,0,0,0.3,0.3,0.09,-0.3,-0.3,Matches
394,Sebastian Rode\Sebastian-Rode,de GER,MF,Eint Frankfurt,29,1990,18.1,1,3,3,100.0,0.17,0.17,0.33,0.33,22.4,0,0,0,0.1,0.1,0.03,+0.9,+0.9,Matches
395,Jérôme Roussillon\Jerome-Roussillon,fr FRA,DF,Wolfsburg,27,1993,13.7,0,11,2,18.2,0.81,0.15,0.00,0.00,22.7,0,0,0,0.6,0.6,0.05,-0.6,-0.6,Matches
396,Sebastian Rudy\Sebastian-Rudy,de GER,MFDF,Hoffenheim,30,1990,18.6,1,15,8,53.3,0.80,0.43,0.07,0.13,22.0,2,0,0,0.6,0.6,0.04,+0.4,+0.4,Matches
397,Sebastian Rudy\Sebastian-Rudy,de GER,DF,Schalke 04,30,1990,2.0,0,1,0,0.0,0.50,0.00,0.00,,24.5,0,0,0,0.0,0.0,0.01,0.0,0.0,Matches
398,Georginio Rutter\Georginio-Rutter,fr FRA,FW,Hoffenheim,18,2002,2.7,1,7,3,42.9,2.61,1.12,0.14,0.33,15.7,0,0,0,0.4,0.4,0.06,+0.6,+0.6,Matches
399,Julian Ryerson\Julian-Ryerson,no NOR,DFMF,Union Berlin,22,1997,11.9,0,6,0,0.0,0.51,0.00,0.00,,22.3,0,0,0,0.2,0.2,0.03,-0.2,-0.2,Matches
400,Frederik Rønnow\Frederik-Ronnow,dk DEN,GK,Schalke 04,27,1992,10.5,0,0,0,,0.00,0.00,,,,0,0,0,0.0,0.0,,0.0,0.0,Matches
401,João Victor Santos Sá\Joao-Victor-Santos-Sa,br BRA,FW,Wolfsburg,26,1994,5.2,1,10,2,20.0,1.92,0.38,0.10,0.50,16.9,0,0,0,0.5,0.5,0.05,+0.5,+0.5,Matches
402,Marcel Sabitzer\Marcel-Sabitzer,at AUT,MF,RB Leipzig,26,1994,22.5,8,56,21,37.5,2.49,0.93,0.07,0.19,23.6,5,4,4,7.2,4.2,0.07,+0.8,-0.2,Matches
403,Roland Sallai\Roland-Sallai,hu HUN,MFFW,Freiburg,23,1997,18.5,8,46,20,43.5,2.49,1.08,0.15,0.35,15.7,3,1,1,6.8,6.1,0.13,+1.2,+0.9,Matches
404,Lazar Samardzic\Lazar-Samardzic,de GER,MFFW,RB Leipzig,18,2002,2.2,0,1,0,0.0,0.45,0.00,0.00,,27.1,0,0,0,0.0,0.0,0.03,0.0,0.0,Matches
405,Diadie Samassékou\Diadie-Samassekou,ml MLI,MF,Hoffenheim,24,1996,28.5,0,15,1,6.7,0.53,0.04,0.00,0.00,23.5,0,0,0,0.6,0.6,0.04,-0.6,-0.6,Matches
406,Jadon Sancho\Jadon-Sancho,eng ENG,FWMF,Dortmund,20,2000,22.9,8,51,15,29.4,2.23,0.65,0.14,0.47,16.6,2,1,1,7.4,6.6,0.13,+0.6,+0.4,Matches
407,Leroy Sané\Leroy-Sane,de GER,FWMF,Bayern Munich,24,1996,20.1,6,58,21,36.2,2.89,1.05,0.10,0.29,18.6,0,0,0,5.6,5.6,0.10,+0.4,+0.4,Matches
408,Salif Sané\Salif-Sane,sn SEN,DF,Schalke 04,29,1990,11.9,0,7,1,14.3,0.59,0.08,0.00,0.00,13.7,0,0,0,0.4,0.4,0.05,-0.4,-0.4,Matches
409,Mohamed Sankoh\Mohamed-Sankoh,nl NED,FW,Stuttgart,16,2003,0.2,0,1,0,0.0,5.29,0.00,0.00,,14.9,0,0,0,0.0,0.0,0.04,0.0,0.0,Matches
410,Baptiste Santamaria\Baptiste-Santamaria,fr FRA,MF,Freiburg,25,1995,24.5,1,29,8,27.6,1.18,0.33,0.03,0.13,22.5,0,0,0,1.9,1.9,0.06,-0.9,-0.9,Matches
411,Josh Sargent\Josh-Sargent,us USA,FWMF,Werder Bremen,20,2000,27.8,5,46,19,41.3,1.65,0.68,0.11,0.26,14.6,0,0,0,5.2,5.2,0.11,-0.2,-0.2,Matches
412,Bouna Sarr\Bouna-Sarr,gn GUI,DF,Bayern Munich,28,1992,5.0,0,3,0,0.0,0.60,0.00,0.00,,28.2,0,0,0,0.1,0.1,0.03,-0.1,-0.1,Matches
413,Patrik Schick\Patrik-Schick,cz CZE,FW,Leverkusen,24,1996,20.7,9,57,23,40.4,2.75,1.11,0.16,0.39,11.3,1,0,0,9.7,9.7,0.17,-0.7,-0.7,Matches
414,Sven Schipplock\Sven-Schipplock,de GER,FWMF,Arminia,31,1988,8.3,1,14,5,35.7,1.69,0.60,0.07,0.20,16.6,0,0,0,1.1,1.1,0.08,-0.1,-0.1,Matches
415,Xaver Schlager\Xaver-Schlager,at AUT,MF,Wolfsburg,22,1997,29.2,2,48,4,8.3,1.65,0.14,0.04,0.50,20.9,0,0,0,2.8,2.8,0.06,-0.8,-0.8,Matches
416,Keven Schlotterbeck\Keven-Schlotterbeck,de GER,DF,Freiburg,23,1997,18.4,0,9,1,11.1,0.49,0.05,0.00,0.00,14.6,0,0,0,0.6,0.6,0.07,-0.6,-0.6,Matches
417,Nico Schlotterbeck\Nico-Schlotterbeck,de GER,DF,Union Berlin,20,1999,14.3,1,23,8,34.8,1.61,0.56,0.04,0.13,12.0,0,0,0,1.3,1.3,0.06,-0.3,-0.3,Matches
418,Jonathan Schmid\Jonathan-Schmid,fr FRA,DFMF,Freiburg,30,1990,26.6,2,22,9,40.9,0.83,0.34,0.09,0.22,21.2,6,0,0,1.4,1.4,0.06,+0.6,+0.6,Matches
419,Romano Schmid\Romano-Schmid,at AUT,FWMF,Werder Bremen,20,2000,13.1,0,18,3,16.7,1.38,0.23,0.00,0.00,22.0,0,0,0,0.6,0.6,0.03,-0.6,-0.6,Matches
420,Benno Schmitz\Benno-Schmitz,de GER,DF,Köln,25,1994,4.6,0,4,1,25.0,0.87,0.22,0.00,0.00,16.0,0,0,0,0.3,0.3,0.07,-0.3,-0.3,Matches
421,Alessandro Schöpf\Alessandro-Schopf,at AUT,FWMF,Schalke 04,26,1994,10.5,0,11,1,9.1,1.05,0.10,0.00,0.00,19.5,0,0,0,0.4,0.4,0.04,-0.4,-0.4,Matches
422,Nico Schulz\Nico-Schulz,de GER,DF,Dortmund,27,1993,6.8,0,2,0,0.0,0.30,0.00,0.00,,21.1,0,0,0,0.1,0.1,0.06,-0.1,-0.1,Matches
423,Alexander Schwolow\Alexander-Schwolow,de GER,GK,Hertha BSC,28,1992,26.0,0,0,0,,0.00,0.00,,,,0,0,0,0.0,0.0,,0.0,0.0,Matches
424,Christopher Scott\Christopher-Scott,de GER,FWMF,Bayern Munich,18,2002,0.4,0,1,0,0.0,2.65,0.00,0.00,,22.8,0,0,0,0.0,0.0,0.03,0.0,0.0,Matches
425,Davie Selke\Davie-Selke,de GER,FW,Werder Bremen,25,1995,9.0,3,27,12,44.4,2.99,1.33,0.07,0.17,12.8,0,1,1,3.6,2.8,0.12,-0.6,-0.8,Matches
426,Suat Serdar\Suat-Serdar,de GER,MF,Schalke 04,23,1997,21.7,1,32,9,28.1,1.47,0.41,0.03,0.11,19.3,0,0,0,2.2,2.2,0.07,-1.2,-1.2,Matches
427,Ryan Sessegnon\Ryan-Sessegnon,eng ENG,DF,Hoffenheim,20,2000,17.5,2,5,2,40.0,0.29,0.11,0.40,1.00,10.6,0,0,0,0.6,0.6,0.11,+1.4,+1.4,Matches
428,Nils Seufert\Nils-Seufert,de GER,MFFW,Arminia,23,1997,3.8,0,1,0,0.0,0.26,0.00,0.00,,19.2,0,0,0,0.0,0.0,0.04,0.0,0.0,Matches
429,Tim Siersleben\Tim-Siersleben,de GER,DF,Wolfsburg,20,2000,0.4,0,1,0,0.0,2.65,0.00,0.00,,16.1,0,0,0,0.1,0.1,0.06,-0.1,-0.1,Matches
430,André Silva\Andre-Silva,pt POR,FW,Eint Frankfurt,24,1995,30.7,28,107,53,49.5,3.49,1.73,0.20,0.40,12.6,3,7,7,24.3,18.9,0.18,+3.7,+2.1,Matches
431,Jóan Símun Edmundsson\Joan-Simun-Edmundsson,fo FRO,MFFW,Arminia,29,1991,0.6,1,3,2,66.7,4.66,3.10,0.33,0.50,13.0,0,0,0,0.5,0.5,0.17,+0.5,+0.5,Matches
432,Daley Sinkgraven\Daley-Sinkgraven,nl NED,DF,Leverkusen,25,1995,17.4,0,6,1,16.7,0.34,0.06,0.00,0.00,18.2,0,0,0,0.4,0.4,0.07,-0.4,-0.4,Matches
433,Tobias Sippel\Tobias-Sippel,de GER,GK,M'Gladbach,32,1988,3.8,0,0,0,,0.00,0.00,,,,0,0,0,0.0,0.0,,0.0,0.0,Matches
434,Ellyes Skhiri\Ellyes-Skhiri,tn TUN,MF,Köln,25,1995,30.9,5,17,7,41.2,0.55,0.23,0.29,0.71,10.2,0,0,0,3.9,3.9,0.23,+1.1,+1.1,Matches
435,Robert Skov\Robert-Skov,dk DEN,FWDF,Hoffenheim,24,1996,12.9,1,32,7,21.9,2.47,0.54,0.03,0.14,23.2,8,0,0,2.1,2.1,0.06,-1.1,-1.1,Matches
436,Steven Skrzybski\Steven-Skrzybski,de GER,FWDF,Schalke 04,27,1992,4.7,0,7,1,14.3,1.50,0.21,0.00,0.00,21.4,0,0,1,1.3,0.5,0.08,-1.3,-0.5,Matches
437,Yann Sommer\Yann-Sommer,ch SUI,GK,M'Gladbach,31,1988,30.1,0,0,0,,0.00,0.00,,,,0,0,0,0.0,0.0,,0.0,0.0,Matches
438,Borna Sosa\Borna-Sosa,hr CRO,DF,Stuttgart,22,1998,22.7,0,14,3,21.4,0.62,0.13,0.00,0.00,21.7,2,0,0,0.6,0.6,0.04,-0.6,-0.6,Matches
439,Cebio Soukou\Cebio-Soukou,bj BEN,FWMF,Arminia,27,1992,5.1,1,9,1,11.1,1.77,0.20,0.11,1.00,19.9,0,0,0,0.8,0.8,0.08,+0.2,+0.2,Matches
440,Djibril Sow\Djibril-Sow,ch SUI,MF,Eint Frankfurt,23,1997,24.2,0,11,3,27.3,0.46,0.12,0.00,0.00,21.4,0,0,0,0.6,0.6,0.05,-0.6,-0.6,Matches
441,Jerry St. Juste\Jerry-St-Juste,nl NED,DF,Mainz 05,23,1996,32.0,0,22,4,18.2,0.69,0.12,0.00,0.00,16.3,4,0,0,2.0,2.0,0.09,-2.0,-2.0,Matches
442,Benjamin Stambouli\Benjamin-Stambouli,fr FRA,MFDF,Schalke 04,29,1990,21.7,0,2,1,50.0,0.09,0.05,0.00,0.00,20.8,0,0,0,0.1,0.1,0.04,-0.1,-0.1,Matches
443,Josip Stanišić\Josip-Stanisic,de GER,DF,Bayern Munich,20,2000,1.0,0,2,0,0.0,2.00,0.00,0.00,,7.1,0,0,0,0.2,0.2,0.08,-0.2,-0.2,Matches
444,Niklas Stark\Niklas-Stark,de GER,DFMF,Hertha BSC,25,1995,31.0,0,11,3,27.3,0.35,0.10,0.00,0.00,9.8,0,0,0,0.9,0.9,0.09,-0.9,-0.9,Matches
445,Renato Steffen\Renato-Steffen,ch SUI,FWMF,Wolfsburg,28,1991,17.4,5,30,14,46.7,1.72,0.80,0.17,0.36,14.6,0,0,0,4.3,4.3,0.14,+0.7,+0.7,Matches
446,Pascal Stenzel\Pascal-Stenzel,de GER,DF,Stuttgart,24,1996,14.2,0,5,1,20.0,0.35,0.07,0.00,0.00,22.7,0,0,0,0.1,0.1,0.03,-0.1,-0.1,Matches
447,Lars Stindl\Lars-Stindl,de GER,MFFW,M'Gladbach,31,1988,21.8,14,49,22,44.9,2.25,1.01,0.16,0.36,19.8,6,6,7,10.0,4.7,0.10,+4.0,+3.3,Matches
448,Kevin Stöger\Kevin-Stoger,at AUT,MFFW,Mainz 05,26,1993,6.0,3,9,4,44.4,1.51,0.67,0.33,0.75,15.1,0,0,0,1.6,1.6,0.18,+1.4,+1.4,Matches
449,Tobias Strobl\Tobias-Strobl,de GER,MF,Augsburg,30,1990,20.5,0,6,1,16.7,0.29,0.05,0.00,0.00,17.1,0,0,0,0.5,0.5,0.09,-0.5,-0.5,Matches
450,Marek Suchý\Marek-Suchy,cz CZE,DF,Augsburg,32,1988,3.4,0,0,0,,0.00,0.00,,,,0,0,0,0.0,0.0,,0.0,0.0,Matches
451,Niklas Süle\Niklas-Sule,de GER,DF,Bayern Munich,24,1995,16.7,1,20,4,20.0,1.20,0.24,0.05,0.25,17.4,0,0,0,1.1,1.1,0.06,-0.1,-0.1,Matches
452,Ádám Szalai\Adam-Szalai,hu HUN,FW,Mainz 05,32,1987,8.1,1,15,6,40.0,1.84,0.74,0.07,0.17,14.1,0,0,0,2.2,2.2,0.14,-1.2,-1.2,Matches
453,Frederik Sørensen\Frederik-Sorensen,dk DEN,DF,Köln,28,1992,1.1,0,0,0,,0.00,0.00,,,,0,0,0,0.0,0.0,,0.0,0.0,Matches
454,Alexander Sørloth\Alexander-Sorloth,no NOR,FW,RB Leipzig,24,1995,16.0,5,48,17,35.4,2.99,1.06,0.10,0.29,11.7,0,0,1,6.4,5.7,0.12,-1.4,-0.7,Matches
455,Jonathan Tah\Jonathan-Tah,de GER,DF,Leverkusen,24,1996,24.7,1,10,2,20.0,0.41,0.08,0.10,0.50,9.7,0,0,0,0.8,0.8,0.08,+0.2,+0.2,Matches
456,Edmond Tapsoba\Edmond-Tapsoba,bf BFA,DF,Leverkusen,21,1999,29.5,1,17,5,29.4,0.58,0.17,0.06,0.20,13.0,0,0,0,1.1,1.1,0.06,-0.1,-0.1,Matches
457,Niklas Tauer\Niklas-Tauer,de GER,MFDF,Mainz 05,19,2001,0.8,0,0,0,,0.00,0.00,,,,0,0,0,0.0,0.0,,0.0,0.0,Matches
458,Lino Tempelmann\Lino-Tempelmann,de GER,MFDF,Freiburg,21,1999,3.0,0,4,0,0.0,1.33,0.00,0.00,,21.0,0,0,0,0.2,0.2,0.04,-0.2,-0.2,Matches
459,Cedric Teuchert\Cedric-Teuchert,de GER,FWMF,Union Berlin,23,1997,8.4,3,23,10,43.5,2.75,1.19,0.13,0.30,16.3,0,0,0,3.3,3.3,0.14,-0.3,-0.3,Matches
460,Malick Thiaw\Malick-Thiaw,de GER,DF,Schalke 04,18,2001,16.1,1,8,4,50.0,0.50,0.25,0.13,0.25,8.8,0,0,0,0.5,0.5,0.06,+0.5,+0.5,Matches
461,Jan Thielmann\Jan-Thielmann,de GER,FWMF,Köln,18,2002,11.4,2,11,4,36.4,0.96,0.35,0.18,0.50,17.8,0,0,0,1.1,1.1,0.10,+0.9,+0.9,Matches
462,Erik Thommy\Erik-Thommy,de GER,DFFW,Stuttgart,25,1994,3.5,0,10,1,10.0,2.88,0.29,0.00,0.00,20.9,2,0,0,0.5,0.5,0.05,-0.5,-0.5,Matches
463,Marcus Thuram\Marcus-Thuram,fr FRA,FW,M'Gladbach,22,1997,19.2,8,59,20,33.9,3.07,1.04,0.14,0.40,13.0,0,0,0,7.8,7.8,0.13,+0.2,+0.2,Matches
464,Steffen Tigges\Steffen-Tigges,de GER,FW,Dortmund,22,1998,0.6,0,4,1,25.0,6.43,1.61,0.00,0.00,23.6,0,0,0,0.2,0.2,0.04,-0.2,-0.2,Matches
465,Guus Til\Guus-Til,nl NED,FW,Freiburg,22,1997,1.4,0,2,1,50.0,1.44,0.72,0.00,0.00,10.9,0,0,0,0.3,0.3,0.16,-0.3,-0.3,Matches
466,Corentin Tolisso\Corentin-Tolisso,fr FRA,MF,Bayern Munich,25,1994,8.7,1,12,7,58.3,1.38,0.81,0.08,0.14,13.4,0,0,0,2.3,2.3,0.19,-1.3,-1.3,Matches
467,Ömer Toprak\Omer-Toprak,tr TUR,DF,Werder Bremen,31,1989,21.6,2,11,5,45.5,0.51,0.23,0.18,0.40,11.2,0,0,0,0.9,0.9,0.08,+1.1,+1.1,Matches
468,Jordan Torunarigha\Jordan-Torunarigha,de GER,DF,Hertha BSC,22,1997,10.8,0,4,1,25.0,0.37,0.09,0.00,0.00,15.4,0,0,0,0.1,0.1,0.03,-0.1,-0.1,Matches
469,Almamy Touré\Almamy-Toure,ml MLI,DF,Eint Frankfurt,24,1996,7.8,1,13,4,30.8,1.66,0.51,0.08,0.25,13.8,0,0,0,1.1,1.1,0.09,-0.1,-0.1,Matches
470,Lucas Tousart\Lucas-Tousart,fr FRA,MF,Hertha BSC,23,1997,23.2,1,30,6,20.0,1.29,0.26,0.03,0.17,20.1,0,0,0,1.5,1.5,0.05,-0.5,-0.5,Matches
471,Ibrahima Traoré\Ibrahima-Traore,gn GUI,FWDF,M'Gladbach,32,1988,1.1,0,0,0,,0.00,0.00,,,,0,0,0,0.0,0.0,,0.0,0.0,Matches
472,Kevin Trapp\Kevin-Trapp,de GER,GK,Eint Frankfurt,30,1990,33.0,0,0,0,,0.00,0.00,,,,0,0,0,0.0,0.0,,0.0,0.0,Matches
473,Christopher Trimmel\Christopher-Trimmel,at AUT,DF,Union Berlin,33,1987,28.6,1,9,3,33.3,0.31,0.10,0.11,0.33,24.0,0,0,0,0.3,0.3,0.03,+0.7,+0.7,Matches
474,Tuta\Tuta,br BRA,DF,Eint Frankfurt,21,1999,16.2,0,4,0,0.0,0.25,0.00,0.00,,13.6,0,0,0,0.1,0.1,0.04,-0.1,-0.1,Matches
475,Dayot Upamecano\Dayot-Upamecano,fr FRA,DF,RB Leipzig,21,1998,25.9,1,12,6,50.0,0.46,0.23,0.08,0.17,13.2,0,0,0,1.0,1.0,0.08,0.0,0.0,Matches
476,Mark Uth\Mark-Uth,de GER,FWMF,Schalke 04,28,1991,16.6,3,35,10,28.6,2.11,0.60,0.09,0.30,19.4,4,0,0,2.8,2.8,0.08,+0.2,+0.2,Matches
477,Ruben Vargas\Ruben-Vargas,ch SUI,MFFW,Augsburg,21,1998,17.9,6,38,13,34.2,2.12,0.73,0.16,0.46,15.5,1,0,0,3.8,3.8,0.10,+2.2,+2.2,Matches
478,Miloš Veljković\Milos-Veljkovic,rs SRB,DF,Werder Bremen,24,1995,19.1,0,4,1,25.0,0.21,0.05,0.00,0.00,10.4,0,0,0,0.5,0.5,0.13,-0.5,-0.5,Matches
479,Michel Vlap\Michel-Vlap,nl NED,MFFW,Arminia,23,1997,4.1,1,3,2,66.7,0.73,0.49,0.33,0.50,29.3,0,0,0,0.3,0.3,0.11,+0.7,+0.7,Matches
480,Andreas Voglsammer\Andreas-Voglsammer,de GER,FWMF,Arminia,28,1992,11.1,2,33,12,36.4,2.97,1.08,0.06,0.17,15.4,3,0,0,3.5,3.5,0.11,-1.5,-1.5,Matches
481,Kevin Vogt\Kevin-Vogt,de GER,DF,Hoffenheim,28,1991,20.5,0,1,0,0.0,0.05,0.00,0.00,,31.0,0,0,0,0.0,0.0,0.01,0.0,0.0,Matches
482,Silas Wamangituka\Silas-Wamangituka,cd COD,DFFW,Stuttgart,20,1999,21.3,11,40,15,37.5,1.88,0.70,0.20,0.53,15.9,0,3,3,7.3,5.1,0.13,+3.7,+2.9,Matches
483,Wout Weghorst\Wout-Weghorst,nl NED,FW,Wolfsburg,27,1992,32.7,20,92,43,46.7,2.82,1.32,0.20,0.42,12.8,0,2,3,17.9,15.8,0.17,+2.1,+2.2,Matches
484,Mitchell Weiser\Mitchell-Weiser,de GER,DF,Leverkusen,26,1994,2.5,1,2,2,100.0,0.80,0.80,0.50,0.50,15.6,0,0,0,0.1,0.1,0.03,+0.9,+0.9,Matches
485,Wendell\Wendell,br BRA,DF,Leverkusen,27,1993,16.2,0,7,2,28.6,0.43,0.12,0.00,0.00,19.2,0,0,0,0.6,0.6,0.08,-0.6,-0.6,Matches
486,Oscar Wendt\Oscar-Wendt,se SWE,DF,M'Gladbach,34,1985,13.9,1,7,1,14.3,0.50,0.07,0.14,1.00,17.7,2,0,0,1.0,1.0,0.14,0.0,0.0,Matches
487,William\William,br BRA,FW,Wolfsburg,25,1995,0.0,0,0,0,,0.00,0.00,,,,0,0,0,0.0,0.0,,0.0,0.0,Matches
488,William\William,br BRA,DFFW,Schalke 04,25,1995,5.3,0,5,1,20.0,0.95,0.19,0.00,0.00,20.6,0,0,0,0.3,0.3,0.05,-0.3,-0.3,Matches
489,Marten Winkler\Marten-Winkler,de GER,FW,Hertha BSC,17,2002,0.0,0,0,0,,0.00,0.00,,,,0,0,0,0.0,0.0,,0.0,0.0,Matches
490,Florian Wirtz\Florian-Wirtz,de GER,MF,Leverkusen,17,2003,24.7,5,31,14,45.2,1.25,0.57,0.16,0.36,16.8,0,0,0,4.4,4.4,0.14,+0.6,+0.6,Matches
491,Axel Witsel\Axel-Witsel,be BEL,MF,Dortmund,31,1989,12.6,0,12,2,16.7,0.96,0.16,0.00,0.00,19.8,0,0,0,1.0,1.0,0.08,-1.0,-1.0,Matches
492,Hannes Wolf\Hannes-Wolf,at AUT,MFFW,M'Gladbach,21,1999,15.3,3,16,7,43.8,1.04,0.46,0.19,0.43,14.6,0,0,0,2.0,2.0,0.12,+1.0,+1.0,Matches
493,Marius Wolf\Marius-Wolf,de GER,DFMF,Köln,25,1995,28.3,2,42,11,26.2,1.48,0.39,0.05,0.18,15.8,0,0,0,3.5,3.5,0.08,-1.5,-1.5,Matches
494,Nick Woltemade\Nick-Woltemade,de GER,MFFW,Werder Bremen,18,2002,1.6,0,5,3,60.0,3.06,1.84,0.00,0.00,18.5,0,0,0,0.6,0.6,0.12,-0.6,-0.6,Matches
495,Jeong Woo-yeong\Jeong-Woo-yeong,kr KOR,FWMF,Freiburg,20,1999,9.1,4,13,6,46.2,1.42,0.66,0.31,0.67,17.1,0,0,0,1.7,1.7,0.13,+2.3,+2.3,Matches
496,Joscha Wosz\Joscha-Wosz,de GER,DFFW,RB Leipzig,18,2002,0.4,0,0,0,,0.00,0.00,,,,0,0,0,0.0,0.0,,0.0,0.0,Matches
497,Reinhold Yabo\Reinhold-Yabo,de GER,MFFW,Arminia,28,1992,7.2,1,8,1,12.5,1.11,0.14,0.13,1.00,18.5,0,0,0,0.6,0.6,0.08,+0.4,+0.4,Matches
498,Amin Younes\Amin-Younes,de GER,MFFW,Eint Frankfurt,26,1993,15.5,3,33,13,39.4,2.14,0.84,0.09,0.23,18.0,0,0,0,3.4,3.4,0.10,-0.4,-0.4,Matches
499,Dan-Axel Zagadou\Dan-Axel-Zagadou,fr FRA,DF,Dortmund,21,1999,3.1,0,1,1,100.0,0.33,0.33,0.00,0.00,10.0,0,0,0,0.0,0.0,0.04,0.0,0.0,Matches
500,Denis Zakaria\Denis-Zakaria,ch SUI,MFDF,M'Gladbach,23,1996,15.8,1,11,2,18.2,0.70,0.13,0.09,0.50,19.2,0,0,0,1.3,1.3,0.12,-0.3,-0.3,Matches
501,Deyovaisio Zeefuik\Deyovaisio-Zeefuik,nl NED,DFMF,Hertha BSC,22,1998,10.1,1,2,2,100.0,0.20,0.20,0.50,0.50,15.6,0,0,0,0.0,0.0,0.02,+1.0,+1.0,Matches
502,Robin Zentner\Robin-Zentner,de GER,GK,Mainz 05,25,1994,31.0,0,2,0,0.0,0.06,0.00,0.00,,20.1,0,0,0,0.1,0.1,0.04,-0.1,-0.1,Matches
503,Ron-Robert Zieler\Ron-Robert-Zieler,de GER,GK,Köln,31,1989,0.6,0,0,0,,0.00,0.00,,,,0,0,0,0.0,0.0,,0.0,0.0,Matches
504,Joshua Zirkzee\Joshua-Zirkzee,nl NED,FW,Bayern Munich,19,2001,1.0,0,4,1,25.0,3.91,0.98,0.00,0.00,11.9,0,0,0,0.4,0.4,0.09,-0.4,-0.4,Matches
505,Steven Zuber\Steven-Zuber,ch SUI,DFMF,Eint Frankfurt,28,1991,6.5,0,10,2,20.0,1.54,0.31,0.00,0.00,18.2,0,0,0,0.8,0.8,0.08,-0.8,-0.8,Matches